Accession	GO_F_term
UniRef90_UniRef90_A1Z913	None
UniRef90_UniRef90_A8DYZ8	None
UniRef90_UniRef90_C3KGP3	None
UniRef90_UniRef90_Q9VRF3	None
UniRef90_UniRef90_Q8T0F3	None
UniRef90_UniRef90_Q7KSD8	None
UniRef90_UniRef90_Q9VY20	None
UniRef90_UniRef90_D6W4T7	None
UniRef90_UniRef90_A0A0B4KGP1	None
UniRef90_UniRef90_Q9VI63	None
UniRef90_UniRef90_C7LAA7	None
UniRef90_UniRef90_Q95TS1	None
UniRef90_UniRef90_Q7YTZ6	None
UniRef90_UniRef90_Q7KTF6	None
UniRef90_UniRef90_Q9W3M7	None
UniRef90_UniRef90_Q9VUH9	None
UniRef90_UniRef90_Q9W1T1	None
UniRef90_UniRef90_M9PC90	None
UniRef90_UniRef90_Q9VPS3	None
UniRef90_UniRef90_A8JUV0	None
UniRef90_UniRef90_Q9V453	None
UniRef90_UniRef90_H9BVD3	None
UniRef90_UniRef90_Q8SWV9	None
UniRef90_UniRef90_Q8MR94	None
UniRef90_UniRef90_D2NUG4	None
UniRef90_UniRef90_A1ZBL7	None
UniRef90_UniRef90_Q963E5	None
UniRef90_UniRef90_Q86NR6	None
UniRef90_UniRef90_P24014-2	None
UniRef90_UniRef90_E1NZA8	None
UniRef90_UniRef90_M9PFZ1	None
UniRef90_UniRef90_Q9VNX6	None
UniRef90_UniRef90_M9MRQ6	None
UniRef90_UniRef90_Q9VT91	None
UniRef90_UniRef90_Q9VMJ4	None
UniRef90_UniRef90_X2JCQ1	None
UniRef90_UniRef90_X2JGF9	None
UniRef90_UniRef90_I7BCJ6	None
UniRef90_UniRef90_O16011	None
UniRef90_UniRef90_A0A0B4K782	None
UniRef90_UniRef90_N0A2M8	None
UniRef90_UniRef90_Q9W5B3	None
UniRef90_UniRef90_Q9VAR1	None
UniRef90_UniRef90_H1UUP7	None
UniRef90_UniRef90_Q9U9Q7	None
UniRef90_UniRef90_Q9VPR2	None
UniRef90_UniRef90_Q1RKY8	None
UniRef90_UniRef90_A0A0B4KH81	None
UniRef90_UniRef90_A0A0B4K6J1	None
UniRef90_UniRef90_Q59DN7	None
UniRef90_UniRef90_Q1EBY5	None
UniRef90_UniRef90_C6TP61	None
UniRef90_UniRef90_M9PEI1	None
UniRef90_UniRef90_M9PB32	None
UniRef90_UniRef90_M9PCJ8	None
UniRef90_UniRef90_M9PC41	None
UniRef90_UniRef90_M9PC48	None
UniRef90_UniRef90_M9NCR4	None
UniRef90_UniRef90_M9PEI7	None
UniRef90_UniRef90_M9PBZ4	None
UniRef90_UniRef90_M9PB30	None
UniRef90_UniRef90_M9NER8	None
UniRef90_UniRef90_M9PEH5	None
UniRef90_UniRef90_M9PC45	None
UniRef90_UniRef90_M9PEF9	None
UniRef90_UniRef90_M9PH06	None
UniRef90_UniRef90_B6IDN4	None
UniRef90_UniRef90_P18431	None
UniRef90_UniRef90_M9PGC4	None
UniRef90_UniRef90_A8JUV9	None
UniRef90_UniRef90_C0PUX5	None
UniRef90_UniRef90_Q9W532	None
UniRef90_UniRef90_Q86LE9	None
UniRef90_UniRef90_Q9U9P6	None
UniRef90_UniRef90_D3DMX6	None
UniRef90_UniRef90_B9EQU6	None
UniRef90_UniRef90_Q4V3Y2	None
UniRef90_UniRef90_Q6NQY2	None
UniRef90_UniRef90_A2VEP1	None
UniRef90_UniRef90_Q5U114	None
UniRef90_UniRef90_Q29QX9	None
UniRef90_UniRef90_Q99140	None
UniRef90_UniRef90_Q4V551	None
UniRef90_UniRef90_M9PCR4	None
UniRef90_UniRef90_A0A023GPM5	None
UniRef90_UniRef90_Q961E0	None
UniRef90_UniRef90_I0E2I4	None
UniRef90_UniRef90_A2RVH5	None
UniRef90_UniRef90_O96051	None
UniRef90_UniRef90_Q9VYK5	None
UniRef90_UniRef90_Q9VGX9	None
UniRef90_UniRef90_Q26293	None
UniRef90_UniRef90_Q8MS11	None
UniRef90_UniRef90_Q8IGE9	None
UniRef90_UniRef90_Q6J5K9	None
UniRef90_UniRef90_L0CPM5	None
UniRef90_UniRef90_C6SV30	None
UniRef90_UniRef90_Q8IN48	None
UniRef90_UniRef90_M9PE98	None
UniRef90_UniRef90_Q8IQ62	None
UniRef90_UniRef90_A8JNL5	None
UniRef90_UniRef90_M9PBR2	None
UniRef90_UniRef90_A0A0B4LHF0	None
UniRef90_UniRef90_Q0IGR1	None
UniRef90_UniRef90_Q4V5D7	None
UniRef90_UniRef90_Q8IMC5	None
UniRef90_UniRef90_L0MLK2	None
UniRef90_UniRef90_Q9V4D6	None
UniRef90_UniRef90_Q6GKZ1	None
UniRef90_UniRef90_Q8IGW6	None
UniRef90_UniRef90_Q9VA50	None
UniRef90_UniRef90_M9PJN2	None
UniRef90_UniRef90_Q4V5B3	None
UniRef90_UniRef90_Q8IH01	None
UniRef90_UniRef90_Q7KS14	None
UniRef90_UniRef90_Q9W3H8	None
UniRef90_UniRef90_E2QD98	None
UniRef90_UniRef90_M9PJD0	None
UniRef90_UniRef90_M9NEZ2	None
UniRef90_UniRef90_Q6NP43	None
UniRef90_UniRef90_A8JNM6	None
UniRef90_UniRef90_M9MRS5	None
UniRef90_UniRef90_M9MRX4	None
UniRef90_UniRef90_Q8IM86	None
UniRef90_UniRef90_Q8T049	None
UniRef90_UniRef90_O96960	None
UniRef90_UniRef90_M9WKL1	None
UniRef90_UniRef90_L7S4V9	None
UniRef90_UniRef90_M9PD86	None
UniRef90_UniRef90_Q4QQC5	None
UniRef90_UniRef90_Q9GPN7	None
UniRef90_UniRef90_Q9VUC3	None
UniRef90_UniRef90_D2NUJ4	None
UniRef90_UniRef90_Q6GKZ3	None
UniRef90_UniRef90_Q8IPR0	None
UniRef90_UniRef90_A0A1B1R4Q4	None
UniRef90_UniRef90_Q8MSP1	None
UniRef90_UniRef90_A0A1B1R4Q5	None
UniRef90_UniRef90_A0A0B4K657	None
UniRef90_UniRef90_B7Z0K1	None
UniRef90_UniRef90_Q9VG21	None
UniRef90_UniRef90_Q9VYU0	None
UniRef90_UniRef90_O18475	None
UniRef90_UniRef90_F2FB80	None
UniRef90_UniRef90_Q9VYT3	None
UniRef90_UniRef90_Q7KSB3	None
UniRef90_UniRef90_C0PTW5	None
UniRef90_UniRef90_Q7KJ62	None
UniRef90_UniRef90_B9EQV1	None
UniRef90_UniRef90_Q8T994	None
UniRef90_UniRef90_Q86M55	None
UniRef90_UniRef90_Q94919	None
UniRef90_UniRef90_Q8SYC8	None
UniRef90_UniRef90_O76889	None
UniRef90_UniRef90_Q8T9K2	None
UniRef90_UniRef90_Q8I0A1	None
UniRef90_UniRef90_Q8INK7	None
UniRef90_UniRef90_Q0E8N6	None
UniRef90_UniRef90_A0A0B4LGG8	None
UniRef90_UniRef90_Q9U462	None
UniRef90_UniRef90_C6SV38	None
UniRef90_UniRef90_Q7KU81	None
UniRef90_UniRef90_A0A0B4K6W9	None
UniRef90_UniRef90_F0JAK5	None
UniRef90_UniRef90_Q86PA4	None
UniRef90_UniRef90_A0A0B4KEG4	None
UniRef90_UniRef90_Q24021	None
UniRef90_UniRef90_Q9VAW5	None
UniRef90_UniRef90_Q8IR39	None
UniRef90_UniRef90_P30189	None
UniRef90_UniRef90_Q8IGY7	None
UniRef90_UniRef90_Q9W4D2	None
UniRef90_UniRef90_A0APD3	None
UniRef90_UniRef90_Q8MS20	None
UniRef90_UniRef90_Q24113	None
UniRef90_UniRef90_Q8IMG3	None
UniRef90_UniRef90_Q9W1W2	None
UniRef90_UniRef90_Q7K1P7	None
UniRef90_UniRef90_Q95TD2	None
UniRef90_UniRef90_Q95RW8-2	None
UniRef90_UniRef90_Q5U0Y6	None
UniRef90_UniRef90_Q7JZD3	None
UniRef90_UniRef90_Q8IQA0	None
UniRef90_UniRef90_E1NZC8	None
UniRef90_UniRef90_M9PGK6	None
UniRef90_UniRef90_Q9VF55	None
UniRef90_UniRef90_B6UVX6	None
UniRef90_UniRef90_B6UVX7	None
UniRef90_UniRef90_B6UVY2	None
UniRef90_UniRef90_Q6IHB1	None
UniRef90_UniRef90_A0A0B4K6Z0	None
UniRef90_UniRef90_Q8T9D6	None
UniRef90_UniRef90_M9PGI0	None
UniRef90_UniRef90_Q5U0W0	None
UniRef90_UniRef90_B7Z0S3	None
UniRef90_UniRef90_Q8SZ20	None
UniRef90_UniRef90_M9PH78	None
UniRef90_UniRef90_Q32KE5	None
UniRef90_UniRef90_Q86NW6	None
UniRef90_UniRef90_C7LAH7	None
UniRef90_UniRef90_C3KGP2	None
UniRef90_UniRef90_A0A0B4KG14	None
UniRef90_UniRef90_A1ZA72	None
UniRef90_UniRef90_Q9VQG6	None
UniRef90_UniRef90_Q9VYA7	None
UniRef90_UniRef90_Q8MSW1	None
UniRef90_UniRef90_Q7KUW4	None
UniRef90_UniRef90_Q9VTL0	None
UniRef90_UniRef90_E5KYP7	None
UniRef90_UniRef90_Q9VZW3	None
UniRef90_UniRef90_Q8SX50	None
UniRef90_UniRef90_E1NZB5	None
UniRef90_UniRef90_Q8MSG7	None
UniRef90_UniRef90_Q9VHB0	None
UniRef90_UniRef90_A1Z9G9	None
UniRef90_UniRef90_Q6NLN4	None
UniRef90_UniRef90_Q9W1T9	None
UniRef90_UniRef90_Q9VQD1	None
UniRef90_UniRef90_Q7KMH9	None
UniRef90_UniRef90_A0A0B4LFX8	None
UniRef90_UniRef90_Q9N6D8	None
UniRef90_UniRef90_A0A0B4K7P1	None
UniRef90_UniRef90_Q9VJ85	None
UniRef90_UniRef90_Q3KN36	None
UniRef90_UniRef90_Q8IP63	None
UniRef90_UniRef90_Q9VXU3	None
UniRef90_UniRef90_Q6AWS2	None
UniRef90_UniRef90_Q8MRJ8	None
UniRef90_UniRef90_Q4V607	None
UniRef90_UniRef90_Q8T386	None
UniRef90_UniRef90_Q8SWU0	None
UniRef90_UniRef90_Q8T3L0	None
UniRef90_UniRef90_Q59E36	None
UniRef90_UniRef90_C7LAG1	None
UniRef90_UniRef90_Q2L385	None
UniRef90_UniRef90_Q9XZ06	None
UniRef90_UniRef90_Q9VG72	None
UniRef90_UniRef90_Q9VCX7	None
UniRef90_UniRef90_Q95RG0	None
UniRef90_UniRef90_A8E700	None
UniRef90_UniRef90_Q4V5Z5	None
UniRef90_UniRef90_Q4V5C1	None
UniRef90_UniRef90_Q960L4	None
UniRef90_UniRef90_L0MPZ1	None
UniRef90_UniRef90_Q9NHX0	None
UniRef90_UniRef90_Q9XYZ6	None
UniRef90_UniRef90_Q8MRC3	None
UniRef90_UniRef90_Q494J4	None
UniRef90_UniRef90_Q8IGJ3	None
UniRef90_UniRef90_Q4V5R3	None
UniRef90_UniRef90_Q4V4W5	None
UniRef90_UniRef90_Q9VDP7	None
UniRef90_UniRef90_D4G7B7	None
UniRef90_UniRef90_Q86P89	None
UniRef90_UniRef90_Q8SX63	None
UniRef90_UniRef90_A0A0B4K698	None
UniRef90_UniRef90_Q86NW8	None
UniRef90_UniRef90_Q7YTZ9	None
UniRef90_UniRef90_H5V8G4	None
UniRef90_UniRef90_Q8IME7	None
UniRef90_UniRef90_Q5BIL6	None
UniRef90_UniRef90_D0IQM6	None
UniRef90_UniRef90_Q8MSW6	None
UniRef90_UniRef90_D3PFE9	None
UniRef90_UniRef90_E1JIE7	None
UniRef90_UniRef90_Q7PL81	None
UniRef90_UniRef90_A1ZAB1	None
UniRef90_UniRef90_C4IXX4	None
UniRef90_UniRef90_Q9VVH7	None
UniRef90_UniRef90_C4JC89	None
UniRef90_UniRef90_Q8SWX7	None
UniRef90_UniRef90_A8JV07	None
UniRef90_UniRef90_B6IDU8	None
UniRef90_UniRef90_M9PBZ3	None
UniRef90_UniRef90_Q8MQK8	None
UniRef90_UniRef90_Q8T915	None
UniRef90_UniRef90_Q6NN53	None
UniRef90_UniRef90_M9PCT7	None
UniRef90_UniRef90_X2J847	None
UniRef90_UniRef90_D3DMF3	None
UniRef90_UniRef90_H5V867	None
UniRef90_UniRef90_Q9W1U4	None
UniRef90_UniRef90_Q9VXF6	None
UniRef90_UniRef90_Q9I7S9	None
UniRef90_UniRef90_Q24097	None
UniRef90_UniRef90_Q9W3Y1	None
UniRef90_UniRef90_Q8T0Q5	None
UniRef90_UniRef90_Q8T4C8	None
UniRef90_UniRef90_Q1WWG5	None
UniRef90_UniRef90_Q8SY98	None
UniRef90_UniRef90_M9NCY1	None
UniRef90_UniRef90_B5X0M8	None
UniRef90_UniRef90_A0AVV0	None
UniRef90_UniRef90_Q6AWP2	None
UniRef90_UniRef90_Q9VXU6	None
UniRef90_UniRef90_Q8MRH0	None
UniRef90_UniRef90_Q8IQH8	None
UniRef90_UniRef90_Q9VWK5	None
UniRef90_UniRef90_Q95TH9	None
UniRef90_UniRef90_Q8SXR2	None
UniRef90_UniRef90_Q8MT47	None
UniRef90_UniRef90_F3YD83	None
UniRef90_UniRef90_Q8SX38	None
UniRef90_UniRef90_Q6NP58	None
UniRef90_UniRef90_Q8MQN0	None
UniRef90_UniRef90_Q8MRI1	None
UniRef90_UniRef90_Q8IR22	None
UniRef90_UniRef90_Q6NNZ9	None
UniRef90_UniRef90_H5V8A9	None
UniRef90_UniRef90_Q9VR20	None
UniRef90_UniRef90_Q86PC0	None
UniRef90_UniRef90_Q6IIA4	None
UniRef90_UniRef90_B3DMY8	None
UniRef90_UniRef90_Q4V713	None
UniRef90_UniRef90_Q9VL33	None
UniRef90_UniRef90_Q5BI37	None
UniRef90_UniRef90_P91639	None
UniRef90_UniRef90_Q9VXJ5	None
UniRef90_UniRef90_A0A0B4KFM9	None
UniRef90_UniRef90_Q9VKI0	None
UniRef90_UniRef90_M9PD87	None
UniRef90_UniRef90_Q8IMT8	None
UniRef90_UniRef90_Q9W124	None
UniRef90_UniRef90_Q9VQF5	None
UniRef90_UniRef90_Q8MYS0	None
UniRef90_UniRef90_Q95R90	None
UniRef90_UniRef90_C6TP13	None
UniRef90_UniRef90_A0A0B4LFT7	None
UniRef90_UniRef90_O96936	None
UniRef90_UniRef90_Q8MRJ5	None
UniRef90_UniRef90_M9PGZ8	None
UniRef90_UniRef90_Q8T3Y1	None
UniRef90_UniRef90_Q4V5E1	None
UniRef90_UniRef90_A0A0B4K6Z1	None
UniRef90_UniRef90_Q8SY24	None
UniRef90_UniRef90_Q5BI95	None
UniRef90_UniRef90_Q32KC4	None
UniRef90_UniRef90_Q9NK54	None
UniRef90_UniRef90_Q9GV81	None
UniRef90_UniRef90_Q8SXI2	None
UniRef90_UniRef90_Q8WSS9	None
UniRef90_UniRef90_Q8MR41	None
UniRef90_UniRef90_M9PDM9	None
UniRef90_UniRef90_Q9V3C4	None
UniRef90_UniRef90_O44433	None
UniRef90_UniRef90_Q9W240	None
UniRef90_UniRef90_O44432	None
UniRef90_UniRef90_Q9W2D0	None
UniRef90_UniRef90_Q8T0G0	None
UniRef90_UniRef90_M9NHB6	None
UniRef90_UniRef90_Q8MRH4	None
UniRef90_UniRef90_M9PI11	None
UniRef90_UniRef90_A0A0B4KFH1	None
UniRef90_UniRef90_A0A0K0K280	None
UniRef90_UniRef90_Q8MYU8	None
UniRef90_UniRef90_A8QI32	None
UniRef90_UniRef90_Q8IRM9	None
UniRef90_UniRef90_X2JBG9	None
UniRef90_UniRef90_Q6NNT9	None
UniRef90_UniRef90_D2NUH0	None
UniRef90_UniRef90_Q8T4A9	None
UniRef90_UniRef90_Q8T3N8	None
UniRef90_UniRef90_J7JVR0	None
UniRef90_UniRef90_C9QPB4	None
UniRef90_UniRef90_O96829	None
UniRef90_UniRef90_Q1EBX5	None
UniRef90_UniRef90_Q7YZ98	None
UniRef90_UniRef90_C6TP90	None
UniRef90_UniRef90_Q95R46	None
UniRef90_UniRef90_A8ILB3	None
UniRef90_UniRef90_A8ILB0	None
UniRef90_UniRef90_E1JH68	None
UniRef90_UniRef90_B1PF99	None
UniRef90_UniRef90_Q9VUQ1	None
UniRef90_UniRef90_Q95TC1	None
UniRef90_UniRef90_A8VER9	None
UniRef90_UniRef90_Q8T464	None
UniRef90_UniRef90_E0R984	None
UniRef90_UniRef90_Q8MZ73	None
UniRef90_UniRef90_Q9VHG0	None
UniRef90_UniRef90_Q9VR09	None
UniRef90_UniRef90_Q9VGW4	None
UniRef90_UniRef90_Q9U1J1	None
UniRef90_UniRef90_B6IDT3	None
UniRef90_UniRef90_D2NUK3	None
UniRef90_UniRef90_Q9VUN2	None
UniRef90_UniRef90_Q8IG94	None
UniRef90_UniRef90_C4IXY5	None
UniRef90_UniRef90_Q1WWG8	None
UniRef90_UniRef90_Q9VQ00	None
UniRef90_UniRef90_Q8MSI9	None
UniRef90_UniRef90_Q8IH32	None
UniRef90_UniRef90_Q8SX17	None
UniRef90_UniRef90_D5AEN4	None
UniRef90_UniRef90_B5RJS5	None
UniRef90_UniRef90_Q6NNW4	None
UniRef90_UniRef90_Q8T9G1	None
UniRef90_UniRef90_Q7YZ95	None
UniRef90_UniRef90_Q8IN90	None
UniRef90_UniRef90_E0R910	None
UniRef90_UniRef90_Q8IRJ5	None
UniRef90_UniRef90_C3KKB9	None
UniRef90_UniRef90_M9NE98	None
UniRef90_UniRef90_Q24318	None
UniRef90_UniRef90_M9MS86	None
UniRef90_UniRef90_O76894	None
UniRef90_UniRef90_Q29QG9	None
UniRef90_UniRef90_Q29QH5	None
UniRef90_UniRef90_F6J3W1	None
UniRef90_UniRef90_Q868Z9-5	None
UniRef90_UniRef90_Q9XYX1	None
UniRef90_UniRef90_O77435	None
UniRef90_UniRef90_Q00G33	None
UniRef90_UniRef90_A0A0B4LEY5	None
UniRef90_UniRef90_A0A0B4LEI8	None
UniRef90_UniRef90_Q8T9H1	None
UniRef90_UniRef90_C9QP83	None
UniRef90_UniRef90_Q7K2V1	None
UniRef90_UniRef90_Q7K7E6	None
UniRef90_UniRef90_E1JIP0	None
UniRef90_UniRef90_Q8MQX9	None
UniRef90_UniRef90_X2JF83	None
UniRef90_UniRef90_X2JDY2	None
UniRef90_UniRef90_E0R7R0	None
UniRef90_UniRef90_Q8T023	None
UniRef90_UniRef90_O76281	None
UniRef90_UniRef90_Q9VGG3	None
UniRef90_UniRef90_P29617	None
UniRef90_UniRef90_Q9VVG2	None
UniRef90_UniRef90_Q9VE45	None
UniRef90_UniRef90_Q9VY63	None
UniRef90_UniRef90_Q1RKU8	None
UniRef90_UniRef90_Q4V707	None
UniRef90_UniRef90_C9QPJ3	None
UniRef90_UniRef90_Q9BKE5	None
UniRef90_UniRef90_C6K8G4	None
UniRef90_UniRef90_Q9VQN2	None
UniRef90_UniRef90_E8NH00	None
UniRef90_UniRef90_Q9VY84	None
UniRef90_UniRef90_Q9V4A1	None
UniRef90_UniRef90_B5RJK6	None
UniRef90_UniRef90_P10180	None
UniRef90_UniRef90_D6W4U4	None
UniRef90_UniRef90_X2JBD0	None
UniRef90_UniRef90_Q8IMS9	None
UniRef90_UniRef90_A8DY89	None
UniRef90_UniRef90_P16912	None
UniRef90_UniRef90_P16911	None
UniRef90_UniRef90_Q9VPW3	None
UniRef90_UniRef90_A1ZA70	None
UniRef90_UniRef90_Q1RKW2	None
UniRef90_UniRef90_Q9VFT3	None
UniRef90_UniRef90_Q8T3I1	None
UniRef90_UniRef90_Q8MRV5	None
UniRef90_UniRef90_A8WHG2	None
UniRef90_UniRef90_Q24458	None
UniRef90_UniRef90_Q8SXB2	None
UniRef90_UniRef90_X2JA38	None
UniRef90_UniRef90_Q6NP55	None
UniRef90_UniRef90_A0A0B4KEY6	None
UniRef90_UniRef90_A1ZAU8	None
UniRef90_UniRef90_B7YZJ1	None
UniRef90_UniRef90_Q9VDZ4	None
UniRef90_UniRef90_Q8MSG8	None
UniRef90_UniRef90_E1JJR3	None
UniRef90_UniRef90_Q95U18	None
UniRef90_UniRef90_C4XVI4	None
UniRef90_UniRef90_Q9VZ54	None
UniRef90_UniRef90_A9YL81	None
UniRef90_UniRef90_Q8IH82	None
UniRef90_UniRef90_O76926	None
UniRef90_UniRef90_M9PBP2	None
UniRef90_UniRef90_A9YGV7	None
UniRef90_UniRef90_Q8SYT2	None
UniRef90_UniRef90_Q8IP72	None
UniRef90_UniRef90_Q4TZM6	None
UniRef90_UniRef90_Q8IGI6	None
UniRef90_UniRef90_Q9VEJ1	None
UniRef90_UniRef90_Q9VL34	None
UniRef90_UniRef90_Q8SZG2	None
UniRef90_UniRef90_Q8IRY7	None
UniRef90_UniRef90_Q9XYF4	None
UniRef90_UniRef90_Q8IG87	None
UniRef90_UniRef90_Q9U9D0	None
UniRef90_UniRef90_Q8T3L3	None
UniRef90_UniRef90_Q8IGK0	None
UniRef90_UniRef90_Q960Q9	None
UniRef90_UniRef90_O76910	None
UniRef90_UniRef90_Q9VHR4	None
UniRef90_UniRef90_R9PY35	None
UniRef90_UniRef90_Q9VRV6	None
UniRef90_UniRef90_Q4V703	None
UniRef90_UniRef90_Q5U0W3	None
UniRef90_UniRef90_E1JH10	None
UniRef90_UniRef90_Q9VEF4	None
UniRef90_UniRef90_Q7YZ91	None
UniRef90_UniRef90_Q8IG96	None
UniRef90_UniRef90_Q9VUB3	None
UniRef90_UniRef90_D1Z3A5	None
UniRef90_UniRef90_E1JII8	None
UniRef90_UniRef90_Q8MSE5	None
UniRef90_UniRef90_Q8SX40	None
UniRef90_UniRef90_Q9V3X8	None
UniRef90_UniRef90_Q8T3J5	None
UniRef90_UniRef90_Q6NP52	None
UniRef90_UniRef90_Q9VEF1	None
UniRef90_UniRef90_Q8MTU5	None
UniRef90_UniRef90_Q52KA7	None
UniRef90_UniRef90_F6JBJ6	None
UniRef90_UniRef90_E0R905	None
UniRef90_UniRef90_Q9VIS7	None
UniRef90_UniRef90_Q8MRT8	None
UniRef90_UniRef90_Q8T3I5	None
UniRef90_UniRef90_P51521-3	None
UniRef90_UniRef90_Q8MT34	None
UniRef90_UniRef90_G7H860	None
UniRef90_UniRef90_Q9I7T6	None
UniRef90_UniRef90_F0JAF7	None
UniRef90_UniRef90_Q9W2V3	None
UniRef90_UniRef90_Q8IR98	None
UniRef90_UniRef90_Q8IH37	None
UniRef90_UniRef90_Q9VWC3	None
UniRef90_UniRef90_C4XVM1	None
UniRef90_UniRef90_Q9VAR7	None
UniRef90_UniRef90_Q961I8	None
UniRef90_UniRef90_Q8MSN5	None
UniRef90_UniRef90_M9PEL4	None
UniRef90_UniRef90_C8VUY9	None
UniRef90_UniRef90_Q960L7	None
UniRef90_UniRef90_Q8IGZ0	None
UniRef90_UniRef90_M9PCU0	None
UniRef90_UniRef90_Q8SWV4	None
UniRef90_UniRef90_Q9GV80	None
UniRef90_UniRef90_A4IJ63	None
UniRef90_UniRef90_Q5U175	None
UniRef90_UniRef90_Q8IH27	None
UniRef90_UniRef90_Q8MT27	None
UniRef90_UniRef90_B3DMQ0	None
UniRef90_UniRef90_Q8SWT5	None
UniRef90_UniRef90_B6UXX6	None
UniRef90_UniRef90_M9PDJ7	None
UniRef90_UniRef90_M9PGE2	None
UniRef90_UniRef90_Q8T404	None
UniRef90_UniRef90_B8A411	None
UniRef90_UniRef90_O77291	None
UniRef90_UniRef90_A2VEH1	None
UniRef90_UniRef90_D6W4V6	None
UniRef90_UniRef90_Q9VQX0	None
UniRef90_UniRef90_Q86NX0	None
UniRef90_UniRef90_D5A7N2	None
UniRef90_UniRef90_Q9VCL7	None
UniRef90_UniRef90_Q9VQV0	None
UniRef90_UniRef90_Q8IGI9	None
UniRef90_UniRef90_A0A0B4K7Q3	None
UniRef90_UniRef90_Q4V401	None
UniRef90_UniRef90_Q9W326	None
UniRef90_UniRef90_Q961L2	None
UniRef90_UniRef90_D3DMK7	None
UniRef90_UniRef90_Q86P88	None
UniRef90_UniRef90_Q961E2	None
UniRef90_UniRef90_A0A0B4KFE3	None
UniRef90_UniRef90_A0A0B4KEM1	None
UniRef90_UniRef90_A0A0B4KGM2	None
UniRef90_UniRef90_Q95TF7	None
UniRef90_UniRef90_H5V8A7	None
UniRef90_UniRef90_Q9VY34	None
UniRef90_UniRef90_B3DN73	None
UniRef90_UniRef90_Q9VQE3	None
UniRef90_UniRef90_Q8SY26	None
UniRef90_UniRef90_Q9VAV6	None
UniRef90_UniRef90_H5V857	None
UniRef90_UniRef90_Q7JQR9	None
UniRef90_UniRef90_Q95SD0	None
UniRef90_UniRef90_E4NKH6	None
UniRef90_UniRef90_F0JAJ4	None
UniRef90_UniRef90_Q27368	None
UniRef90_UniRef90_Q8T0U0	None
UniRef90_UniRef90_Q8SXT7	None
UniRef90_UniRef90_Q1WWE4	None
UniRef90_UniRef90_C9QPE3	None
UniRef90_UniRef90_Q8MQQ8	None
UniRef90_UniRef90_Q9V9Y7	None
UniRef90_UniRef90_Q86NZ4	None
UniRef90_UniRef90_P05812	None
UniRef90_UniRef90_Q1RKX0	None
UniRef90_UniRef90_Q8IFW4	None
UniRef90_UniRef90_Q7JWT4	None
UniRef90_UniRef90_Q8IRK9	None
UniRef90_UniRef90_Q4V3I2	None
UniRef90_UniRef90_Q4V3M6	None
UniRef90_UniRef90_Q4V3T2	None
UniRef90_UniRef90_Q9VRS0	None
UniRef90_UniRef90_Q6NP92	None
UniRef90_UniRef90_Q8IGT9	None
UniRef90_UniRef90_B3DNF0	None
UniRef90_UniRef90_D3DME3	None
UniRef90_UniRef90_Q6AWJ5	None
UniRef90_UniRef90_Q8SWR7	None
UniRef90_UniRef90_L7XAI0	None
UniRef90_UniRef90_Q8SXR0	None
UniRef90_UniRef90_Q8SZF4	None
UniRef90_UniRef90_Q9VLZ8	None
UniRef90_UniRef90_Q8T3V5	None
UniRef90_UniRef90_Q86NM6	None
UniRef90_UniRef90_Q95SU3	None
UniRef90_UniRef90_Q9VVQ7	None
UniRef90_UniRef90_Q8IGX7	None
UniRef90_UniRef90_Q4V6U6	None
UniRef90_UniRef90_A9YHZ7	None
UniRef90_UniRef90_Q8IGL4	None
UniRef90_UniRef90_H1UUA9	None
UniRef90_UniRef90_Q27370	None
UniRef90_UniRef90_Q95S48	None
UniRef90_UniRef90_A1ZAW0	None
UniRef90_UniRef90_Q59E05	None
UniRef90_UniRef90_A4UGS6	None
UniRef90_UniRef90_A4UGS4	None
UniRef90_UniRef90_Q9W4C3	None
UniRef90_UniRef90_Q86NT0	None
UniRef90_UniRef90_M9PH25	None
UniRef90_UniRef90_E1JJP6	None
UniRef90_UniRef90_Q9GU53	None
UniRef90_UniRef90_I6R4B6	None
UniRef90_UniRef90_C6SV07	None
UniRef90_UniRef90_A2RVJ2	None
UniRef90_UniRef90_Q8IPH6	None
UniRef90_UniRef90_Q8MT12	None
UniRef90_UniRef90_A0A0B4KG49	None
UniRef90_UniRef90_C6TPC2	None
UniRef90_UniRef90_F3YDK0	None
UniRef90_UniRef90_Q9I7U4-3	None
UniRef90_UniRef90_M9PEA9	None
UniRef90_UniRef90_M9PBI9	None
UniRef90_UniRef90_M9PDZ9	None
UniRef90_UniRef90_Q9I7U4-4	None
UniRef90_UniRef90_M9PDS3	None
UniRef90_UniRef90_Q9I7U4	None
UniRef90_UniRef90_M9PDZ6	None
UniRef90_UniRef90_M9PEA0	None
UniRef90_UniRef90_Q7YU00	None
UniRef90_UniRef90_Q8IR52	None
UniRef90_UniRef90_Q8IHF0	None
UniRef90_UniRef90_Q8T9L6	None
UniRef90_UniRef90_Q6NL84	None
UniRef90_UniRef90_Q95TP3	None
UniRef90_UniRef90_Q9W0F4	None
UniRef90_UniRef90_Q9VKH9	None
UniRef90_UniRef90_Q8MYX2	None
UniRef90_UniRef90_A0A0B4K621	None
UniRef90_UniRef90_A4IJ54	None
UniRef90_UniRef90_A0A0B4K6Y8	None
UniRef90_UniRef90_Q9W1M8	None
UniRef90_UniRef90_Q9V7A4	None
UniRef90_UniRef90_Q8T0F2	None
UniRef90_UniRef90_Q9VML1	None
UniRef90_UniRef90_Q8IPM0	None
UniRef90_UniRef90_Q8IH74	None
UniRef90_UniRef90_L0CRD3	None
UniRef90_UniRef90_B1PGA7	None
UniRef90_UniRef90_Q9VY21	None
UniRef90_UniRef90_Q95RK8	None
UniRef90_UniRef90_Q9VP62	None
UniRef90_UniRef90_D3DMP8	None
UniRef90_UniRef90_Q4V414	None
UniRef90_UniRef90_Q9W5W8	None
UniRef90_UniRef90_Q7KUZ0	None
UniRef90_UniRef90_Q058S1	None
UniRef90_UniRef90_Q9VXS6	None
UniRef90_UniRef90_L0MPR2	None
UniRef90_UniRef90_Q8MSR8	None
UniRef90_UniRef90_Q8IGB7	None
UniRef90_UniRef90_M9PFM6	None
UniRef90_UniRef90_Q6NLJ0	None
UniRef90_UniRef90_O46042	None
UniRef90_UniRef90_Q8SY46	None
UniRef90_UniRef90_E1JJE8	None
UniRef90_UniRef90_A8JQZ8	None
UniRef90_UniRef90_Q9VXW4	None
UniRef90_UniRef90_Q5IF98	None
UniRef90_UniRef90_Q8IT54	None
UniRef90_UniRef90_O97429	None
UniRef90_UniRef90_Q6NNT5	None
UniRef90_UniRef90_Q86NL7	None
UniRef90_UniRef90_Q8IG91	None
UniRef90_UniRef90_Q95SL7	None
UniRef90_UniRef90_C8VV24	None
UniRef90_UniRef90_Q8SXF3	None
UniRef90_UniRef90_Q95TV3	None
UniRef90_UniRef90_Q8IGP8	None
UniRef90_UniRef90_Q9VK37	None
UniRef90_UniRef90_E6PBX9	None
UniRef90_UniRef90_A2RVG7	None
UniRef90_UniRef90_Q1ECC8	None
UniRef90_UniRef90_Q8IQ71	None
UniRef90_UniRef90_M9PEI6	None
UniRef90_UniRef90_M9PEK8	None
UniRef90_UniRef90_Q7JXA8	None
UniRef90_UniRef90_Q8MZE0	None
UniRef90_UniRef90_P18105	None
UniRef90_UniRef90_Q7YU50	None
UniRef90_UniRef90_Q4V5A3	None
UniRef90_UniRef90_Q9VA17	None
UniRef90_UniRef90_B7FNK3	None
UniRef90_UniRef90_B1PGL5	None
UniRef90_UniRef90_Q8SWZ2	None
UniRef90_UniRef90_Q9VFG4	None
UniRef90_UniRef90_Q8MT09	None
UniRef90_UniRef90_A0A0B4KHD9	None
UniRef90_UniRef90_Q8INN3	None
UniRef90_UniRef90_Q6NNZ0	None
UniRef90_UniRef90_Q9VTN2	None
UniRef90_UniRef90_Q6NN51	None
UniRef90_UniRef90_Q70HU2	None
UniRef90_UniRef90_Q8IH09	None
UniRef90_UniRef90_F6JAP6	None
UniRef90_UniRef90_Q5BHW1	None
UniRef90_UniRef90_Q9TW74	None
UniRef90_UniRef90_B1PG02	None
UniRef90_UniRef90_B1PGL8	None
UniRef90_UniRef90_D0UGE6	None
UniRef90_UniRef90_Q6AWH4	None
UniRef90_UniRef90_C0HBU2	None
UniRef90_UniRef90_B7Z0I8	None
UniRef90_UniRef90_A0A0B4LFP7	None
UniRef90_UniRef90_Q9W363	None
UniRef90_UniRef90_Q9W2Z3	None
UniRef90_UniRef90_A0A0B4K7V8	None
UniRef90_UniRef90_A0A0B4KF38	None
UniRef90_UniRef90_Q4V558	None
UniRef90_UniRef90_D1Z370	None
UniRef90_UniRef90_G7H802	None
UniRef90_UniRef90_X2LB92	None
UniRef90_UniRef90_X2LIN2	None
UniRef90_UniRef90_Q29R39	None
UniRef90_UniRef90_Q26279	None
UniRef90_UniRef90_Q26278	None
UniRef90_UniRef90_Q9VE63	None
UniRef90_UniRef90_Q9VYG4	None
UniRef90_UniRef90_F0JAI9	None
UniRef90_UniRef90_C3KGK3	None
UniRef90_UniRef90_A8Y4W5	None
UniRef90_UniRef90_M9WDW6	None
UniRef90_UniRef90_Q7K4E0	None
UniRef90_UniRef90_Q9BKN7	None
UniRef90_UniRef90_Q86M56	None
UniRef90_UniRef90_Q8IPP9	None
UniRef90_UniRef90_C6SUY9	None
UniRef90_UniRef90_Q9VMQ3	None
UniRef90_UniRef90_P34082-2	None
UniRef90_UniRef90_Q8IQD9	None
UniRef90_UniRef90_B7Z0Z1	None
UniRef90_UniRef90_Q9VZ30	None
UniRef90_UniRef90_Q29R28	None
UniRef90_UniRef90_C8VV49	None
UniRef90_UniRef90_D0IQM1	None
UniRef90_UniRef90_Q7KS15	None
UniRef90_UniRef90_C1C3H5	None
UniRef90_UniRef90_C9QNZ8	None
UniRef90_UniRef90_Q8IGR8	None
UniRef90_UniRef90_Q9VPG1	None
UniRef90_UniRef90_Q9VG05	None
UniRef90_UniRef90_Q8MLV6	None
UniRef90_UniRef90_O96833	None
UniRef90_UniRef90_B7FNQ2	None
UniRef90_UniRef90_A1Z920	None
UniRef90_UniRef90_Q0IGQ0	None
UniRef90_UniRef90_Q9VNN3	None
UniRef90_UniRef90_C4IXX5	None
UniRef90_UniRef90_C0PUW7	None
UniRef90_UniRef90_F6J9L9	None
UniRef90_UniRef90_A1Z9M5	None
UniRef90_UniRef90_P02840	None
UniRef90_UniRef90_Q00725	None
UniRef90_UniRef90_Q8IRB3	None
UniRef90_UniRef90_O44386	None
UniRef90_UniRef90_Q9VIY5	None
UniRef90_UniRef90_M9PGJ3	None
UniRef90_UniRef90_Q9VXN5	None
UniRef90_UniRef90_Q4V691	None
UniRef90_UniRef90_Q1RKZ5	None
UniRef90_UniRef90_Q8IH15	None
UniRef90_UniRef90_Q9U722	None
UniRef90_UniRef90_M9NDG6	None
UniRef90_UniRef90_Q95T69	None
UniRef90_UniRef90_A8WHE9	None
UniRef90_UniRef90_Q4V5A7	None
UniRef90_UniRef90_Q9NHQ0	None
UniRef90_UniRef90_Q9VCG6	None
UniRef90_UniRef90_Q8T3Z6	None
UniRef90_UniRef90_Q4V6Q0	None
UniRef90_UniRef90_Q9VUQ5	None
UniRef90_UniRef90_E5KZ94	None
UniRef90_UniRef90_O76875	None
UniRef90_UniRef90_M9MS14	None
UniRef90_UniRef90_Q95SW3	None
UniRef90_UniRef90_Q9VWX7	None
UniRef90_UniRef90_Q86BB0	None
UniRef90_UniRef90_Q24416	None
UniRef90_UniRef90_Q9VNW0	None
UniRef90_UniRef90_Q9W2U5	None
UniRef90_UniRef90_Q8I079	None
UniRef90_UniRef90_Q7PLG1	None
UniRef90_UniRef90_Q9VNW1	None
UniRef90_UniRef90_C3KKC6	None
UniRef90_UniRef90_Q7YU03	None
UniRef90_UniRef90_Q86RL0	None
UniRef90_UniRef90_Q9VDC4	None
UniRef90_UniRef90_O76873	None
UniRef90_UniRef90_Q4V493	None
UniRef90_UniRef90_D4G7E0	None
UniRef90_UniRef90_Q9VCV0	None
UniRef90_UniRef90_Q6IJZ4	None
UniRef90_UniRef90_Q961D0	None
UniRef90_UniRef90_Q9VEP4	None
UniRef90_UniRef90_Q9VR13	None
UniRef90_UniRef90_Q5BI54	None
UniRef90_UniRef90_Q3HKQ0	None
UniRef90_UniRef90_B2CCW2	None
UniRef90_UniRef90_Q6IDD8	None
UniRef90_UniRef90_Q9NFV8	None
UniRef90_UniRef90_A0A1B1LJN2	None
UniRef90_UniRef90_Q8IRH2	None
UniRef90_UniRef90_Q8IGX1	None
UniRef90_UniRef90_Q9NEF9	None
UniRef90_UniRef90_Q8MPN3	None
UniRef90_UniRef90_Q8MSR5	None
UniRef90_UniRef90_B8A3Y4	None
UniRef90_UniRef90_A0A1B1LJR0	None
UniRef90_UniRef90_A0A1B1LJM6	None
UniRef90_UniRef90_Q86P82	None
UniRef90_UniRef90_Q7PLL7	None
UniRef90_UniRef90_Q86NP7	None
UniRef90_UniRef90_M9NDU7	None
UniRef90_UniRef90_Q4V4E7	None
UniRef90_UniRef90_Q7KRY7-4	None
UniRef90_UniRef90_A0A0A1EI90	None
UniRef90_UniRef90_Q1RKV5	None
UniRef90_UniRef90_H1UUC9	None
UniRef90_UniRef90_Q8T0T0	None
UniRef90_UniRef90_Q8IG84	None
UniRef90_UniRef90_Q86PA5	None
UniRef90_UniRef90_Q9VLV3	None
UniRef90_UniRef90_Q9W539	None
UniRef90_UniRef90_M9PGH1	None
UniRef90_UniRef90_C3KGL5	None
UniRef90_UniRef90_Q07436	None
UniRef90_UniRef90_A1A713	None
UniRef90_UniRef90_Q9VU33	None
UniRef90_UniRef90_M9MSD9	None
UniRef90_UniRef90_C3KGK5	None
UniRef90_UniRef90_C4IXX6	None
UniRef90_UniRef90_I0B8L5	None
UniRef90_UniRef90_C5WLM0	None
UniRef90_UniRef90_A8WHJ7	None
UniRef90_UniRef90_Q6NR91	None
UniRef90_UniRef90_C3KKB4	None
UniRef90_UniRef90_Q5BIB8	None
UniRef90_UniRef90_L0CR09	None
UniRef90_UniRef90_E1JJM7	None
UniRef90_UniRef90_Q9NCL3	None
UniRef90_UniRef90_Q4V5A8	None
UniRef90_UniRef90_A8E6Y3	None
UniRef90_UniRef90_Q7KT95	None
UniRef90_UniRef90_Q8IRK6	None
UniRef90_UniRef90_A8E6X2	None
UniRef90_UniRef90_Q8IRK5	None
UniRef90_UniRef90_A1ZA34	None
UniRef90_UniRef90_Q9VCJ9	None
UniRef90_UniRef90_Q9VWD8	None
UniRef90_UniRef90_Q24335	None
UniRef90_UniRef90_A0A0B4K687	None
UniRef90_UniRef90_Q95S50	None
UniRef90_UniRef90_Q4V5B7	None
UniRef90_UniRef90_Q8T6L9	None
UniRef90_UniRef90_Q960K4	None
UniRef90_UniRef90_M9PBI3	None
UniRef90_UniRef90_M9PDW5	None
UniRef90_UniRef90_M9PE85	None
UniRef90_UniRef90_Q4V4P3	None
UniRef90_UniRef90_E1JI93	None
UniRef90_UniRef90_Q9VSU2	None
UniRef90_UniRef90_O45029	None
UniRef90_UniRef90_Q8IRE0	None
UniRef90_UniRef90_A8JRA0	None
UniRef90_UniRef90_Q8IQ89	None
UniRef90_UniRef90_Q8IN70	None
UniRef90_UniRef90_C5WLM7	None
UniRef90_UniRef90_A8JR43	None
UniRef90_UniRef90_Q9VFW0	None
UniRef90_UniRef90_B1P781	None
UniRef90_UniRef90_Q9VJD6	None
UniRef90_UniRef90_Q9V4E6	None
UniRef90_UniRef90_P25931	None
UniRef90_UniRef90_A0A0B4LHT6	None
UniRef90_UniRef90_Q8MYV5	None
UniRef90_UniRef90_Q5MRR4	None
UniRef90_UniRef90_D5AEL2	None
UniRef90_UniRef90_F2FB92	None
UniRef90_UniRef90_Q8T9B5	None
UniRef90_UniRef90_P91658	None
UniRef90_UniRef90_A8E6M6	None
UniRef90_UniRef90_Q9VCM3	None
UniRef90_UniRef90_Q8T8Z3	None
UniRef90_UniRef90_Q8SXK3	None
UniRef90_UniRef90_H1UUP1	None
UniRef90_UniRef90_Q8IPZ1	None
UniRef90_UniRef90_G7H809	None
UniRef90_UniRef90_O46112	None
UniRef90_UniRef90_A0AVW9	None
UniRef90_UniRef90_Q5BIB3	None
UniRef90_UniRef90_Q8MS81	None
UniRef90_UniRef90_Q9VJU5	None
UniRef90_UniRef90_D9IQD7	None
UniRef90_UniRef90_Q9VB78	None
UniRef90_UniRef90_D9IQD9	None
UniRef90_UniRef90_Q6NNG1	None
UniRef90_UniRef90_D9IQC6	None
UniRef90_UniRef90_D9IQC4	None
UniRef90_UniRef90_D9IQC0	None
UniRef90_UniRef90_D9IQD0	None
UniRef90_UniRef90_D9IQE4	None
UniRef90_UniRef90_Q9BPQ2	None
UniRef90_UniRef90_Q8T3H8	None
UniRef90_UniRef90_Q8IGK6	None
UniRef90_UniRef90_Q9VTV3	None
UniRef90_UniRef90_M9NE82	None
UniRef90_UniRef90_A0A0B4K7R8	None
UniRef90_UniRef90_D9IQC5	None
UniRef90_UniRef90_D9IQE5	None
UniRef90_UniRef90_Q8SYF5	None
UniRef90_UniRef90_O18375	None
UniRef90_UniRef90_Q9U3W7	None
UniRef90_UniRef90_Q9VTR2	None
UniRef90_UniRef90_Q6NPA0	None
UniRef90_UniRef90_Q8T0K8	None
UniRef90_UniRef90_H9XQA8	None
UniRef90_UniRef90_Q9VWB4	None
UniRef90_UniRef90_Q8T494	None
UniRef90_UniRef90_A1Z6R3	None
UniRef90_UniRef90_Q9VPV7	None
UniRef90_UniRef90_Q86PD2	None
UniRef90_UniRef90_M9MS45	None
UniRef90_UniRef90_Q95SU2	None
UniRef90_UniRef90_Q5IFE6	None
UniRef90_UniRef90_Q8SWR6	None
UniRef90_UniRef90_Q86NL5	None
UniRef90_UniRef90_Q8MRH2	None
UniRef90_UniRef90_Q8I6B6	None
UniRef90_UniRef90_A0A0B4K716	None
UniRef90_UniRef90_Q9VCF2	None
UniRef90_UniRef90_Q24323-3	None
UniRef90_UniRef90_Q29R42	None
UniRef90_UniRef90_E8NH48	None
UniRef90_UniRef90_L7S043	None
UniRef90_UniRef90_O76922	None
UniRef90_UniRef90_C0PUY1	None
UniRef90_UniRef90_Q8SYT3	None
UniRef90_UniRef90_O96671	None
UniRef90_UniRef90_Q9VDD4	None
UniRef90_UniRef90_E0R973	None
UniRef90_UniRef90_Q058V0	None
UniRef90_UniRef90_Q9NEG0	None
UniRef90_UniRef90_D0Z751	None
UniRef90_UniRef90_Q8IPY7	None
UniRef90_UniRef90_A9UN56	None
UniRef90_UniRef90_Q7KT71	None
UniRef90_UniRef90_Q9VQH8	None
UniRef90_UniRef90_Q8IP30	None
UniRef90_UniRef90_E1JH19	None
UniRef90_UniRef90_A0A0B4KFF2	None
UniRef90_UniRef90_C0PTV4	None
UniRef90_UniRef90_D6W4X0	None
UniRef90_UniRef90_A1XXK4	None
UniRef90_UniRef90_A8E6M9	None
UniRef90_UniRef90_Q966U8	None
UniRef90_UniRef90_D3DMM3	None
UniRef90_UniRef90_Q966V0	None
UniRef90_UniRef90_Q7YU92	None
UniRef90_UniRef90_Q9VVK6	None
UniRef90_UniRef90_B3DN60	None
UniRef90_UniRef90_Q9NBB2	None
UniRef90_UniRef90_Q9NEG1	None
UniRef90_UniRef90_Q24091	None
UniRef90_UniRef90_A0A0B4JCV5	None
UniRef90_UniRef90_Q9VJD7	None
UniRef90_UniRef90_Q8SX54	None
UniRef90_UniRef90_Q9VAX6	None
UniRef90_UniRef90_A1Z824	None
UniRef90_UniRef90_Q8IH38	None
UniRef90_UniRef90_Q9VTL4	None
UniRef90_UniRef90_F6J9B8	None
UniRef90_UniRef90_Q8IH28	None
UniRef90_UniRef90_Q4V546	None
UniRef90_UniRef90_Q4V5C2	None
UniRef90_UniRef90_Q9VCJ0	None
UniRef90_UniRef90_A2VEW7	None
UniRef90_UniRef90_Q7KRY7-3	None
UniRef90_UniRef90_Q961V2	None
UniRef90_UniRef90_C9QP08	None
UniRef90_UniRef90_A0A0B4K8B7	None
UniRef90_UniRef90_Q06003	None
UniRef90_UniRef90_Q961S4	None
UniRef90_UniRef90_Q24262	None
UniRef90_UniRef90_Q9VXP8	None
UniRef90_UniRef90_Q9VQH9	None
UniRef90_UniRef90_Q9TW62	None
UniRef90_UniRef90_Q9W493	None
UniRef90_UniRef90_C0PVC3	None
UniRef90_UniRef90_Q9GSP4	None
UniRef90_UniRef90_Q9W5F6	None
UniRef90_UniRef90_F6J684	None
UniRef90_UniRef90_E3CTQ5	None
UniRef90_UniRef90_Q5BI72	None
UniRef90_UniRef90_Q8MRG3	None
UniRef90_UniRef90_Q86PB4	None
UniRef90_UniRef90_Q95SP5	None
UniRef90_UniRef90_B1PGF1	None
UniRef90_UniRef90_B1PGG0	None
UniRef90_UniRef90_Q8MS39	None
UniRef90_UniRef90_D5SHM8	None
UniRef90_UniRef90_Q9VXV3	None
UniRef90_UniRef90_Q8IGW4	None
UniRef90_UniRef90_Q960F9	None
UniRef90_UniRef90_B5X552	None
UniRef90_UniRef90_Q9VMG7	None
UniRef90_UniRef90_B4F599	None
UniRef90_UniRef90_Q86NV2	None
UniRef90_UniRef90_Q8MQW9	None
UniRef90_UniRef90_A0A075BJ32	None
UniRef90_UniRef90_D3DMC9	None
UniRef90_UniRef90_Q94914	None
UniRef90_UniRef90_Q9VWS5	None
UniRef90_UniRef90_A0A0B4KF97	None
UniRef90_UniRef90_Q8MQL7	None
UniRef90_UniRef90_A8WHJ8	None
UniRef90_UniRef90_Q9VX20	None
UniRef90_UniRef90_Q8T4B4	None
UniRef90_UniRef90_Q8I7Q2	None
UniRef90_UniRef90_Q8MRK2	None
UniRef90_UniRef90_Q8T458	None
UniRef90_UniRef90_D4G7B0	None
UniRef90_UniRef90_Q9VZS0	None
UniRef90_UniRef90_Q8T4D2	None
UniRef90_UniRef90_Q6J4U8	None
UniRef90_UniRef90_B1PGB2	None
UniRef90_UniRef90_D0IQG6	None
UniRef90_UniRef90_Q1RKS5	None
UniRef90_UniRef90_A1A6U4	None
UniRef90_UniRef90_Q8MSP7	None
UniRef90_UniRef90_Q8MQN9	None
UniRef90_UniRef90_Q9VR49	None
UniRef90_UniRef90_Q9NHV9-2	None
UniRef90_UniRef90_D3PFE8	None
UniRef90_UniRef90_Q8INH6	None
UniRef90_UniRef90_Q9VK22	None
UniRef90_UniRef90_Q9VS84	None
UniRef90_UniRef90_Q9VHV3	None
UniRef90_UniRef90_A0A0B4K7Q9	None
UniRef90_UniRef90_Q9NGL1	None
UniRef90_UniRef90_Q961G6	None
UniRef90_UniRef90_Q8T433	None
UniRef90_UniRef90_Q8SYW4	None
UniRef90_UniRef90_Q9VYJ5	None
UniRef90_UniRef90_A0A0S0WIF3	None
UniRef90_UniRef90_Q967D7	None
UniRef90_UniRef90_A0A0S0WJJ4	None
UniRef90_UniRef90_Q95R30	None
UniRef90_UniRef90_E0R963	None
UniRef90_UniRef90_Q9VC13	None
UniRef90_UniRef90_Q71JA7	None
UniRef90_UniRef90_Q9VE55	None
UniRef90_UniRef90_C0PTW0	None
UniRef90_UniRef90_B2CCV9	None
UniRef90_UniRef90_Q8MS01	None
UniRef90_UniRef90_Q1LZ41	None
UniRef90_UniRef90_Q4V3V0	None
UniRef90_UniRef90_Q1EC36	None
UniRef90_UniRef90_Q1WWF2	None
UniRef90_UniRef90_Q6NN90	None
UniRef90_UniRef90_M9PFD7	None
UniRef90_UniRef90_Q058V6	None
UniRef90_UniRef90_Q9W4E2-6	None
UniRef90_UniRef90_Q9W4E2	None
UniRef90_UniRef90_M9MSE9	None
UniRef90_UniRef90_Q9W0Y8	None
UniRef90_UniRef90_X2JFE8	None
UniRef90_UniRef90_Q86B53	None
