GO_C_term	Count	% Proportion
nucleus	2291	10.34
nucleoplasm	1886	8.51
cytosol	1724	7.78
cytoplasm	1324	5.97
extracellular exosome	632	2.85
membrane	615	2.77
plasma membrane	550	2.48
nucleolus	426	1.92
nuclear chromatin	357	1.61
mitochondrion	314	1.42
protein-containing complex	237	1.07
nuclear speck	235	1.06
cell	228	1.03
extracellular region	216	0.97
Golgi apparatus	196	0.88
integral component of membrane	193	0.87
intracellular membrane-bounded organelle	185	0.83
centrosome	183	0.83
endoplasmic reticulum	176	0.79
perinuclear region of cytoplasm	175	0.79
focal adhesion	172	0.78
extracellular space	171	0.77
nuclear body	147	0.66
endoplasmic reticulum membrane	120	0.54
microtubule	114	0.51
Golgi membrane	107	0.48
cytoskeleton	98	0.44
mitochondrial matrix	98	0.44
ribonucleoprotein complex	97	0.44
transcription factor complex	89	0.40
host cell nucleus	89	0.40
chromosome	83	0.37
nuclear membrane	81	0.37
cell surface	75	0.34
glutamatergic synapse	73	0.33
catalytic step 2 spliceosome	71	0.32
mitochondrial inner membrane	70	0.32
spliceosomal complex	68	0.31
integral component of plasma membrane	68	0.31
fibrillar center	67	0.30
dendrite	67	0.30
synapse	66	0.30
actin cytoskeleton	66	0.30
postsynaptic density	62	0.28
neuronal cell body	62	0.28
midbody	62	0.28
ficolin-1-rich granule lumen	59	0.27
microtubule cytoskeleton	59	0.27
nuclear chromosome, telomeric region	59	0.27
axon	59	0.27
nuclear matrix	57	0.26
lysosomal membrane	56	0.25
cilium	55	0.25
PML body	55	0.25
spindle	55	0.25
neuron projection	54	0.24
nuclear envelope	54	0.24
secretory granule lumen	53	0.24
early endosome	53	0.24
endoplasmic reticulum lumen	52	0.23
chromatin	52	0.23
collagen-containing extracellular matrix	52	0.23
endosome	51	0.23
lamellipodium	51	0.23
cytosolic large ribosomal subunit	46	0.21
membrane raft	45	0.20
spindle pole	45	0.20
cell-cell junction	44	0.20
melanosome	44	0.20
apical plasma membrane	44	0.20
ribosome	44	0.20
proteasome complex	43	0.19
vesicle	42	0.19
cell junction	42	0.19
centriole	41	0.18
U2-type precatalytic spliceosome	40	0.18
cytoplasmic vesicle	40	0.18
microtubule organizing center	39	0.18
endosome membrane	39	0.18
lysosome	38	0.17
nucleosome	38	0.17
transcriptional repressor complex	38	0.17
mitochondrial outer membrane	37	0.17
mitotic spindle	37	0.17
trans-Golgi network	36	0.16
kinetochore	35	0.16
RNA polymerase II transcription factor complex	34	0.15
ubiquitin ligase complex	34	0.15
ciliary basal body	33	0.15
cytosolic small ribosomal subunit	33	0.15
condensed chromosome kinetochore	33	0.15
small-subunit processome	32	0.14
cell cortex	31	0.14
cytoplasmic ribonucleoprotein granule	31	0.14
cytoplasmic vesicle membrane	31	0.14
chromosome, centromeric region	30	0.14
histone acetyltransferase complex	30	0.14
P-body	29	0.13
receptor complex	29	0.13
adherens junction	29	0.13
early endosome membrane	29	0.13
azurophil granule lumen	29	0.13
dendritic spine	29	0.13
Z disc	28	0.13
perikaryon	28	0.13
blood microparticle	26	0.12
kinesin complex	26	0.12
cytoplasmic stress granule	26	0.12
late endosome	26	0.12
growth cone	26	0.12
ciliary tip	25	0.11
U2-type catalytic step 2 spliceosome	25	0.11
histone methyltransferase complex	25	0.11
Cajal body	25	0.11
extracellular matrix	25	0.11
histone deacetylase complex	25	0.11
endoplasmic reticulum-Golgi intermediate compartment	25	0.11
cell projection	25	0.11
nuclear pore	25	0.11
stress fiber	25	0.11
ruffle	24	0.11
basement membrane	24	0.11
site of double-strand break	24	0.11
cell body	24	0.11
intermediate filament cytoskeleton	24	0.11
protein-DNA complex	24	0.11
intracellular	24	0.11
axoneme	24	0.11
MLL1 complex	23	0.10
transcription factor TFIID complex	23	0.10
synaptic vesicle	23	0.10
centriolar satellite	23	0.10
trans-Golgi network membrane	22	0.10
axon cytoplasm	21	0.09
mitochondrial intermembrane space	21	0.09
intercellular bridge	21	0.09
polysomal ribosome	21	0.09
U4/U6 x U5 tri-snRNP complex	21	0.09
filopodium	21	0.09
host cell	21	0.09
nuclear chromosome	21	0.09
Schaffer collateral - CA1 synapse	20	0.09
actin filament	20	0.09
polysome	20	0.09
basolateral plasma membrane	20	0.09
cleavage furrow	20	0.09
intermediate filament	20	0.09
presynapse	20	0.09
transport vesicle	20	0.09
ruffle membrane	20	0.09
neuromuscular junction	20	0.09
cell leading edge	19	0.09
apical part of cell	19	0.09
endomembrane system	19	0.09
condensed nuclear chromosome	19	0.09
bicellular tight junction	19	0.09
phagocytic vesicle	19	0.09
myosin complex	18	0.08
small ribosomal subunit	18	0.08
postsynaptic membrane	18	0.08
postsynapse	18	0.08
heterochromatin	18	0.08
recycling endosome	18	0.08
SWI/SNF complex	18	0.08
nuclear euchromatin	18	0.08
chromosome, telomeric region	18	0.08
PcG protein complex	18	0.08
NuA4 histone acetyltransferase complex	18	0.08
rough endoplasmic reticulum	17	0.08
brush border	17	0.08
external side of plasma membrane	17	0.08
recycling endosome membrane	17	0.08
proteasome core complex	17	0.08
Cul3-RING ubiquitin ligase complex	17	0.08
clathrin-coated pit	16	0.07
motile cilium	16	0.07
cytoplasmic dynein complex	16	0.07
U12-type spliceosomal complex	16	0.07
mitochondrial nucleoid	16	0.07
clathrin-coated vesicle	16	0.07
Cul4-RING E3 ubiquitin ligase complex	16	0.07
sarcolemma	16	0.07
autophagosome	15	0.07
peroxisome	15	0.07
acrosomal vesicle	15	0.07
cyclin-dependent protein kinase holoenzyme complex	15	0.07
integral component of endoplasmic reticulum membrane	15	0.07
condensed chromosome	15	0.07
NuRD complex	15	0.07
mitochondrial membrane	15	0.07
preribosome, large subunit precursor	15	0.07
Golgi stack	15	0.07
aggresome	14	0.06
proteasome accessory complex	14	0.06
U2 snRNP	14	0.06
integrator complex	14	0.06
sarcomere	14	0.06
nuclear heterochromatin	14	0.06
mitotic spindle pole	14	0.06
late endosome membrane	14	0.06
ciliary base	14	0.06
cell periphery	14	0.06
PRC1 complex	14	0.06
extrinsic component of membrane	13	0.06
cytoplasmic side of plasma membrane	13	0.06
Flemming body	13	0.06
microvillus	13	0.06
Ino80 complex	13	0.06
replication fork	13	0.06
U1 snRNP	13	0.06
pericentric heterochromatin	13	0.06
cortical actin cytoskeleton	12	0.05
spindle midzone	12	0.05
photoreceptor outer segment	12	0.05
precatalytic spliceosome	12	0.05
secretory granule membrane	12	0.05
telomerase holoenzyme complex	12	0.05
SCF ubiquitin ligase complex	12	0.05
photoreceptor connecting cilium	12	0.05
nBAF complex	12	0.05
lipid droplet	12	0.05
dynein complex	12	0.05
peroxisomal membrane	12	0.05
Ada2/Gcn5/Ada3 transcription activator complex	12	0.05
Swr1 complex	12	0.05
exosome (RNase complex)	12	0.05
extracellular vesicle	12	0.05
site of DNA damage	12	0.05
U2-type prespliceosome	12	0.05
npBAF complex	12	0.05
proteasome regulatory particle, base subcomplex	11	0.05
platelet alpha granule lumen	11	0.05
axonal growth cone	11	0.05
cytoplasmic microtubule	11	0.05
filamentous actin	11	0.05
Sin3 complex	11	0.05
presynaptic active zone	11	0.05
presynaptic membrane	11	0.05
RNA polymerase III complex	11	0.05
caveola	11	0.05
endoplasmic reticulum-Golgi intermediate compartment membrane	11	0.05
endocytic vesicle membrane	11	0.05
tertiary granule lumen	11	0.05
specific granule membrane	10	0.05
clathrin-coated vesicle membrane	10	0.05
Golgi lumen	10	0.05
nuclear exosome (RNase complex)	10	0.05
SAGA complex	10	0.05
myofibril	10	0.05
transcriptionally active chromatin	10	0.05
COPII-coated ER to Golgi transport vesicle	10	0.05
RISC complex	10	0.05
proteasome core complex, alpha-subunit complex	10	0.05
transcription elongation factor complex	10	0.05
lysosomal lumen	10	0.05
mitochondrial large ribosomal subunit	10	0.05
muscle myosin complex	10	0.05
secretory granule	10	0.05
nuclear inner membrane	10	0.05
nuclear pore nuclear basket	10	0.05
COP9 signalosome	10	0.05
transcription factor TFIIH holo complex	10	0.05
dendrite cytoplasm	10	0.05
microtubule associated complex	9	0.04
phagocytic vesicle membrane	9	0.04
Prp19 complex	9	0.04
cis-Golgi network	9	0.04
sarcoplasmic reticulum membrane	9	0.04
chaperonin-containing T-complex	9	0.04
intercalated disc	9	0.04
RNA polymerase II, core complex	9	0.04
nuclear inclusion body	9	0.04
mediator complex	9	0.04
cytoplasmic exosome (RNase complex)	9	0.04
aminoacyl-tRNA synthetase multienzyme complex	9	0.04
nuclear periphery	9	0.04
U5 snRNP	9	0.04
specific granule lumen	9	0.04
ESC/E(Z) complex	9	0.04
postsynaptic cytosol	9	0.04
lateral plasma membrane	9	0.04
spindle pole centrosome	9	0.04
transcription factor TFTC complex	9	0.04
axon terminus	9	0.04
chaperone complex	9	0.04
extrinsic component of cytoplasmic side of plasma membrane	9	0.04
sperm flagellum	9	0.04
mitotic spindle midzone	9	0.04
peroxisomal matrix	8	0.04
mRNA cleavage and polyadenylation specificity factor complex	8	0.04
Golgi-associated vesicle	8	0.04
podosome	8	0.04
tertiary granule membrane	8	0.04
STAGA complex	8	0.04
transcription factor TFIIH core complex	8	0.04
U2-type catalytic step 1 spliceosome	8	0.04
non-motile cilium	8	0.04
small nuclear ribonucleoprotein complex	8	0.04
nuclear nucleosome	8	0.04
spindle microtubule	8	0.04
chromocenter	8	0.04
sarcoplasmic reticulum	8	0.04
keratin filament	8	0.04
anaphase-promoting complex	8	0.04
transcription export complex	8	0.04
proteasome core complex, beta-subunit complex	8	0.04
smooth endoplasmic reticulum	8	0.04
myosin filament	8	0.04
mitochondrial small ribosomal subunit	8	0.04
terminal bouton	8	0.04
preribosome, small subunit precursor	8	0.04
Golgi cisterna membrane	8	0.04
post-mRNA release spliceosomal complex	8	0.04
Arp2/3 protein complex	8	0.04
MCM complex	7	0.03
box C/D snoRNP complex	7	0.03
proteasome regulatory particle, lid subcomplex	7	0.03
90S preribosome	7	0.03
U2-type spliceosomal complex	7	0.03
cortical cytoskeleton	7	0.03
actomyosin	7	0.03
methylosome	7	0.03
cullin-RING ubiquitin ligase complex	7	0.03
Set1C/COMPASS complex	7	0.03
COPII vesicle coat	7	0.03
nuclear replication fork	7	0.03
dendritic shaft	7	0.03
nuclear pericentric heterochromatin	7	0.03
protein phosphatase type 2A complex	7	0.03
cell cortex region	7	0.03
clathrin adaptor complex	7	0.03
COPI-coated vesicle	7	0.03
myelin sheath	7	0.03
intraciliary transport particle B	7	0.03
small nucleolar ribonucleoprotein complex	7	0.03
microtubule plus-end	7	0.03
endocytic vesicle	7	0.03
eukaryotic 43S preinitiation complex	7	0.03
pericentriolar material	7	0.03
inclusion body	7	0.03
mismatch repair complex	7	0.03
M band	7	0.03
condensed nuclear chromosome, centromeric region	7	0.03
nuclear transcription factor complex	7	0.03
anchored component of membrane	6	0.03
clathrin-coated endocytic vesicle	6	0.03
lateral element	6	0.03
zona pellucida receptor complex	6	0.03
exon-exon junction complex	6	0.03
sex chromatin	6	0.03
MOZ/MORF histone acetyltransferase complex	6	0.03
COPI vesicle coat	6	0.03
synaptonemal complex	6	0.03
cytosolic proteasome complex	6	0.03
F-actin capping protein complex	6	0.03
ciliary transition zone	6	0.03
XY body	6	0.03
T-tubule	6	0.03
nucleotide-activated protein kinase complex	6	0.03
RISC-loading complex	6	0.03
ER to Golgi transport vesicle membrane	6	0.03
SMN-Sm protein complex	6	0.03
eukaryotic translation initiation factor 3 complex	6	0.03
apical junction complex	6	0.03
ficolin-1-rich granule membrane	6	0.03
synaptic vesicle membrane	6	0.03
heterotrimeric G-protein complex	6	0.03
nuclear origin of replication recognition complex	6	0.03
Cdc73/Paf1 complex	6	0.03
proteasome regulatory particle	6	0.03
chloride channel complex	6	0.03
RNA N6-methyladenosine methyltransferase complex	6	0.03
presynaptic active zone cytoplasmic component	6	0.03
mRNA cap binding complex	6	0.03
endoplasmic reticulum exit site	6	0.03
THO complex part of transcription export complex	6	0.03
MLL3/4 complex	6	0.03
calyx of Held	6	0.03
TRAPP complex	6	0.03
dynactin complex	6	0.03
transcriptional preinitiation complex	6	0.03
Pwp2p-containing subcomplex of 90S preribosome	6	0.03
lamellipodium membrane	6	0.03
nuclear outer membrane	6	0.03
septin complex	6	0.03
hippocampal mossy fiber to CA3 synapse	6	0.03
alpha DNA polymerase:primase complex	6	0.03
synaptic membrane	6	0.03
pseudopodium	6	0.03
Ctf18 RFC-like complex	6	0.03
THO complex	6	0.03
cell division site	6	0.03
large ribosomal subunit	6	0.03
cornified envelope	6	0.03
GABA-ergic synapse	6	0.03
male germ cell nucleus	5	0.02
Sin3-type complex	5	0.02
nuclear pore outer ring	5	0.02
SMAD protein complex	5	0.02
photoreceptor inner segment	5	0.02
origin recognition complex	5	0.02
basal plasma membrane	5	0.02
paraspeckles	5	0.02
mitochondrial proton-transporting ATP synthase complex	5	0.02
mitochondrial respiratory chain complex I	5	0.02
exocyst	5	0.02
integral component of mitochondrial outer membrane	5	0.02
extrinsic component of plasma membrane	5	0.02
condensin complex	5	0.02
beta-catenin destruction complex	5	0.02
replication fork protection complex	5	0.02
ribonuclease MRP complex	5	0.02
chromatin silencing complex	5	0.02
multivesicular body	5	0.02
pronucleus	5	0.02
filopodium membrane	5	0.02
trans-Golgi network transport vesicle	5	0.02
hemidesmosome	5	0.02
condensed chromosome, centromeric region	5	0.02
eukaryotic 48S preinitiation complex	5	0.02
cohesin complex	5	0.02
phagophore assembly site	5	0.02
transport vesicle membrane	5	0.02
PTW/PP1 phosphatase complex	5	0.02
prefoldin complex	5	0.02
eukaryotic translation initiation factor 4F complex	5	0.02
spliceosomal tri-snRNP complex	5	0.02
Schmidt-Lanterman incisure	5	0.02
pre-snoRNP complex	5	0.02
endoplasmic reticulum chaperone complex	5	0.02
DNA replication factor C complex	5	0.02
U4 snRNP	5	0.02
presynaptic cytosol	5	0.02
multimeric ribonuclease P complex	5	0.02
plasma membrane raft	5	0.02
eukaryotic translation initiation factor 3 complex, eIF3m	5	0.02
cyclin/CDK positive transcription elongation factor complex	5	0.02
chromosome passenger complex	5	0.02
RNA polymerase I complex	5	0.02
Cul4A-RING E3 ubiquitin ligase complex	5	0.02
azurophil granule membrane	5	0.02
intraciliary transport particle A	5	0.02
Golgi-associated vesicle membrane	5	0.02
postsynaptic density membrane	5	0.02
integrin complex	4	0.02
X chromosome	4	0.02
oxoglutarate dehydrogenase complex	4	0.02
nuclear stress granule	4	0.02
phagophore assembly site membrane	4	0.02
I-kappaB/NF-kappaB complex	4	0.02
NSL complex	4	0.02
U2AF	4	0.02
polar microtubule	4	0.02
rDNA heterochromatin	4	0.02
CRD-mediated mRNA stability complex	4	0.02
eukaryotic translation elongation factor 1 complex	4	0.02
mitochondrial respiratory chain complex IV	4	0.02
integral component of postsynaptic density membrane	4	0.02
immunological synapse	4	0.02
epsilon DNA polymerase complex	4	0.02
autophagosome membrane	4	0.02
mitochondria-associated endoplasmic reticulum membrane	4	0.02
SLIK (SAGA-like) complex	4	0.02
condensed nuclear chromosome kinetochore	4	0.02
I band	4	0.02
ASAP complex	4	0.02
centriolar subdistal appendage	4	0.02
dendritic growth cone	4	0.02
pore complex	4	0.02
perichromatin fibrils	4	0.02
vacuolar proton-transporting V-type ATPase complex	4	0.02
euchromatin	4	0.02
postsynaptic density, intracellular component	4	0.02
NELF complex	4	0.02
CCR4-NOT complex	4	0.02
meiotic cohesin complex	4	0.02
invadopodium	4	0.02
glycogen granule	4	0.02
gamma-tubulin complex	4	0.02
filopodium tip	4	0.02
chromatoid body	4	0.02
box H/ACA snoRNP complex	4	0.02
Smc5-Smc6 complex	4	0.02
male pronucleus	4	0.02
GAIT complex	4	0.02
DNA replication factor A complex	4	0.02
proton-transporting two-sector ATPase complex	4	0.02
U7 snRNP	4	0.02
ESCRT III complex	4	0.02
desmosome	4	0.02
NURF complex	4	0.02
DNA repair complex	4	0.02
ciliary transition fiber	4	0.02
beta-catenin-TCF complex	4	0.02
septin ring	4	0.02
phosphatidylinositol 3-kinase complex	4	0.02
stereocilium	4	0.02
Elongator holoenzyme complex	4	0.02
zonula adherens	4	0.02
clathrin-coated endocytic vesicle membrane	4	0.02
female pronucleus	4	0.02
MMXD complex	4	0.02
membrane coat	4	0.02
Piccolo NuA4 histone acetyltransferase complex	4	0.02
Cul4B-RING E3 ubiquitin ligase complex	4	0.02
nucleotide-excision repair complex	4	0.02
excitatory synapse	4	0.02
integral component of mitochondrial inner membrane	4	0.02
CD40 receptor complex	4	0.02
vacuolar membrane	4	0.02
endocytic vesicle lumen	4	0.02
sarcoplasmic reticulum lumen	4	0.02
mRNA cleavage factor complex	4	0.02
signal recognition particle, endoplasmic reticulum targeting	4	0.02
costamere	4	0.02
calcium channel complex	4	0.02
transcription export complex 2	4	0.02
phagocytic cup	4	0.02
VCB complex	3	0.01
box H/ACA telomerase RNP complex	3	0.01
macropinosome	3	0.01
Wnt signalosome	3	0.01
cuticular plate	3	0.01
nuclear pore central transport channel	3	0.01
mast cell granule	3	0.01
laminin complex	3	0.01
dense body	3	0.01
nascent polypeptide-associated complex	3	0.01
laminin-11 complex	3	0.01
laminin-1 complex	3	0.01
Mre11 complex	3	0.01
transcription factor TFIIIC complex	3	0.01
U6 snRNP	3	0.01
core-binding factor complex	3	0.01
CURI complex	3	0.01
nuclear envelope lumen	3	0.01
WASH complex	3	0.01
nuclear pore cytoplasmic filaments	3	0.01
protein phosphatase type 1 complex	3	0.01
astrocyte projection	3	0.01
retromer complex	3	0.01
ERCC4-ERCC1 complex	3	0.01
eukaryotic translation initiation factor 2B complex	3	0.01
UTP-C complex	3	0.01
nonhomologous end joining complex	3	0.01
transcription factor AP-1 complex	3	0.01
collagen trimer	3	0.01
mitotic spindle astral microtubule	3	0.01
A band	3	0.01
clathrin complex	3	0.01
proton-transporting V-type ATPase, V0 domain	3	0.01
meiotic spindle	3	0.01
tRNA-splicing ligase complex	3	0.01
actomyosin contractile ring	3	0.01
RNA polymerase II, holoenzyme	3	0.01
integral component of Golgi membrane	3	0.01
P granule	3	0.01
condensin core heterodimer	3	0.01
transcription factor TFIIIB complex	3	0.01
microfibril	3	0.01
annulate lamellae	3	0.01
ER membrane protein complex	3	0.01
oligosaccharyltransferase complex	3	0.01
condensed nuclear chromosome outer kinetochore	3	0.01
fascia adherens	3	0.01
brahma complex	3	0.01
basal dendrite	3	0.01
myelin sheath adaxonal region	3	0.01
interchromatin granule	3	0.01
SAGA-type complex	3	0.01
nuclear lamina	3	0.01
phosphorylase kinase complex	3	0.01
axonemal dynein complex	3	0.01
centralspindlin complex	3	0.01
endolysosome lumen	3	0.01
microvillus membrane	3	0.01
histone pre-mRNA 3'end processing complex	3	0.01
endosome to plasma membrane transport vesicle	3	0.01
cell projection membrane	3	0.01
photoreceptor outer segment membrane	3	0.01
photoreceptor ribbon synapse	3	0.01
sperm annulus	3	0.01
granular component	3	0.01
pyruvate dehydrogenase complex	3	0.01
SOSS complex	3	0.01
AP-2 adaptor complex	3	0.01
sperm principal piece	3	0.01
lamin filament	3	0.01
mitochondrial respiratory chain complex III	3	0.01
azurophil granule	3	0.01
Barr body	3	0.01
microtubule minus-end	3	0.01
Lsm2-8 complex	3	0.01
R2TP complex	3	0.01
endolysosome membrane	3	0.01
PeBoW complex	3	0.01
synaptic cleft	3	0.01
AP-type membrane coat adaptor complex	3	0.01
TORC2 complex	3	0.01
specific granule	3	0.01
myelin sheath abaxonal region	3	0.01
vesicle membrane	3	0.01
endoplasmic reticulum quality control compartment	3	0.01
box H/ACA scaRNP complex	3	0.01
bleb	3	0.01
pICln-Sm protein complex	3	0.01
extrinsic component of endosome membrane	3	0.01
PCAF complex	3	0.01
GID complex	3	0.01
central region of growth cone	3	0.01
proteasome activator complex	3	0.01
NLRP3 inflammasome complex	3	0.01
death-inducing signaling complex	3	0.01
laminin-10 complex	3	0.01
respirasome	3	0.01
intrinsic component of membrane	3	0.01
cyclin-dependent protein kinase activating kinase holoenzyme complex	3	0.01
catenin complex	3	0.01
platelet dense tubular network membrane	3	0.01
apical dendrite	3	0.01
spectrin	3	0.01
supraspliceosomal complex	3	0.01
core TFIIH complex portion of holo TFIIH complex	3	0.01
striated muscle thin filament	3	0.01
kinesin II complex	3	0.01
rough endoplasmic reticulum membrane	3	0.01
CAF-1 complex	3	0.01
platelet alpha granule membrane	3	0.01
brush border membrane	3	0.01
voltage-gated calcium channel complex	3	0.01
transcription factor TFIIA complex	3	0.01
tRNA-intron endonuclease complex	3	0.01
VCP-NPL4-UFD1 AAA ATPase complex	3	0.01
nucleolar ribonuclease P complex	3	0.01
AP-3 adaptor complex	3	0.01
delta DNA polymerase complex	3	0.01
ESCRT I complex	3	0.01
perinuclear endoplasmic reticulum	3	0.01
tubular endosome	3	0.01
troponin complex	3	0.01
invadopodium membrane	3	0.01
Elg1 RFC-like complex	3	0.01
histone H3-K14 acetyltransferase complex	2	0.01
SUMO activating enzyme complex	2	0.01
apicolateral plasma membrane	2	0.01
retromer, tubulation complex	2	0.01
cyclin A2-CDK2 complex	2	0.01
organelle membrane	2	0.01
CD95 death-inducing signaling complex	2	0.01
DNA replication preinitiation complex	2	0.01
CCAAT-binding factor complex	2	0.01
protein kinase CK2 complex	2	0.01
mitochondrial degradosome	2	0.01
meiotic nuclear membrane microtubule tethering complex	2	0.01
unconventional myosin complex	2	0.01
cyclin K-CDK13 complex	2	0.01
sarcoplasm	2	0.01
CHRAC	2	0.01
microtubule end	2	0.01
mitotic spindle microtubule	2	0.01
early phagosome	2	0.01
periciliary membrane compartment	2	0.01
RNA nuclear export complex	2	0.01
mitochondrial permeability transition pore complex	2	0.01
IkappaB kinase complex	2	0.01
calcineurin complex	2	0.01
spermatoproteasome complex	2	0.01
checkpoint clamp complex	2	0.01
sorting endosome	2	0.01
FACT complex	2	0.01
integral component of synaptic vesicle membrane	2	0.01
SMN complex	2	0.01
laminin-3 complex	2	0.01
Shc-EGFR complex	2	0.01
glial cell projection	2	0.01
CERF complex	2	0.01
photoreceptor disc membrane	2	0.01
HULC complex	2	0.01
tertiary granule	2	0.01
exocytic vesicle	2	0.01
growth cone filopodium	2	0.01
ripoptosome	2	0.01
Mon1-Ccz1 complex	2	0.01
phosphopyruvate hydratase complex	2	0.01
plasma membrane protein complex	2	0.01
basal part of cell	2	0.01
6-phosphofructokinase complex	2	0.01
muscle thin filament tropomyosin	2	0.01
inner dynein arm	2	0.01
condensed chromosome inner kinetochore	2	0.01
acrosomal matrix	2	0.01
manchette	2	0.01
nuclear pre-replicative complex	2	0.01
ribonucleoprotein granule	2	0.01
Y chromosome	2	0.01
MSL complex	2	0.01
cyclin K-CDK12 complex	2	0.01
microprocessor complex	2	0.01
NatA complex	2	0.01
Golgi cisterna	2	0.01
transcription factor TFIIF complex	2	0.01
laminin-5 complex	2	0.01
cytoophidium	2	0.01
nuclear cyclin-dependent protein kinase holoenzyme complex	2	0.01
anchored component of plasma membrane	2	0.01
mitochondrial proton-transporting ATP synthase complex, coupling factor F(o)	2	0.01
PR-DUB complex	2	0.01
RSF complex	2	0.01
protein serine/threonine phosphatase complex	2	0.01
DSIF complex	2	0.01
MKS complex	2	0.01
U4/U6 snRNP	2	0.01
clathrin vesicle coat	2	0.01
transferase complex	2	0.01
phosphatidylinositol 3-kinase complex, class III, type I	2	0.01
HSP90-CDC37 chaperone complex	2	0.01
protein phosphatase 4 complex	2	0.01
glycinergic synapse	2	0.01
Golgi transport complex	2	0.01
nuclear telomere cap complex	2	0.01
collagen type IV trimer	2	0.01
beta-catenin-TCF7L2 complex	2	0.01
aryl hydrocarbon receptor complex	2	0.01
myosin II complex	2	0.01
spectrin-associated cytoskeleton	2	0.01
postsynaptic Golgi apparatus	2	0.01
mitochondrial crista	2	0.01
cytosolic ribosome	2	0.01
TORC1 complex	2	0.01
integral component of lumenal side of endoplasmic reticulum membrane	2	0.01
RNA polymerase II transcription repressor complex	2	0.01
mitochondrial processing peptidase complex	2	0.01
MutSalpha complex	2	0.01
alphav-beta3 integrin-HMGB1 complex	2	0.01
MIB complex	2	0.01
coated vesicle	2	0.01
extrinsic component of endoplasmic reticulum membrane	2	0.01
high-density lipoprotein particle	2	0.01
perinuclear endoplasmic reticulum membrane	2	0.01
ciliary membrane	2	0.01
astral microtubule	2	0.01
neuronal cell body membrane	2	0.01
signal recognition particle	2	0.01
activating signal cointegrator 1 complex	2	0.01
cytoplasmic side of endoplasmic reticulum membrane	2	0.01
proton-transporting ATP synthase complex, catalytic core F(1)	2	0.01
nuclear meiotic cohesin complex	2	0.01
extrinsic component of presynaptic endocytic zone membrane	2	0.01
Schwann cell microvillus	2	0.01
distal axon	2	0.01
zymogen granule	2	0.01
Cul7-RING ubiquitin ligase complex	2	0.01
replisome	2	0.01
viral integration complex	2	0.01
phosphatidylinositol 3-kinase complex, class III, type II	2	0.01
neurofibrillary tangle	2	0.01
ciliary rootlet	2	0.01
commitment complex	2	0.01
Rad51B-Rad51C-Rad51D-XRCC2 complex	2	0.01
laminin-2 complex	2	0.01
microspike	2	0.01
contractile ring	2	0.01
zeta DNA polymerase complex	2	0.01
phenylalanine-tRNA ligase complex	2	0.01
NF-kappaB complex	2	0.01
ciliary pocket membrane	2	0.01
glucosidase II complex	2	0.01
guanyl-nucleotide exchange factor complex	2	0.01
photoreceptor inner segment membrane	2	0.01
preribosome	2	0.01
lateral cell cortex	2	0.01
tetraspanin-enriched microdomain	2	0.01
cell-cell contact zone	2	0.01
dystrophin-associated glycoprotein complex	2	0.01
viral replication complex	2	0.01
nuclear proteasome complex	2	0.01
cytoplasmic side of lysosomal membrane	2	0.01
axon hillock	2	0.01
integral component of synaptic membrane	2	0.01
Ndc80 complex	2	0.01
cAMP-dependent protein kinase complex	2	0.01
outer dynein arm	2	0.01
U2-type post-mRNA release spliceosomal complex	2	0.01
clathrin coat of trans-Golgi network vesicle	2	0.01
integrin alpha3-beta1 complex	2	0.01
phosphatidylinositol 3-kinase complex, class III	2	0.01
mitochondrial ribosome	2	0.01
transcription factor TFIIK complex	2	0.01
MutLalpha complex	2	0.01
Myb complex	2	0.01
activin responsive factor complex	2	0.01
myosin II filament	2	0.01
SNARE complex	2	0.01
parallel fiber to Purkinje cell synapse	2	0.01
Golgi cis cisterna	2	0.01
lipopolysaccharide receptor complex	2	0.01
CIA complex	2	0.01
mitochondrial pyruvate dehydrogenase complex	2	0.01
U4atac snRNP	2	0.01
integral component of postsynaptic membrane	2	0.01
integral component of presynaptic membrane	2	0.01
uropod	2	0.01
Mpp10 complex	2	0.01
melanosome membrane	2	0.01
cyclin B1-CDK1 complex	2	0.01
Ku70:Ku80 complex	2	0.01
zymogen granule membrane	2	0.01
kinetochore microtubule	2	0.01
axon initial segment	2	0.01
Ski complex	2	0.01
GATOR2 complex	2	0.01
neurofilament	2	0.01
tight junction	2	0.01
Dbf4-dependent protein kinase complex	2	0.01
ribonuclease H2 complex	2	0.01
CCR4-NOT core complex	2	0.01
endoplasmic reticulum tubular network	2	0.01
HOPS complex	2	0.01
cell tip	2	0.01
uniplex complex	2	0.01
flotillin complex	2	0.01
sex chromosome	2	0.01
BORC complex	2	0.01
dense core granule	2	0.01
elongin complex	2	0.01
proximal dendrite	2	0.01
super elongation complex	2	0.01
outer dense fiber	2	0.01
Cul2-RING ubiquitin ligase complex	2	0.01
sodium:potassium-exchanging ATPase complex	2	0.01
AP-1 adaptor complex	2	0.01
SAM complex	2	0.01
mitochondrial proton-transporting ATP synthase complex, catalytic core F(1)	2	0.01
nucleotide-excision repair factor 1 complex	2	0.01
VCP-NSFL1C complex	2	0.01
gamma-secretase complex	2	0.01
translation release factor complex	2	0.01
MHC class I peptide loading complex	2	0.01
dense fibrillar component	2	0.01
nuclear condensin complex	2	0.01
heteromeric SMAD protein complex	2	0.01
proton-transporting ATP synthase complex	2	0.01
cytoplasmic side of rough endoplasmic reticulum membrane	2	0.01
Gemini of coiled bodies	2	0.01
endosome lumen	2	0.01
proton-transporting V-type ATPase, V1 domain	2	0.01
Noc4p-Nop14p complex	2	0.01
RSC-type complex	2	0.01
proteasome storage granule	2	0.01
RNA cap binding complex	2	0.01
neuron projection terminus	2	0.01
MutSbeta complex	2	0.01
calcium- and calmodulin-dependent protein kinase complex	2	0.01
nuclear cap binding complex	2	0.01
SCAR complex	1	0.00
GATOR1 complex	1	0.00
growth cone membrane	1	0.00
U11/U12 snRNP	1	0.00
DNA ligase III-XRCC1 complex	1	0.00
dense core granule membrane	1	0.00
UBC13-UEV1A complex	1	0.00
FHF complex	1	0.00
cytosolic aryl hydrocarbon receptor complex	1	0.00
nuclear telomeric heterochromatin	1	0.00
SMC loading complex	1	0.00
cleavage body	1	0.00
growth cone leading edge	1	0.00
alphav-beta3 integrin-PKCalpha complex	1	0.00
ATP-binding cassette (ABC) transporter complex	1	0.00
ESCRT II complex	1	0.00
junctional sarcoplasmic reticulum membrane	1	0.00
mitochondrial envelope	1	0.00
axolemma	1	0.00
septin collar	1	0.00
axonemal microtubule	1	0.00
gamma DNA polymerase complex	1	0.00
ATF1-ATF4 transcription factor complex	1	0.00
Grb2-Sos complex	1	0.00
growth cone lamellipodium	1	0.00
mRNA cap methyltransferase complex	1	0.00
fibrinogen complex	1	0.00
ubiquitin conjugating enzyme complex	1	0.00
cytoplasmic side of nuclear pore	1	0.00
nucleotide-excision repair factor 3 complex	1	0.00
tricarboxylic acid cycle enzyme complex	1	0.00
Atg1/ULK1 kinase complex	1	0.00
ribonuclease P complex	1	0.00
outer acrosomal membrane	1	0.00
striated muscle dense body	1	0.00
CHOP-C/EBP complex	1	0.00
AIM2 inflammasome complex	1	0.00
acetylcholine-gated channel complex	1	0.00
integrin alpha5-beta1 complex	1	0.00
mitochondrial alpha-ketoglutarate dehydrogenase complex	1	0.00
cytoplasmic microtubule bundle	1	0.00
Lewy body core	1	0.00
stereocilium tip	1	0.00
contractile fiber	1	0.00
signal peptidase complex	1	0.00
equatorial microtubule organizing center	1	0.00
Hrd1p ubiquitin ligase complex	1	0.00
senescence-associated heterochromatin focus	1	0.00
serine-pyruvate aminotransferase complex	1	0.00
tRNA methyltransferase complex	1	0.00
integrin alpha1-beta1 complex	1	0.00
Lsm1-7-Pat1 complex	1	0.00
endoplasmic reticulum tubular network membrane	1	0.00
plasma membrane bounded cell projection cytoplasm	1	0.00
dopaminergic synapse	1	0.00
cell-substrate junction	1	0.00
early endosome lumen	1	0.00
intermediate-density lipoprotein particle	1	0.00
snRNA-activating protein complex	1	0.00
telomeric heterochromatin	1	0.00
inner acrosomal membrane	1	0.00
postsynaptic specialization, intracellular component	1	0.00
multivesicular body, internal vesicle lumen	1	0.00
ciliary plasm	1	0.00
apical cortex	1	0.00
postsynaptic actin cytoskeleton	1	0.00
DNA polymerase III complex	1	0.00
sperm connecting piece	1	0.00
integrin alpha8-beta1 complex	1	0.00
IPAF inflammasome complex	1	0.00
chromosome, centromeric core domain	1	0.00
TRAMP complex	1	0.00
integral component of mitochondrial membrane	1	0.00
3M complex	1	0.00
sperm fibrous sheath	1	0.00
extrinsic component of lysosome membrane	1	0.00
L-type voltage-gated calcium channel complex	1	0.00
mitochondrial inner membrane peptidase complex	1	0.00
integrin alpha11-beta1 complex	1	0.00
alphav-beta3 integrin-IGF-1-IGF1R complex	1	0.00
DNA polymerase complex	1	0.00
inactive sex chromosome	1	0.00
PAM complex, Tim23 associated import motor	1	0.00
peptidase complex	1	0.00
NMDA selective glutamate receptor complex	1	0.00
PCNA complex	1	0.00
extrinsic component of postsynaptic endosome membrane	1	0.00
nuclear subtelomeric heterochromatin	1	0.00
gamma-tubulin small complex	1	0.00
condensed chromosome outer kinetochore	1	0.00
autosome	1	0.00
recycling endosome lumen	1	0.00
Gtr1-Gtr2 GTPase complex	1	0.00
CatSper complex	1	0.00
recombination nodule	1	0.00
NuA3a histone acetyltransferase complex	1	0.00
phosphatidylinositol 3-kinase complex, class IA	1	0.00
stereocilium bundle	1	0.00
cell body membrane	1	0.00
methyltransferase complex	1	0.00
protein kinase 5 complex	1	0.00
apoptosome	1	0.00
TRAF2-GSTP1 complex	1	0.00
BRISC complex	1	0.00
palmitoyltransferase complex	1	0.00
glycerol-3-phosphate dehydrogenase complex	1	0.00
extrinsic component of autophagosome membrane	1	0.00
UDP-N-acetylglucosamine transferase complex	1	0.00
IRE1-RACK1-PP2A complex	1	0.00
kainate selective glutamate receptor complex	1	0.00
TIM23 mitochondrial import inner membrane translocase complex	1	0.00
amino acid transport complex	1	0.00
ribose phosphate diphosphokinase complex	1	0.00
epididymosome	1	0.00
SUMO ligase complex	1	0.00
transcription factor TFIIE complex	1	0.00
platelet dense granule membrane	1	0.00
varicosity	1	0.00
cyclin A1-CDK2 complex	1	0.00
postsynaptic early endosome	1	0.00
Noc2p-Noc3p complex	1	0.00
apolipoprotein B mRNA editing enzyme complex	1	0.00
acrosomal membrane	1	0.00
DNA-dependent protein kinase-DNA ligase 4 complex	1	0.00
guanylate cyclase complex, soluble	1	0.00
oligosaccharyltransferase I complex	1	0.00
cortical microtubule cytoskeleton	1	0.00
plasma membrane proton-transporting V-type ATPase complex	1	0.00
anchored component of postsynaptic density membrane	1	0.00
TAP complex	1	0.00
clathrin-sculpted gamma-aminobutyric acid transport vesicle membrane	1	0.00
BRCA2-MAGE-D1 complex	1	0.00
integrin alphav-beta8 complex	1	0.00
NuA3b histone acetyltransferase complex	1	0.00
intracellular ferritin complex	1	0.00
peripheral region of growth cone	1	0.00
mitochondrial fatty acid beta-oxidation multienzyme complex	1	0.00
TRAPPI protein complex	1	0.00
Lewy body	1	0.00
extracellular membrane-bounded organelle	1	0.00
mitotic checkpoint complex	1	0.00
Scrib-APC-beta-catenin complex	1	0.00
anchored component of presynaptic membrane	1	0.00
RES complex	1	0.00
semaphorin receptor complex	1	0.00
oligosaccharyltransferase III complex	1	0.00
lateral loop	1	0.00
nuclear lumen	1	0.00
DUBm complex	1	0.00
anchored component of postsynaptic recycling endosome membrane	1	0.00
BRCA1-BARD1 complex	1	0.00
macropinocytic cup	1	0.00
integrin alpha7-beta1 complex	1	0.00
actin cap	1	0.00
TRAPPII protein complex	1	0.00
Hrd1p ubiquitin ligase ERAD-L complex	1	0.00
SREBP-SCAP-Insig complex	1	0.00
HIR complex	1	0.00
sperm head	1	0.00
leading edge membrane	1	0.00
external side of apical plasma membrane	1	0.00
microtubule bundle	1	0.00
DNA topoisomerase type II (double strand cut, ATP-hydrolyzing) complex	1	0.00
nucleus-vacuole junction	1	0.00
spherical high-density lipoprotein particle	1	0.00
dendritic microtubule	1	0.00
methionine adenosyltransferase complex	1	0.00
activin A complex	1	0.00
vesicle coat	1	0.00
chromaffin granule membrane	1	0.00
site of polarized growth	1	0.00
mitochondrial proton-transporting ATP synthase, catalytic core	1	0.00
signal recognition particle receptor complex	1	0.00
actin filament bundle	1	0.00
collagen type XI trimer	1	0.00
intrinsic component of Golgi membrane	1	0.00
integrin alpha4-beta7 complex	1	0.00
NatB complex	1	0.00
very-low-density lipoprotein particle	1	0.00
growing cell tip	1	0.00
tRNA (m1A) methyltransferase complex	1	0.00
dendrite membrane	1	0.00
protein N-acetylglucosaminyltransferase complex	1	0.00
central element	1	0.00
chiasma	1	0.00
host cell PML body	1	0.00
t-UTP complex	1	0.00
UBC13-MMS2 complex	1	0.00
stereocilium shaft	1	0.00
spliceosomal snRNP complex	1	0.00
collagen type IX trimer	1	0.00
junctional membrane complex	1	0.00
integrin alpha10-beta1 complex	1	0.00
sperm midpiece	1	0.00
endoplasmic reticulum-plasma membrane contact site	1	0.00
Cul5-RING ubiquitin ligase complex	1	0.00
Scc2-Scc4 cohesin loading complex	1	0.00
extrinsic component of omegasome membrane	1	0.00
mitochondrial respirasome	1	0.00
ATPase complex	1	0.00
Wnt-Frizzled-LRP5/6 complex	1	0.00
Bcl3/NF-kappaB2 complex	1	0.00
actomyosin, actin portion	1	0.00
axonal spine	1	0.00
myosin V complex	1	0.00
Parkin-FBXW7-Cul1 ubiquitin ligase complex	1	0.00
dendrite terminus	1	0.00
EKC/KEOPS complex	1	0.00
Rb-E2F complex	1	0.00
intrinsic component of mitochondrial outer membrane	1	0.00
interstitial matrix	1	0.00
presynaptic endosome	1	0.00
Noc1p-Noc2p complex	1	0.00
anchored component of postsynaptic membrane	1	0.00
platelet dense tubular network	1	0.00
cyclin E1-CDK2 complex	1	0.00
intrinsic component of the cytoplasmic side of the plasma membrane	1	0.00
inhibin A complex	1	0.00
TIM22 mitochondrial import inner membrane insertion complex	1	0.00
multi-eIF complex	1	0.00
DNA-dependent protein kinase complex	1	0.00
Rad51C-XRCC3 complex	1	0.00
insulin receptor complex	1	0.00
nuclear pore inner ring	1	0.00
PCSK9-AnxA2 complex	1	0.00
main axon	1	0.00
elastic fiber	1	0.00
germinal vesicle	1	0.00
Holliday junction resolvase complex	1	0.00
AP-4 adaptor complex	1	0.00
phagocytic vesicle lumen	1	0.00
muscle cell projection membrane	1	0.00
extrinsic component of phagophore assembly site membrane	1	0.00
ooplasm	1	0.00
FANCM-MHF complex	1	0.00
postsynaptic specialization membrane	1	0.00
sperm head plasma membrane	1	0.00
Derlin-1 retrotranslocation complex	1	0.00
lipoprotein particle	1	0.00
integral component of postsynaptic specialization membrane	1	0.00
eukaryotic 80S initiation complex	1	0.00
tRNA-specific adenosine-34 deaminase complex	1	0.00
cyclin D2-CDK4 complex	1	0.00
glutamate-cysteine ligase complex	1	0.00
cytoskeletal calyx	1	0.00
GTPase activator complex	1	0.00
Weibel-Palade body	1	0.00
host cell presynaptic membrane	1	0.00
autolysosome	1	0.00
presynaptic endocytic zone	1	0.00
insulin-responsive compartment	1	0.00
integral component of presynaptic active zone membrane	1	0.00
plus-end kinesin complex	1	0.00
BRCA1-A complex	1	0.00
tubulobulbar complex	1	0.00
CAK-ERCC2 complex	1	0.00
amyloid-beta complex	1	0.00
ARC complex	1	0.00
cortical microtubule	1	0.00
vacuolar proton-transporting V-type ATPase, V1 domain	1	0.00
nuclear SCF ubiquitin ligase complex	1	0.00
extrinsic component of external side of plasma membrane	1	0.00
MPP7-DLG1-LIN7 complex	1	0.00
TRAPPIII protein complex	1	0.00
PCNA-p21 complex	1	0.00
cytoplasmic periphery of the nuclear pore complex	1	0.00
cell body fiber	1	0.00
gap junction	1	0.00
procollagen-proline 4-dioxygenase complex	1	0.00
voltage-gated potassium channel complex	1	0.00
protein farnesyltransferase complex	1	0.00
integrin alphav-beta6 complex	1	0.00
9+2 motile cilium	1	0.00
ATF4-CREB1 transcription factor complex	1	0.00
integrin alpha2-beta1 complex	1	0.00
CHOP-ATF4 complex	1	0.00
mitochondrial outer membrane translocase complex	1	0.00
lumenal side of lysosomal membrane	1	0.00
eukaryotic translation initiation factor 2 complex	1	0.00
clathrin coat of coated pit	1	0.00
glycine-gated chloride channel complex	1	0.00
integrin alpha6-beta4 complex	1	0.00
U2-type post-spliceosomal complex	1	0.00
cortical endoplasmic reticulum	1	0.00
GARP complex	1	0.00
podosome core	1	0.00
FAR/SIN/STRIPAK complex	1	0.00
somatodendritic compartment	1	0.00
perisynaptic extracellular matrix	1	0.00
cyclin D2-CDK6 complex	1	0.00
TEAD-1-YAP complex	1	0.00
dendritic spine head	1	0.00
eukaryotic translation initiation factor 3 complex, eIF3e	1	0.00
integrin alphav-beta3 complex	1	0.00
LUBAC complex	1	0.00
pyruvate kinase complex	1	0.00
cis-Golgi network membrane	1	0.00
deuterosome	1	0.00
septin cytoskeleton	1	0.00
XPC complex	1	0.00
dendritic spine membrane	1	0.00
H zone	1	0.00
concave side of sperm head	1	0.00
BCOR complex	1	0.00
perineuronal net	1	0.00
cyclin E2-CDK2 complex	1	0.00
Golgi medial cisterna	1	0.00
GPI-anchor transamidase complex	1	0.00
Sec61 translocon complex	1	0.00
bub1-bub3 complex	1	0.00
ribbon synapse	1	0.00
nuclear RNA-directed RNA polymerase complex	1	0.00
integrin alphav-beta5 complex	1	0.00
platelet alpha granule	1	0.00
paranodal junction	1	0.00
EGO complex	1	0.00
sumoylated E2 ligase complex	1	0.00
negative cofactor 2 complex	1	0.00
meiotic spindle midzone	1	0.00
BLOC-1 complex	1	0.00
nuclear outer membrane-endoplasmic reticulum membrane network	1	0.00
nuclear cohesin complex	1	0.00
Fanconi anaemia nuclear complex	1	0.00
laminin-8 complex	1	0.00
ACF complex	1	0.00
smooth muscle contractile fiber	1	0.00
hippocampal mossy fiber	1	0.00
photoreceptor cell cilium	1	0.00
BMP receptor complex	1	0.00
Rix1 complex	1	0.00
interphotoreceptor matrix	1	0.00
mitotic spindle astral microtubule end	1	0.00
paranode region of axon	1	0.00
AnxA2-p11 complex	1	0.00
MCM8-MCM9 complex	1	0.00
apical cytoplasm	1	0.00
interphase microtubule organizing center	1	0.00
RIC1-RGP1 guanyl-nucleotide exchange factor complex	1	0.00
extrinsic component of postsynaptic specialization membrane	1	0.00
cytoplasmic side of apical plasma membrane	1	0.00
9+0 non-motile cilium	1	0.00
node of Ranvier	1	0.00
piP-body	1	0.00
cation channel complex	1	0.00
CHOP-ATF3 complex	1	0.00
glycine cleavage complex	1	0.00
cytolytic granule	1	0.00
proton-transporting V-type ATPase complex	1	0.00
proton-transporting two-sector ATPase complex, catalytic domain	1	0.00
clathrin coat	1	0.00
endothelial microparticle	1	0.00
