GO_F_term	Count	% Proportion
metal ion binding	1012	5.83
DNA binding	821	4.73
RNA binding	809	4.66
ATP binding	721	4.15
DNA-binding transcription factor activity	422	2.43
identical protein binding	397	2.29
DNA-binding transcription factor activity, RNA polymerase II-specific	332	1.91
zinc ion binding	286	1.65
RNA polymerase II cis-regulatory region sequence-specific DNA binding	252	1.45
chromatin binding	219	1.26
sequence-specific DNA binding	208	1.20
DNA-binding transcription activator activity, RNA polymerase II-specific	192	1.11
protein serine/threonine kinase activity	188	1.08
protein homodimerization activity	185	1.07
RNA polymerase II regulatory region sequence-specific DNA binding	177	1.02
nucleic acid binding	169	0.97
transcription factor binding	165	0.95
protein kinase binding	162	0.93
enzyme binding	147	0.85
transcription coactivator activity	134	0.77
GTP binding	130	0.75
transcription regulatory region DNA binding	128	0.74
DNA-binding transcription repressor activity, RNA polymerase II-specific	123	0.71
cadherin binding	123	0.71
protein heterodimerization activity	123	0.71
transcription corepressor activity	122	0.70
calcium ion binding	122	0.70
ubiquitin protein ligase binding	120	0.69
structural constituent of ribosome	116	0.67
protein-containing complex binding	115	0.66
protein kinase activity	109	0.63
mRNA binding	108	0.62
ATPase activity	107	0.62
protein domain specific binding	103	0.59
GTPase activity	100	0.58
histone binding	85	0.49
actin binding	84	0.48
protein C-terminus binding	77	0.44
magnesium ion binding	76	0.44
microtubule binding	74	0.43
histone deacetylase binding	66	0.38
unfolded protein binding	61	0.35
RNA helicase activity	60	0.35
actin filament binding	59	0.34
single-stranded DNA binding	57	0.33
calmodulin binding	55	0.32
ubiquitin protein ligase activity	54	0.31
ubiquitin-protein transferase activity	52	0.30
protein dimerization activity	50	0.29
structural molecule activity	46	0.27
DNA helicase activity	46	0.27
double-stranded DNA binding	45	0.26
transcription regulatory region sequence-specific DNA binding	44	0.25
GTPase activator activity	44	0.25
protein N-terminus binding	44	0.25
transcription coregulator activity	43	0.25
promoter-specific chromatin binding	41	0.24
double-stranded RNA binding	39	0.22
signaling receptor binding	39	0.22
microtubule motor activity	39	0.22
structural constituent of cytoskeleton	39	0.22
chromatin DNA binding	38	0.22
p53 binding	38	0.22
kinase activity	37	0.21
damaged DNA binding	36	0.21
chaperone binding	35	0.20
kinase binding	34	0.20
integrin binding	34	0.20
mRNA 3'-UTR binding	33	0.19
Rab GTPase binding	33	0.19
RNA polymerase II transcription factor binding	32	0.18
helicase activity	32	0.18
beta-catenin binding	31	0.18
nuclear receptor activity	30	0.17
ATPase binding	30	0.17
nucleotide binding	29	0.17
protein phosphatase binding	29	0.17
thiol-dependent ubiquitin-specific protease activity	29	0.17
nuclear receptor transcription coactivator activity	29	0.17
protein tyrosine phosphatase activity	29	0.17
repressing transcription factor binding	29	0.17
oxidoreductase activity	28	0.16
methylated histone binding	28	0.16
tau protein binding	28	0.16
ubiquitin binding	28	0.16
4 iron, 4 sulfur cluster binding	28	0.16
cysteine-type endopeptidase activity	27	0.16
heat shock protein binding	27	0.16
protein tyrosine kinase activity	27	0.16
peptidyl-prolyl cis-trans isomerase activity	26	0.15
translation initiation factor activity	26	0.15
iron ion binding	26	0.15
steroid hormone receptor activity	26	0.15
phospholipid binding	25	0.14
single-stranded RNA binding	25	0.14
endopeptidase activity	24	0.14
tRNA binding	24	0.14
metalloendopeptidase activity	24	0.14
guanyl-nucleotide exchange factor activity	23	0.13
ion channel binding	23	0.13
protease binding	23	0.13
E-box binding	23	0.13
lipid binding	23	0.13
DNA-dependent ATPase activity	23	0.13
protein-macromolecule adaptor activity	23	0.13
NAD binding	23	0.13
rRNA binding	23	0.13
cis-regulatory region sequence-specific DNA binding	23	0.13
thiol-dependent ubiquitinyl hydrolase activity	22	0.13
signaling receptor activity	22	0.13
electron transfer activity	22	0.13
SH3 domain binding	22	0.13
RNA polymerase II activating transcription factor binding	22	0.13
androgen receptor binding	21	0.12
scaffold protein binding	21	0.12
protein serine/threonine phosphatase activity	21	0.12
phosphatidylinositol binding	21	0.12
ribonucleoprotein complex binding	21	0.12
peptidase activity	20	0.12
heme binding	20	0.12
threonine-type endopeptidase activity	20	0.12
pyridoxal phosphate binding	20	0.12
methyltransferase activity	20	0.12
RNA polymerase II repressing transcription factor binding	20	0.12
3'-5'-exoribonuclease activity	20	0.12
DNA replication origin binding	20	0.12
heparin binding	19	0.11
ADP binding	19	0.11
cyclin-dependent protein serine/threonine kinase activity	19	0.11
flavin adenine dinucleotide binding	19	0.11
SMAD binding	19	0.11
histone acetyltransferase binding	19	0.11
RNA polymerase II complex binding	19	0.11
protein kinase C binding	19	0.11
TBP-class protein binding	18	0.10
mRNA 5'-UTR binding	18	0.10
histone acetyltransferase activity	18	0.10
carbohydrate binding	18	0.10
non-membrane spanning protein tyrosine kinase activity	18	0.10
DNA-directed 5'-3' RNA polymerase activity	18	0.10
tubulin binding	18	0.10
ubiquitin conjugating enzyme activity	18	0.10
Hsp90 protein binding	18	0.10
motor activity	18	0.10
calcium-dependent protein binding	17	0.10
estrogen receptor binding	17	0.10
protein serine/threonine/tyrosine kinase activity	17	0.10
activating transcription factor binding	17	0.10
RNA polymerase II core promoter sequence-specific DNA binding	17	0.10
extracellular matrix structural constituent	17	0.10
ATPase activity, coupled	17	0.10
GDP binding	17	0.10
hydrolase activity	17	0.10
nuclear hormone receptor binding	16	0.09
phosphoprotein binding	16	0.09
translation elongation factor activity	16	0.09
metallopeptidase activity	16	0.09
tau-protein kinase activity	16	0.09
serine-type endopeptidase activity	16	0.09
ribosome binding	16	0.09
dynein intermediate chain binding	16	0.09
disordered domain specific binding	16	0.09
poly(A) binding	15	0.09
lysine-acetylated histone binding	15	0.09
DNA-directed DNA polymerase activity	15	0.09
protein self-association	15	0.09
PDZ domain binding	15	0.09
G protein-coupled receptor binding	15	0.09
structural constituent of nuclear pore	15	0.09
cytoskeletal protein binding	15	0.09
phosphoprotein phosphatase activity	14	0.08
nucleosome binding	14	0.08
manganese ion binding	14	0.08
protein folding chaperone	14	0.08
endonuclease activity	14	0.08
cyclin binding	14	0.08
molecular adaptor activity	14	0.08
nuclear receptor binding	14	0.08
methyl-CpG binding	14	0.08
GTPase binding	14	0.08
miRNA binding	14	0.08
microfilament motor activity	13	0.07
NADP binding	13	0.07
R-SMAD binding	13	0.07
misfolded protein binding	13	0.07
14-3-3 protein binding	13	0.07
enzyme activator activity	13	0.07
transcription coactivator binding	13	0.07
nuclear localization sequence binding	13	0.07
drug binding	13	0.07
peptide binding	13	0.07
dynein light intermediate chain binding	13	0.07
growth factor activity	13	0.07
histone-lysine N-methyltransferase activity	13	0.07
cyclin-dependent protein serine/threonine kinase regulator activity	12	0.07
snoRNA binding	12	0.07
histone demethylase activity	12	0.07
RNA polymerase II general transcription initiation factor activity	12	0.07
MAP kinase kinase activity	12	0.07
telomerase RNA binding	12	0.07
Rac GTPase binding	12	0.07
serine-type endopeptidase inhibitor activity	12	0.07
cyclosporin A binding	12	0.07
histone deacetylase activity	12	0.07
SUMO transferase activity	12	0.07
catalytic activity	12	0.07
poly(U) RNA binding	12	0.07
mRNA 3'-UTR AU-rich region binding	11	0.06
phosphatase activity	11	0.06
alpha-tubulin binding	11	0.06
receptor tyrosine kinase binding	11	0.06
RNA polymerase binding	11	0.06
ATP-dependent microtubule motor activity, plus-end-directed	11	0.06
cytokine activity	11	0.06
collagen binding	11	0.06
Ran GTPase binding	11	0.06
acetyltransferase activity	11	0.06
transferase activity	11	0.06
ubiquitin-like protein ligase binding	11	0.06
DNA polymerase binding	11	0.06
beta-tubulin binding	11	0.06
NF-kappaB binding	11	0.06
structural constituent of muscle	11	0.06
kinesin binding	11	0.06
cullin family protein binding	11	0.06
cAMP response element binding	10	0.06
cysteine-type peptidase activity	10	0.06
glucocorticoid receptor binding	10	0.06
aminopeptidase activity	10	0.06
virus receptor activity	10	0.06
thyroid hormone receptor binding	10	0.06
microtubule plus-end binding	10	0.06
retinoid X receptor binding	10	0.06
scavenger receptor activity	10	0.06
nuclear import signal receptor activity	10	0.06
3'-5' exonuclease activity	10	0.06
endoribonuclease activity	10	0.06
RNA polymerase II CTD heptapeptide repeat kinase activity	10	0.06
C2H2 zinc finger domain binding	10	0.06
primary miRNA binding	10	0.06
exonuclease activity	10	0.06
nucleosomal DNA binding	10	0.06
translation initiation factor binding	10	0.06
proteasome binding	9	0.05
calcium-dependent protein kinase C activity	9	0.05
histone methyltransferase activity	9	0.05
U6 snRNA binding	9	0.05
calcium-dependent phospholipid binding	9	0.05
Rho guanyl-nucleotide exchange factor activity	9	0.05
3'-5' DNA helicase activity	9	0.05
histone methyltransferase activity (H3-K9 specific)	9	0.05
protein phosphatase regulator activity	9	0.05
phosphatidylinositol-4,5-bisphosphate binding	9	0.05
aldehyde dehydrogenase (NAD+) activity	9	0.05
protein deacetylase activity	9	0.05
transmembrane receptor protein tyrosine kinase activity	9	0.05
actin-dependent ATPase activity	9	0.05
protein phosphatase 2A binding	9	0.05
gamma-tubulin binding	9	0.05
ligand-activated transcription factor activity	9	0.05
RNA methyltransferase activity	8	0.05
MAP kinase kinase kinase activity	8	0.05
amyloid-beta binding	8	0.05
5S rRNA binding	8	0.05
protein serine/threonine kinase activator activity	8	0.05
Hsp70 protein binding	8	0.05
translation regulator activity	8	0.05
phosphatidylinositol-4-phosphate binding	8	0.05
bHLH transcription factor binding	8	0.05
phosphotyrosine residue binding	8	0.05
pre-mRNA binding	8	0.05
S-adenosyl-L-methionine binding	8	0.05
dioxygenase activity	8	0.05
sequence-specific double-stranded DNA binding	8	0.05
NAD-dependent histone deacetylase activity (H3-K14 specific)	8	0.05
MAP kinase activity	8	0.05
ubiquitin conjugating enzyme binding	8	0.05
protein kinase inhibitor activity	8	0.05
protein disulfide isomerase activity	8	0.05
pseudouridine synthase activity	8	0.05
RNA polymerase II intronic transcription regulatory region sequence-specific DNA binding	8	0.05
protein kinase activator activity	8	0.05
lipopolysaccharide binding	8	0.05
syntaxin binding	8	0.05
calmodulin-dependent protein kinase activity	8	0.05
frizzled binding	8	0.05
core promoter binding	8	0.05
cell adhesion molecule binding	8	0.05
ATP-dependent microtubule motor activity, minus-end-directed	8	0.05
phosphatase binding	8	0.05
epidermal growth factor receptor binding	8	0.05
TFIID-class transcription factor complex binding	8	0.05
cis-regulatory region binding	8	0.05
polyubiquitin modification-dependent protein binding	8	0.05
protein-arginine N-methyltransferase activity	7	0.04
proton-transporting ATPase activity, rotational mechanism	7	0.04
aryl hydrocarbon receptor binding	7	0.04
mitogen-activated protein kinase kinase kinase binding	7	0.04
SNARE binding	7	0.04
enzyme regulator activity	7	0.04
mitogen-activated protein kinase binding	7	0.04
pre-mRNA intronic binding	7	0.04
isomerase activity	7	0.04
annealing helicase activity	7	0.04
translation factor activity, RNA binding	7	0.04
mitogen-activated protein kinase kinase binding	7	0.04
transcription corepressor binding	7	0.04
cyclin-dependent protein serine/threonine kinase activator activity	7	0.04
AMP binding	7	0.04
low-density lipoprotein particle receptor binding	7	0.04
phosphatidylinositol-3-phosphate binding	7	0.04
protein kinase regulator activity	7	0.04
nuclease activity	7	0.04
L-ascorbic acid binding	7	0.04
mismatched DNA binding	7	0.04
histone demethylase activity (H3-K9 specific)	7	0.04
protein tyrosine/serine/threonine phosphatase activity	7	0.04
ATPase activator activity	7	0.04
translation repressor activity, mRNA regulatory element binding	7	0.04
ubiquitin-ubiquitin ligase activity	7	0.04
RNA stem-loop binding	7	0.04
cadherin binding involved in cell-cell adhesion	7	0.04
histone methyltransferase binding	7	0.04
phosphatidylinositol-3,4,5-trisphosphate binding	7	0.04
histone methyltransferase activity (H3-K4 specific)	7	0.04
cofactor binding	7	0.04
insulin receptor binding	7	0.04
telomeric DNA binding	7	0.04
chloride channel activity	6	0.03
fatty acid binding	6	0.03
ubiquitin-specific protease binding	6	0.03
SUMO ligase activity	6	0.03
DNA binding, bending	6	0.03
protein tag	6	0.03
magnesium-dependent protein serine/threonine phosphatase activity	6	0.03
syntaxin-1 binding	6	0.03
RNA 7-methylguanosine cap binding	6	0.03
vitamin D receptor binding	6	0.03
steroid binding	6	0.03
histone demethylase activity (H3-K36 specific)	6	0.03
NADH dehydrogenase (ubiquinone) activity	6	0.03
Rho GTPase binding	6	0.03
metalloaminopeptidase activity	6	0.03
snRNA binding	6	0.03
ribosomal protein S6 kinase activity	6	0.03
phosphatidylserine binding	6	0.03
extracellular matrix binding	6	0.03
N-acetyltransferase activity	6	0.03
protein disulfide oxidoreductase activity	6	0.03
histone methyltransferase activity (H3-K36 specific)	6	0.03
spectrin binding	6	0.03
phosphatidylinositol-5-phosphate binding	6	0.03
RNA-DNA hybrid ribonuclease activity	6	0.03
protein phosphatase 1 binding	6	0.03
G-protein beta/gamma-subunit complex binding	6	0.03
DEAD/H-box RNA helicase binding	6	0.03
serine-type peptidase activity	6	0.03
endodeoxyribonuclease activity	6	0.03
anaphase-promoting complex binding	6	0.03
3',5'-cyclic-AMP phosphodiesterase activity	6	0.03
four-way junction DNA binding	6	0.03
clathrin binding	6	0.03
G-quadruplex DNA binding	6	0.03
fibronectin binding	6	0.03
sequence-specific mRNA binding	6	0.03
alcohol dehydrogenase (NADP+) activity	6	0.03
ephrin receptor binding	6	0.03
cysteine-type endopeptidase inhibitor activity involved in apoptotic process	6	0.03
FK506 binding	6	0.03
iron-sulfur cluster binding	6	0.03
four-way junction helicase activity	6	0.03
copper ion binding	6	0.03
amino acid binding	6	0.03
potassium ion binding	6	0.03
MHC class II protein complex binding	6	0.03
ribonuclease P activity	6	0.03
GTP-Rho binding	6	0.03
co-SMAD binding	6	0.03
potassium channel regulator activity	6	0.03
diacylglycerol kinase activity	5	0.03
ribonuclease P RNA binding	5	0.03
peroxidase activity	5	0.03
retinal dehydrogenase activity	5	0.03
proline-rich region binding	5	0.03
G-rich strand telomeric DNA binding	5	0.03
HMG box domain binding	5	0.03
insulin receptor substrate binding	5	0.03
G protein-coupled receptor activity	5	0.03
LRR domain binding	5	0.03
heparan sulfate proteoglycan binding	5	0.03
transmembrane signaling receptor activity	5	0.03
glyceraldehyde-3-phosphate dehydrogenase (NAD+) (non-phosphorylating) activity	5	0.03
TPR domain binding	5	0.03
AMP-activated protein kinase activity	5	0.03
U4 snRNA binding	5	0.03
U3 snoRNA binding	5	0.03
transforming growth factor beta binding	5	0.03
exoribonuclease activity	5	0.03
proton transmembrane transporter activity	5	0.03
ionotropic glutamate receptor binding	5	0.03
retinoic acid receptor binding	5	0.03
endopeptidase inhibitor activity	5	0.03
FMN binding	5	0.03
bubble DNA binding	5	0.03
calcium-dependent protein serine/threonine kinase activity	5	0.03
phosphatidylinositol 3-kinase binding	5	0.03
chromo shadow domain binding	5	0.03
STAT family protein binding	5	0.03
laminin binding	5	0.03
monosaccharide binding	5	0.03
apolipoprotein binding	5	0.03
2 iron, 2 sulfur cluster binding	5	0.03
phosphatidylinositol-3,5-bisphosphate binding	5	0.03
AU-rich element binding	5	0.03
oxidoreductase activity, acting on NAD(P)H, quinone or similar compound as acceptor	5	0.03
7S RNA binding	5	0.03
I-SMAD binding	5	0.03
K63-linked polyubiquitin modification-dependent protein binding	5	0.03
NAD+ kinase activity	5	0.03
protein kinase A catalytic subunit binding	5	0.03
SH3/SH2 adaptor activity	5	0.03
histone methyltransferase activity (H4-K20 specific)	5	0.03
RNA cap binding	5	0.03
voltage-gated anion channel activity	5	0.03
5'-3' exonuclease activity	5	0.03
cysteine-type endopeptidase activity involved in apoptotic process	5	0.03
poly(G) binding	5	0.03
NAD+ binding	5	0.03
peptide-lysine-N-acetyltransferase activity	5	0.03
myosin binding	5	0.03
protein phosphatase inhibitor activity	5	0.03
death receptor binding	5	0.03
phosphatidylinositol-3-phosphatase activity	5	0.03
1-phosphatidylinositol binding	5	0.03
thioredoxin-disulfide reductase activity	5	0.03
protein-lysine N-methyltransferase activity	5	0.03
small ribosomal subunit rRNA binding	5	0.03
mediator complex binding	5	0.03
GDP-dissociation inhibitor activity	5	0.03
ribosomal small subunit binding	5	0.03
Ral GTPase binding	5	0.03
pre-mRNA 3'-splice site binding	5	0.03
1-phosphatidylinositol 4-kinase activity	5	0.03
nucleotidyltransferase activity	5	0.03
protein kinase C activity	5	0.03
dynein complex binding	5	0.03
ATPase-coupled transmembrane transporter activity	5	0.03
unmethylated CpG binding	5	0.03
Notch binding	5	0.03
DNA topoisomerase type I (single strand cut, ATP-independent) activity	5	0.03
transporter activity	5	0.03
nucleoside diphosphate kinase activity	5	0.03
cysteine-type endopeptidase activity involved in execution phase of apoptosis	5	0.03
alditol:NADP+ 1-oxidoreductase activity	5	0.03
N6-methyladenosine-containing RNA binding	5	0.03
SH2 domain binding	5	0.03
glycine binding	4	0.02
histone serine kinase activity	4	0.02
histone methyltransferase activity (H4-R3 specific)	4	0.02
actin monomer binding	4	0.02
neurexin family protein binding	4	0.02
ribosomal large subunit binding	4	0.02
MHC class I protein binding	4	0.02
ubiquitin ligase-substrate adaptor activity	4	0.02
retinoic acid-responsive element binding	4	0.02
siRNA binding	4	0.02
calcium channel regulator activity	4	0.02
nucleoside-triphosphatase activity	4	0.02
polypeptide N-acetylgalactosaminyltransferase activity	4	0.02
cholesterol binding	4	0.02
dynein light chain binding	4	0.02
leucine zipper domain binding	4	0.02
histone-arginine N-methyltransferase activity	4	0.02
supercoiled DNA binding	4	0.02
JUN kinase binding	4	0.02
transforming growth factor beta receptor, pathway-specific cytoplasmic mediator activity	4	0.02
poly(A)-specific ribonuclease activity	4	0.02
coreceptor activity	4	0.02
C3HC4-type RING finger domain binding	4	0.02
small protein activating enzyme binding	4	0.02
core promoter sequence-specific DNA binding	4	0.02
mitogen-activated protein kinase p38 binding	4	0.02
bile acid binding	4	0.02
structural constituent of postsynaptic actin cytoskeleton	4	0.02
ubiquitin-protein transferase activator activity	4	0.02
aldo-keto reductase (NADP) activity	4	0.02
dynactin binding	4	0.02
LBD domain binding	4	0.02
polynucleotide adenylyltransferase activity	4	0.02
phosphate ion binding	4	0.02
transferase activity, transferring acyl groups	4	0.02
3',5'-cyclic-GMP phosphodiesterase activity	4	0.02
deacetylase activity	4	0.02
modification-dependent protein binding	4	0.02
transmitter-gated ion channel activity involved in regulation of postsynaptic membrane potential	4	0.02
ATP transmembrane transporter activity	4	0.02
sodium channel regulator activity	4	0.02
sulfotransferase activity	4	0.02
carboxypeptidase activity	4	0.02
GTP-dependent protein binding	4	0.02
K48-linked polyubiquitin modification-dependent protein binding	4	0.02
transcription cofactor binding	4	0.02
3-chloroallyl aldehyde dehydrogenase activity	4	0.02
5'-3' DNA helicase activity	4	0.02
calcium channel activity	4	0.02
peptidase activator activity	4	0.02
hydrolase activity, acting on ester bonds	4	0.02
aldehyde dehydrogenase [NAD(P)+] activity	4	0.02
S-adenosylmethionine-dependent methyltransferase activity	4	0.02
ribonucleoside binding	4	0.02
U1 snRNA binding	4	0.02
transmembrane-ephrin receptor activity	4	0.02
antioxidant activity	4	0.02
MAP-kinase scaffold activity	4	0.02
tRNA (cytosine-5-)-methyltransferase activity	4	0.02
SUMO binding	4	0.02
ligand-gated ion channel activity	4	0.02
Tat protein binding	4	0.02
7SK snRNA binding	4	0.02
ATP-dependent protein binding	4	0.02
double-stranded telomeric DNA binding	4	0.02
tropomyosin binding	4	0.02
vinculin binding	4	0.02
thioredoxin peroxidase activity	4	0.02
nuclear export signal receptor activity	4	0.02
Lys63-specific deubiquitinase activity	4	0.02
metalloexopeptidase activity	4	0.02
phospholipase binding	4	0.02
ankyrin binding	4	0.02
virion binding	4	0.02
ribonuclease activity	4	0.02
endopeptidase activator activity	4	0.02
cysteine-type endopeptidase activator activity involved in apoptotic process	4	0.02
proton-exporting ATPase activity, phosphorylative mechanism	4	0.02
protein tyrosine kinase binding	4	0.02
microtubule-severing ATPase activity	4	0.02
phosphatidylinositol-3,4-bisphosphate binding	4	0.02
RNA polymerase II-specific DNA-binding transcription factor binding	4	0.02
intermediate filament binding	4	0.02
MAP kinase tyrosine/serine/threonine phosphatase activity	4	0.02
voltage-gated calcium channel activity	4	0.02
aminoacyl-tRNA editing activity	4	0.02
ubiquitin ligase inhibitor activity	4	0.02
voltage-gated ion channel activity	4	0.02
MRF binding	4	0.02
cargo receptor activity	4	0.02
adenylate kinase activity	4	0.02
proton-transporting ATP synthase activity, rotational mechanism	4	0.02
protein kinase A binding	4	0.02
S100 protein binding	4	0.02
oxidoreductase activity, acting on the CH-OH group of donors, NAD or NADP as acceptor	4	0.02
box H/ACA snoRNA binding	4	0.02
centromeric DNA binding	4	0.02
phosphoserine residue binding	4	0.02
2-oxoglutarate-dependent dioxygenase activity	4	0.02
DNA topoisomerase binding	4	0.02
pre-miRNA binding	4	0.02
tRNA-specific adenosine deaminase activity	4	0.02
RNA polymerase I core promoter sequence-specific DNA binding	4	0.02
methylcytosine dioxygenase activity	4	0.02
Lys48-specific deubiquitinase activity	4	0.02
enzyme inhibitor activity	4	0.02
double-stranded methylated DNA binding	4	0.02
keratin filament binding	4	0.02
RNA polymerase II regulatory region DNA binding	4	0.02
oxidoreductase activity, acting on single donors with incorporation of molecular oxygen, incorporation of two atoms of oxygen	4	0.02
FAD binding	3	0.02
L-lactate dehydrogenase activity	3	0.02
RISC complex binding	3	0.02
malate dehydrogenase (decarboxylating) (NAD+) activity	3	0.02
titin binding	3	0.02
peptide disulfide oxidoreductase activity	3	0.02
fibroblast growth factor binding	3	0.02
WD40-repeat domain binding	3	0.02
intraciliary transport particle B binding	3	0.02
RING-like zinc finger domain binding	3	0.02
potassium:chloride symporter activity	3	0.02
carboxylic acid binding	3	0.02
SNAP receptor activity	3	0.02
IkappaB kinase activity	3	0.02
folic acid binding	3	0.02
splicing factor binding	3	0.02
glucose binding	3	0.02
phosphatidylinositol-4,5-bisphosphate 5-phosphatase activity	3	0.02
NAD+ ADP-ribosyltransferase activity	3	0.02
bisphosphoglycerate mutase activity	3	0.02
RS domain binding	3	0.02
single-stranded DNA helicase activity	3	0.02
cell-cell adhesion mediator activity	3	0.02
DNA N-glycosylase activity	3	0.02
DNA translocase activity	3	0.02
tRNA dihydrouridine synthase activity	3	0.02
IMP dehydrogenase activity	3	0.02
porin activity	3	0.02
benzaldehyde dehydrogenase (NAD+) activity	3	0.02
metalloendopeptidase inhibitor activity	3	0.02
uridine kinase activity	3	0.02
5'-3' exodeoxyribonuclease activity	3	0.02
dynein heavy chain binding	3	0.02
G protein-coupled peptide receptor activity	3	0.02
cobalt ion binding	3	0.02
insulin-like growth factor receptor binding	3	0.02
cysteine-type endopeptidase inhibitor activity	3	0.02
RNA polymerase II CTD heptapeptide repeat phosphatase activity	3	0.02
clathrin heavy chain binding	3	0.02
large ribosomal subunit rRNA binding	3	0.02
protein methyltransferase activity	3	0.02
transition metal ion binding	3	0.02
protein-arginine omega-N monomethyltransferase activity	3	0.02
ISG15 transferase activity	3	0.02
complement component C1q complex binding	3	0.02
acyl-CoA ligase activity	3	0.02
peptide alpha-N-acetyltransferase activity	3	0.02
glycogen phosphorylase activity	3	0.02
glucuronosyltransferase activity	3	0.02
microtubule minus-end binding	3	0.02
nitric oxide binding	3	0.02
insulin-like growth factor binding	3	0.02
armadillo repeat domain binding	3	0.02
peptide-serine-N-acetyltransferase activity	3	0.02
histone demethylase activity (H3-dimethyl-K4 specific)	3	0.02
androsterone dehydrogenase activity	3	0.02
cAMP binding	3	0.02
angiostatin binding	3	0.02
G-protein alpha-subunit binding	3	0.02
single-stranded telomeric DNA binding	3	0.02
histone methyltransferase activity (H3-K27 specific)	3	0.02
ubiquitin-like protein binding	3	0.02
telomeric D-loop binding	3	0.02
GTPase activating protein binding	3	0.02
histone demethylase activity (H3-K4 specific)	3	0.02
3'-5'-exodeoxyribonuclease activity	3	0.02
clathrin adaptor activity	3	0.02
fatty-acyl-CoA binding	3	0.02
linear malto-oligosaccharide phosphorylase activity	3	0.02
NEDD8 transferase activity	3	0.02
protein kinase A regulatory subunit binding	3	0.02
cardiolipin binding	3	0.02
steroid dehydrogenase activity	3	0.02
RNA polymerase I core binding	3	0.02
adenyl-nucleotide exchange factor activity	3	0.02
phosphatidylinositol kinase activity	3	0.02
dipeptidyl-peptidase activity	3	0.02
aminoacylase activity	3	0.02
single-stranded DNA endodeoxyribonuclease activity	3	0.02
MutLalpha complex binding	3	0.02
glutathione transferase activity	3	0.02
procollagen-proline 4-dioxygenase activity	3	0.02
retinol binding	3	0.02
sodium ion binding	3	0.02
amino acid transmembrane transporter activity	3	0.02
glutamine-tRNA ligase activity	3	0.02
P-TEFb complex binding	3	0.02
proteoglycan binding	3	0.02
cytoskeletal adaptor activity	3	0.02
threonine-tRNA ligase activity	3	0.02
transmembrane transporter activity	3	0.02
1-phosphatidylinositol-3-kinase regulator activity	3	0.02
sulfate binding	3	0.02
satellite DNA binding	3	0.02
kinetochore binding	3	0.02
transforming growth factor beta receptor binding	3	0.02
cAMP-dependent protein kinase activity	3	0.02
GTPase regulator activity	3	0.02
LIM domain binding	3	0.02
metallocarboxypeptidase activity	3	0.02
G-quadruplex RNA binding	3	0.02
actinin binding	3	0.02
DNA binding domain binding	3	0.02
importin-alpha family protein binding	3	0.02
double-stranded RNA adenosine deaminase activity	3	0.02
cAMP-dependent protein kinase regulator activity	3	0.02
hormone activity	3	0.02
phosphatidylinositol-3,5-bisphosphate 3-phosphatase activity	3	0.02
Arp2/3 complex binding	3	0.02
NF-kappaB-inducing kinase activity	3	0.02
fructose binding	3	0.02
cysteine-type endopeptidase activity involved in apoptotic signaling pathway	3	0.02
RNA polymerase II C-terminal domain binding	3	0.02
retinal binding	3	0.02
glutamate binding	3	0.02
protein membrane adaptor activity	3	0.02
glutathione peroxidase activity	3	0.02
histone demethylase activity (H3-trimethyl-K4 specific)	3	0.02
protein antigen binding	3	0.02
carbonate dehydratase activity	3	0.02
tRNA methyltransferase activity	3	0.02
protein phosphatase activator activity	3	0.02
ARF guanyl-nucleotide exchange factor activity	3	0.02
myosin phosphatase activity	3	0.02
O-acyltransferase activity	3	0.02
receptor ligand activity	3	0.02
DNA-(apurinic or apyrimidinic site) endonuclease activity	3	0.02
phosphatidylcholine binding	3	0.02
NADPH binding	3	0.02
lyase activity	3	0.02
selenocysteine insertion sequence binding	3	0.02
GPI-linked ephrin receptor activity	3	0.02
chemorepellent activity	3	0.02
H4 histone acetyltransferase activity	3	0.02
muscle alpha-actinin binding	3	0.02
L-malate dehydrogenase activity	3	0.02
ketosteroid monooxygenase activity	3	0.02
SHG alpha-glucan phosphorylase activity	3	0.02
H3 histone acetyltransferase activity	3	0.02
rDNA binding	3	0.02
1-phosphatidylinositol-3-kinase activity	3	0.02
5'-flap endonuclease activity	3	0.02
ubiquitin-protein transferase regulator activity	3	0.02
histone kinase activity	3	0.02
myosin V binding	3	0.02
proteasome-activating ATPase activity	3	0.02
phosphoglycerate mutase activity	3	0.02
retinoic acid binding	3	0.02
NADP-retinol dehydrogenase activity	3	0.02
glutathione binding	3	0.02
eukaryotic initiation factor 4E binding	3	0.02
translation release factor activity	3	0.02
calcium-release channel activity	3	0.02
type I transforming growth factor beta receptor binding	3	0.02
non-membrane spanning protein tyrosine phosphatase activity	3	0.02
nitric-oxide synthase regulator activity	3	0.02
diacylglycerol binding	3	0.02
thyroid hormone binding	3	0.02
long-chain fatty acid-CoA ligase activity	3	0.02
phosphorylase kinase activity	3	0.02
class I DNA-(apurinic or apyrimidinic site) endonuclease activity	3	0.02
ferrous iron binding	3	0.02
Y-form DNA binding	3	0.02
oxidoreductase activity, acting on paired donors, with incorporation or reduction of molecular oxygen, NAD(P)H as one donor, and incorporation of one atom of oxygen	3	0.02
protein kinase C inhibitor activity	3	0.02
arachidonate-CoA ligase activity	3	0.02
protein-arginine omega-N asymmetric methyltransferase activity	3	0.02
WW domain binding	3	0.02
tumor necrosis factor receptor binding	3	0.02
nucleotide phosphatase activity, acting on free nucleotides	3	0.02
phosphatidylinositol phosphate binding	3	0.02
translation activator activity	3	0.02
phospholipid transporter activity	3	0.02
purine-rich negative regulatory element binding	3	0.02
aspartic-type endopeptidase inhibitor activity	2	0.01
AP-3 adaptor complex binding	2	0.01
type III transforming growth factor beta receptor binding	2	0.01
guanylate kinase activity	2	0.01
carboxy-lyase activity	2	0.01
NAD-dependent histone deacetylase activity	2	0.01
inositol 1,4,5-trisphosphate-sensitive calcium-release channel activity	2	0.01
chloride channel regulator activity	2	0.01
stearoyl-CoA 9-desaturase activity	2	0.01
ErbB-2 class receptor binding	2	0.01
site-specific endodeoxyribonuclease activity, specific for altered base	2	0.01
activin binding	2	0.01
phosphatidylinositol-3,5-bisphosphate phosphatase activity	2	0.01
rRNA (adenine-N6-)-methyltransferase activity	2	0.01
MDM2/MDM4 family protein binding	2	0.01
5'-3' exoribonuclease activity	2	0.01
hydroxyacylglutathione hydrolase activity	2	0.01
glycoprotein-N-acetylgalactosamine 3-beta-galactosyltransferase activity	2	0.01
carbonyl reductase (NADPH) activity	2	0.01
Ser-tRNA(Ala) hydrolase activity	2	0.01
6-phosphofructokinase activity	2	0.01
sodium:chloride symporter activity	2	0.01
HLH domain binding	2	0.01
cGMP-stimulated cyclic-nucleotide phosphodiesterase activity	2	0.01
neurotransmitter:sodium symporter activity	2	0.01
ATP-dependent polydeoxyribonucleotide 5'-hydroxyl-kinase activity	2	0.01
peroxiredoxin activity	2	0.01
glutamate receptor activity	2	0.01
inositol hexakisphosphate 5-kinase activity	2	0.01
glycosaminoglycan binding	2	0.01
enoyl-CoA hydratase activity	2	0.01
phospholipase inhibitor activity	2	0.01
phospholipase D activity	2	0.01
MAP kinase kinase kinase kinase activity	2	0.01
lactate transmembrane transporter activity	2	0.01
O-methyltransferase activity	2	0.01
isoleucine-tRNA ligase activity	2	0.01
cAMP-dependent protein kinase inhibitor activity	2	0.01
histone pre-mRNA stem-loop binding	2	0.01
epidermal growth factor binding	2	0.01
glycine hydroxymethyltransferase activity	2	0.01
semaphorin receptor binding	2	0.01
aryl sulfotransferase activity	2	0.01
myosin light chain binding	2	0.01
chondroitin sulfate binding	2	0.01
L-isoleucine transaminase activity	2	0.01
ribonuclease III activity	2	0.01
clathrin light chain binding	2	0.01
androgen binding	2	0.01
nucleoside-triphosphate diphosphatase activity	2	0.01
protein-cysteine S-palmitoyltransferase activity	2	0.01
ferric iron binding	2	0.01
ErbB-3 class receptor binding	2	0.01
thiamine pyrophosphate binding	2	0.01
demethylase activity	2	0.01
cation channel activity	2	0.01
phosphoglycolate phosphatase activity	2	0.01
nicotinate phosphoribosyltransferase activity	2	0.01
RNA polymerase III regulatory region DNA binding	2	0.01
G protein-coupled receptor kinase activity	2	0.01
TFIIIC-class transcription factor complex binding	2	0.01
oxoglutarate dehydrogenase (succinyl-transferring) activity	2	0.01
UDP-N-acetylglucosamine diphosphorylase activity	2	0.01
thioesterase binding	2	0.01
electron transporter, transferring electrons from CoQH2-cytochrome c reductase complex and cytochrome c oxidase complex activity	2	0.01
triplex DNA binding	2	0.01
creatine kinase activity	2	0.01
small GTPase binding	2	0.01
peroxisome proliferator activated receptor binding	2	0.01
1-phosphatidylinositol-4-phosphate 5-kinase activity	2	0.01
NEDD8 activating enzyme activity	2	0.01
protein serine/threonine kinase inhibitor activity	2	0.01
eukaryotic initiation factor 4G binding	2	0.01
neuropilin binding	2	0.01
eukaryotic translation initiation factor 2alpha kinase activity	2	0.01
BAT3 complex binding	2	0.01
U5 snRNA binding	2	0.01
cell adhesive protein binding involved in bundle of His cell-Purkinje myocyte communication	2	0.01
oligopeptidase activity	2	0.01
C-rich single-stranded DNA binding	2	0.01
(S)-2-(5-amino-1-(5-phospho-D-ribosyl)imidazole-4-carboxamido)succinate AMP-lyase (fumarate-forming) activity	2	0.01
3'-5' RNA helicase activity	2	0.01
dolichyl-diphosphooligosaccharide-protein glycotransferase activity	2	0.01
beta-adrenergic receptor kinase activity	2	0.01
transmembrane receptor protein tyrosine phosphatase activity	2	0.01
branched-chain-amino-acid transaminase activity	2	0.01
RNA polymerase II C-terminal domain phosphoserine binding	2	0.01
histone pre-mRNA DCP binding	2	0.01
serine binding	2	0.01
chemoattractant activity	2	0.01
rRNA methyltransferase activity	2	0.01
CTP synthase activity	2	0.01
MutSalpha complex binding	2	0.01
guanine/thymine mispair binding	2	0.01
modified amino acid binding	2	0.01
neurotrophin TRKA receptor binding	2	0.01
[acetyl-CoA carboxylase] kinase activity	2	0.01
phospholipase activity	2	0.01
superoxide dismutase activity	2	0.01
RNA-dependent ATPase activity	2	0.01
DNA primase activity	2	0.01
basic amino acid transmembrane transporter activity	2	0.01
protein tyrosine kinase inhibitor activity	2	0.01
proteinase activated receptor binding	2	0.01
extracellular matrix constituent conferring elasticity	2	0.01
L-ornithine transmembrane transporter activity	2	0.01
telomerase inhibitor activity	2	0.01
pyrophosphatase activity	2	0.01
phenanthrene 9,10-monooxygenase activity	2	0.01
histone-glutamine methyltransferase activity	2	0.01
acetylcholine receptor activator activity	2	0.01
dihydrofolate reductase activity	2	0.01
NAD-dependent protein deacetylase activity	2	0.01
transcription termination site sequence-specific DNA binding	2	0.01
sodium channel inhibitor activity	2	0.01
low-density lipoprotein particle receptor activity	2	0.01
ubiquitin activating enzyme activity	2	0.01
oxidoreductase activity, acting on peroxide as acceptor	2	0.01
allyl-alcohol dehydrogenase activity	2	0.01
arylesterase activity	2	0.01
phospholipase A2 activity (consuming 1,2-dipalmitoylphosphatidylcholine)	2	0.01
growth factor binding	2	0.01
alanine-tRNA ligase activity	2	0.01
histidine-tRNA ligase activity	2	0.01
DNA ligase activity	2	0.01
histone demethylase activity (H3-K27 specific)	2	0.01
alpha-actinin binding	2	0.01
chloride transmembrane transporter activity	2	0.01
single-stranded DNA 3'-5' exodeoxyribonuclease activity	2	0.01
RNA polymerase II transcription coactivator binding	2	0.01
1-acylglycerol-3-phosphate O-acyltransferase activity	2	0.01
aconitate hydratase activity	2	0.01
telomeric G-quadruplex DNA binding	2	0.01
carbamoyl-phosphate synthase (glutamine-hydrolyzing) activity	2	0.01
extracellular matrix structural constituent conferring tensile strength	2	0.01
mRNA (2'-O-methyladenosine-N6-)-methyltransferase activity	2	0.01
epidermal growth factor-activated receptor activity	2	0.01
cGMP binding	2	0.01
sulfate transmembrane transporter activity	2	0.01
sodium:potassium-exchanging ATPase activity	2	0.01
phospholipase A2 inhibitor activity	2	0.01
TFIIH-class transcription factor complex binding	2	0.01
chloride channel inhibitor activity	2	0.01
BRE binding	2	0.01
cyclin-dependent protein serine/threonine kinase inhibitor activity	2	0.01
growth hormone receptor binding	2	0.01
alpha-catenin binding	2	0.01
5'-3' RNA helicase activity	2	0.01
aminophospholipid flippase activity	2	0.01
growth factor receptor binding	2	0.01
oxidized purine DNA binding	2	0.01
methylenetetrahydrofolate dehydrogenase (NADP+) activity	2	0.01
antigen binding	2	0.01
hemi-methylated DNA-binding	2	0.01
signaling receptor activator activity	2	0.01
steroid hormone binding	2	0.01
cytochrome-c oxidase activity	2	0.01
forked DNA-dependent helicase activity	2	0.01
PH domain binding	2	0.01
calcium-dependent cysteine-type endopeptidase activity	2	0.01
phosphatase activator activity	2	0.01
poly-pyrimidine tract binding	2	0.01
axon guidance receptor activity	2	0.01
mRNA cap binding	2	0.01
polynucleotide 5'-phosphatase activity	2	0.01
rRNA (uridine-2'-O-)-methyltransferase activity	2	0.01
nucleoside monophosphate kinase activity	2	0.01
methylenetetrahydrofolate dehydrogenase (NAD+) activity	2	0.01
insulin binding	2	0.01
phosphoric diester hydrolase activity	2	0.01
nicotinate-nucleotide diphosphorylase (carboxylating) activity	2	0.01
inositol hexakisphosphate kinase activity	2	0.01
plus-end directed microfilament motor activity	2	0.01
leukotriene receptor activity	2	0.01
rRNA (guanine) methyltransferase activity	2	0.01
very long-chain fatty acid-CoA ligase activity	2	0.01
cystathionine beta-synthase activity	2	0.01
calcium-independent protein kinase C activity	2	0.01
serine-type exopeptidase activity	2	0.01
inositol-1,4,5-trisphosphate 5-phosphatase activity	2	0.01
Rac guanyl-nucleotide exchange factor activity	2	0.01
cAMP response element binding protein binding	2	0.01
peptidase inhibitor activity	2	0.01
methenyltetrahydrofolate cyclohydrolase activity	2	0.01
3',5'-cyclic-nucleotide phosphodiesterase activity	2	0.01
lipase activity	2	0.01
double-stranded DNA exodeoxyribonuclease activity	2	0.01
telomerase activity	2	0.01
efflux transmembrane transporter activity	2	0.01
phosphopyruvate hydratase activity	2	0.01
Rab GDP-dissociation inhibitor activity	2	0.01
signal recognition particle binding	2	0.01
DNA clamp loader activity	2	0.01
guanylate cyclase activity	2	0.01
phenylalanine-tRNA ligase activity	2	0.01
m7G(5')pppN diphosphatase activity	2	0.01
polynucleotide 3'-phosphatase activity	2	0.01
purine nucleotide binding	2	0.01
geranyltranstransferase activity	2	0.01
leucine binding	2	0.01
phosphorylase kinase regulator activity	2	0.01
2-acylglycerol O-acyltransferase activity	2	0.01
uracil DNA N-glycosylase activity	2	0.01
epoxide hydrolase activity	2	0.01
8-hydroxy-2'-deoxyguanosine DNA binding	2	0.01
L-leucine transaminase activity	2	0.01
monocarboxylic acid transmembrane transporter activity	2	0.01
phospholipase A1 activity	2	0.01
protein-arginine omega-N symmetric methyltransferase activity	2	0.01
[hydroxymethylglutaryl-CoA reductase (NADPH)] kinase activity	2	0.01
phosphothreonine residue binding	2	0.01
coenzyme binding	2	0.01
inositol 1,4,5 trisphosphate binding	2	0.01
double-stranded DNA helicase activity	2	0.01
phosphatidylinositol transfer activity	2	0.01
protein tyrosine/threonine phosphatase activity	2	0.01
kininogen binding	2	0.01
gamma-catenin binding	2	0.01
RAGE receptor binding	2	0.01
iron-responsive element binding	2	0.01
Krueppel-associated box domain binding	2	0.01
peptide-glutamate-N-acetyltransferase activity	2	0.01
AF-2 domain binding	2	0.01
co-receptor binding	2	0.01
phosphatidylinositol 3-kinase regulator activity	2	0.01
transmembrane receptor protein tyrosine kinase adaptor activity	2	0.01
dATP binding	2	0.01
ornithine decarboxylase activity	2	0.01
dolichyl-phosphate-mannose-protein mannosyltransferase activity	2	0.01
lamin binding	2	0.01
poly-ADP-D-ribose binding	2	0.01
U2 snRNA binding	2	0.01
5'-deoxyribose-5-phosphate lyase activity	2	0.01
transferrin receptor binding	2	0.01
U1 snRNP binding	2	0.01
trans-1,2-dihydrobenzene-1,2-diol dehydrogenase activity	2	0.01
protein-lysine 6-oxidase activity	2	0.01
phospholipase A2 activator activity	2	0.01
phosphatidylinositol phosphate kinase activity	2	0.01
phospholipase A2 activity consuming 1,2-dioleoylphosphatidylethanolamine)	2	0.01
flavonoid binding	2	0.01
calcium channel inhibitor activity	2	0.01
galanin receptor activity	2	0.01
calcium ion transmembrane transporter activity	2	0.01
adenylate cyclase activator activity	2	0.01
flap endonuclease activity	2	0.01
sodium ion transmembrane transporter activity	2	0.01
JUN kinase kinase kinase activity	2	0.01
CCR5 chemokine receptor binding	2	0.01
sodium:potassium:chloride symporter activity	2	0.01
malic enzyme activity	2	0.01
adenosine-diphosphatase activity	2	0.01
DNA ligase (ATP) activity	2	0.01
ubiquitin-like protein conjugating enzyme binding	2	0.01
calmodulin-dependent protein phosphatase activity	2	0.01
transferase activity, transferring acyl groups other than amino-acyl groups	2	0.01
phosphopantetheine binding	2	0.01
DNA-dependent protein kinase activity	2	0.01
NAD-dependent histone deacetylase activity (H3-K9 specific)	2	0.01
exodeoxyribonuclease III activity	2	0.01
POZ domain binding	2	0.01
bicarbonate transmembrane transporter activity	2	0.01
transferase activity, transferring glycosyl groups	2	0.01
cysteine synthase activity	2	0.01
endodeoxyribonuclease activity, producing 5'-phosphomonoesters	2	0.01
beta-2 adrenergic receptor binding	2	0.01
sterol 14-demethylase activity	2	0.01
ubiquitinyl hydrolase activity	2	0.01
N6-(1,2-dicarboxyethyl)AMP AMP-lyase (fumarate-forming) activity	2	0.01
acetylglucosaminyltransferase activity	2	0.01
receptor signaling complex adaptor activity	2	0.01
dimethylallyltranstransferase activity	2	0.01
acetyl-CoA C-acetyltransferase activity	2	0.01
L-aspartate:2-oxoglutarate aminotransferase activity	2	0.01
DNA-binding transcription repressor activity	2	0.01
type II transforming growth factor beta receptor binding	2	0.01
fructose-bisphosphate aldolase activity	2	0.01
tRNA (cytosine-3-)-methyltransferase activity	2	0.01
profilin binding	2	0.01
DNA topoisomerase activity	2	0.01
pyruvate dehydrogenase (acetyl-transferring) activity	2	0.01
L-allo-threonine aldolase activity	2	0.01
procollagen-lysine 5-dioxygenase activity	2	0.01
retinol dehydrogenase activity	2	0.01
U4atac snRNA binding	2	0.01
protein tyrosine kinase activator activity	2	0.01
decanoate-CoA ligase activity	2	0.01
protein phosphatase 2B binding	2	0.01
kynurenine-oxoglutarate transaminase activity	2	0.01
UTP binding	2	0.01
box C/D snoRNA binding	2	0.01
tRNA pseudouridine synthase activity	2	0.01
endoribonuclease activity, cleaving miRNA-paired mRNA	2	0.01
glutamate-tRNA ligase activity	2	0.01
JUN kinase kinase activity	2	0.01
fructose-6-phosphate binding	2	0.01
DNA clamp unloader activity	2	0.01
lithium ion binding	2	0.01
aspartic-type endopeptidase activity	2	0.01
purine nucleobase binding	2	0.01
snRNP binding	2	0.01
sialic acid binding	2	0.01
protein ADP-ribosylase activity	2	0.01
mitochondrial ribosome binding	2	0.01
adenylate cyclase binding	2	0.01
long-chain fatty acid transporter activity	2	0.01
AT DNA binding	2	0.01
lysine N-acetyltransferase activity, acting on acetyl phosphate as donor	2	0.01
telomeric repeat-containing RNA binding	2	0.01
cyclin-dependent protein kinase activity	2	0.01
hyaluronic acid binding	2	0.01
L-valine transaminase activity	2	0.01
NFAT protein binding	2	0.01
protein-disulfide reductase activity	2	0.01
DNA topoisomerase type II (double strand cut, ATP-hydrolyzing) activity	2	0.01
thyroid hormone receptor coactivator activity	2	0.01
ATPase-coupled intramembrane lipid transporter activity	2	0.01
sequence-specific single stranded DNA binding	2	0.01
aminoacyl-tRNA ligase activity	2	0.01
syntaxin-3 binding	1	0.01
taurine:sodium symporter activity	1	0.01
lactoylglutathione lyase activity	1	0.01
S-methyl-5-thioadenosine phosphorylase activity	1	0.01
GDP-mannose 3,5-epimerase activity	1	0.01
phosphoribosylformylglycinamidine synthase activity	1	0.01
selenide, water dikinase activity	1	0.01
histone succinyltransferase activity	1	0.01
amine sulfotransferase activity	1	0.01
C-C chemokine receptor activity	1	0.01
S-nitrosoglutathione binding	1	0.01
peptidyl-cysteine S-nitrosylase activity	1	0.01
NADP phosphatase activity	1	0.01
histone glutaryltransferase activity	1	0.01
bis(5'-adenosyl)-pentaphosphatase activity	1	0.01
D1 dopamine receptor binding	1	0.01
deoxyribonuclease activity	1	0.01
alkylglycerone-phosphate synthase activity	1	0.01
intracellular calcium activated chloride channel activity	1	0.01
guanosine-diphosphatase activity	1	0.01
malate dehydrogenase (decarboxylating) (NADP+) activity	1	0.01
RNA polymerase III general transcription initiation factor activity	1	0.01
exopeptidase activity	1	0.01
tyrosine-tRNA ligase activity	1	0.01
Ral guanyl-nucleotide exchange factor activity	1	0.01
protein kinase B binding	1	0.01
adenine binding	1	0.01
cholesterol transfer activity	1	0.01
mannosyl-oligosaccharide 1,3-1,6-alpha-mannosidase activity	1	0.01
olfactory receptor activity	1	0.01
3-oxoacyl-[acyl-carrier-protein] reductase (NADPH) activity	1	0.01
leak channel activity	1	0.01
methylthiotransferase activity	1	0.01
fatty-acyl-CoA synthase activity	1	0.01
DNA/DNA annealing activity	1	0.01
NADPH:sulfur oxidoreductase activity	1	0.01
aldehyde oxidase activity	1	0.01
beta-N-acetylhexosaminidase activity	1	0.01
xanthine dehydrogenase activity	1	0.01
3-hydroxyacyl-CoA dehydrogenase activity	1	0.01
glucocorticoid receptor activity	1	0.01
3-hydroxybutyrate dehydrogenase activity	1	0.01
phospholipid scramblase activity	1	0.01
RNA 2'-O-methyltransferase activity	1	0.01
benzaldehyde dehydrogenase (NADP+) activity	1	0.01
sphingomyelin phosphodiesterase activator activity	1	0.01
DH domain binding	1	0.01
sphingosine N-acyltransferase activity	1	0.01
acetylcholine receptor activity	1	0.01
urea transmembrane transporter activity	1	0.01
symporter activity	1	0.01
mitochondrion targeting sequence binding	1	0.01
isocitrate dehydrogenase (NADP+) activity	1	0.01
phosphatidate phosphatase activity	1	0.01
ATPase regulator activity	1	0.01
acylglycerol lipase activity	1	0.01
acetylcholine receptor binding	1	0.01
MIT domain binding	1	0.01
pyridoxamine-phosphate oxidase activity	1	0.01
sterol binding	1	0.01
G/U mismatch-specific uracil-DNA glycosylase activity	1	0.01
RNA polymerase I cis-regulatory region sequence-specific DNA binding	1	0.01
Rab guanyl-nucleotide exchange factor activity	1	0.01
cysteine desulfurase activity	1	0.01
(3R)-hydroxymyristoyl-[acyl-carrier-protein] dehydratase activity	1	0.01
acylglycerol kinase activity	1	0.01
methionine-tRNA ligase activity	1	0.01
succinate-hydroxymethylglutarate CoA-transferase activity	1	0.01
high-affinity lysine transmembrane transporter activity	1	0.01
sterol transporter activity	1	0.01
ADP-ribose diphosphatase activity	1	0.01
histone deacetylase regulator activity	1	0.01
EP4 subtype prostaglandin E2 receptor binding	1	0.01
microtubule plus end polymerase	1	0.01
prostaglandin-endoperoxide synthase activity	1	0.01
opsonin binding	1	0.01
15-hydroxyprostaglandin dehydrogenase (NADP+) activity	1	0.01
glutamine-fructose-6-phosphate transaminase (isomerizing) activity	1	0.01
myo-inositol-1,2,3,4,6-heptakisphosphate 5-kinase activity	1	0.01
histone kinase activity (H2A-T120 specific)	1	0.01
angiotensin type I receptor activity	1	0.01
FHA domain binding	1	0.01
ATPase-coupled cation transmembrane transporter activity	1	0.01
5'-3' RNA polymerase activity	1	0.01
fatty acid ligase activity	1	0.01
dopamine:sodium symporter activity	1	0.01
retromer complex binding	1	0.01
phosphatidylinositol-3,4-bisphosphate 3-phosphatase activity	1	0.01
long-chain-enoyl-CoA hydratase activity	1	0.01
cystathionine gamma-lyase activity	1	0.01
dinucleotide insertion or deletion binding	1	0.01
nucleosome-dependent ATPase activity	1	0.01
lithocholic acid binding	1	0.01
methylglyoxal synthase activity	1	0.01
glycogen synthase activity, transferring glucose-1-phosphate	1	0.01
kainate selective glutamate receptor activity	1	0.01
poly(C) RNA binding	1	0.01
ceramide kinase activity	1	0.01
phosphorylation-dependent protein binding	1	0.01
glyceraldehyde-3-phosphate dehydrogenase (NAD+) (phosphorylating) activity	1	0.01
interleukin-2 receptor binding	1	0.01
RNA polymerase III type 2 promoter DNA binding	1	0.01
4-hydroxybutyrate receptor activity	1	0.01
alkylglycerophosphoethanolamine phosphodiesterase activity	1	0.01
antiporter activity	1	0.01
inositol monophosphate 1-phosphatase activity	1	0.01
sumo-dependent protein binding	1	0.01
glutamate-ammonia ligase activity	1	0.01
methotrexate binding	1	0.01
high voltage-gated calcium channel activity	1	0.01
coreceptor activity involved in Wnt signaling pathway, planar cell polarity pathway	1	0.01
L-threonine ammonia-lyase activity	1	0.01
preribosome binding	1	0.01
TORC2 complex binding	1	0.01
sepiapterin reductase activity	1	0.01
N-acylneuraminate-9-phosphate synthase activity	1	0.01
channel activity	1	0.01
mannose binding	1	0.01
N-methyltransferase activity	1	0.01
chromatin insulator sequence binding	1	0.01
methanethiol oxidase activity	1	0.01
collagen binding involved in cell-matrix adhesion	1	0.01
carbon-sulfur lyase activity	1	0.01
leucine-tRNA ligase activity	1	0.01
structural constituent of postsynapse	1	0.01
glycolipid binding	1	0.01
prostaglandin-E2 9-reductase activity	1	0.01
inositol-1,4,5-trisphosphate 3-kinase activity	1	0.01
ceramide 1-phosphate binding	1	0.01
[protein]-3-O-(N-acetyl-D-glucosaminyl)-L-serine O-N-acetyl-alpha-D-glucosaminase activity	1	0.01
phosphatidylcholine transporter activity	1	0.01
lysine-tRNA ligase activity	1	0.01
double-strand/single-strand DNA junction binding	1	0.01
RNA lariat debranching enzyme activity	1	0.01
proteasome regulatory particle binding	1	0.01
extracellularly glycine-gated ion channel activity	1	0.01
maltose alpha-glucosidase activity	1	0.01
L-amino acid transmembrane transporter activity	1	0.01
lithocholic acid receptor activity	1	0.01
sphingolipid binding	1	0.01
spermine synthase activity	1	0.01
VEGF-C-activated receptor activity	1	0.01
carboxylic ester hydrolase activity	1	0.01
steroid hydroxylase activity	1	0.01
phosphoglycerate dehydrogenase activity	1	0.01
BMP receptor binding	1	0.01
G-protein beta-subunit binding	1	0.01
methylumbelliferyl-acetate deacetylase activity	1	0.01
structural constituent of presynaptic active zone	1	0.01
GABA receptor binding	1	0.01
mRNA guanylyltransferase activity	1	0.01
tubulin-glutamic acid ligase activity	1	0.01
SUMO activating enzyme activity	1	0.01
sedoheptulose-7-phosphate:D-glyceraldehyde-3-phosphate glyceronetransferase activity	1	0.01
netrin receptor binding	1	0.01
adenosine deaminase activity	1	0.01
inositol-1,3,4,5-tetrakisphosphate 5-phosphatase activity	1	0.01
pyrimidine nucleotide binding	1	0.01
endoribonuclease activity, cleaving siRNA-paired mRNA	1	0.01
GDP-L-fucose synthase activity	1	0.01
oxalate transmembrane transporter activity	1	0.01
aromatase activity	1	0.01
A2A adenosine receptor binding	1	0.01
[protein]-3-O-(N-acetyl-D-glucosaminyl)-L-threonine O-N-acetyl-alpha-D-glucosaminase activity	1	0.01
tRNA (guanosine-2'-O-)-methyltransferase activity	1	0.01
TFIIF-class transcription factor complex binding	1	0.01
mRNA N-acetyltransferase activity	1	0.01
inositol-1,4,5-trisphosphate 6-kinase activity	1	0.01
histone acetyltransferase activity (H4-K12 specific)	1	0.01
bile acid transmembrane transporter activity	1	0.01
pyruvate kinase activity	1	0.01
11-cis retinal binding	1	0.01
NADH pyrophosphatase activity	1	0.01
CD4 receptor binding	1	0.01
AP-1 adaptor complex binding	1	0.01
xenobiotic transmembrane transporter activity	1	0.01
ryanodine-sensitive calcium-release channel activity	1	0.01
6-pyruvoyltetrahydropterin synthase activity	1	0.01
C-X-C chemokine binding	1	0.01
methionine adenosyltransferase activity	1	0.01
ATPase-coupled peptide transmembrane transporter activity	1	0.01
argininosuccinate lyase activity	1	0.01
[acyl-carrier-protein] S-acetyltransferase activity	1	0.01
troponin C binding	1	0.01
hydrolase activity, acting on acid anhydrides, in phosphorus-containing anhydrides	1	0.01
triose-phosphate isomerase activity	1	0.01
inhibin binding	1	0.01
adenylosuccinate synthase activity	1	0.01
serpin family protein binding	1	0.01
deubiquitinase activator activity	1	0.01
pyridoxal kinase activity	1	0.01
Ras guanyl-nucleotide exchange factor activity	1	0.01
RNA-directed DNA polymerase activity	1	0.01
3'-tyrosyl-DNA phosphodiesterase activity	1	0.01
vitamin binding	1	0.01
hyalurononglucosaminidase activity	1	0.01
glycogen (starch) synthase activity	1	0.01
histone deacetylase activity (H4-K16 specific)	1	0.01
beta-aspartyl-peptidase activity	1	0.01
MH2 domain binding	1	0.01
brain-derived neurotrophic factor binding	1	0.01
sarcosine dehydrogenase activity	1	0.01
palmitoyl-(protein) hydrolase activity	1	0.01
myosin-light-chain-phosphatase activity	1	0.01
hemoglobin binding	1	0.01
IMP cyclohydrolase activity	1	0.01
citrate (Si)-synthase activity	1	0.01
purine-specific mismatch base pair DNA N-glycosylase activity	1	0.01
fatty acid synthase activity	1	0.01
N-acetylglucosaminyl-proteoglycan 4-beta-glucuronosyltransferase activity	1	0.01
P-P-bond-hydrolysis-driven protein transmembrane transporter activity	1	0.01
voltage-gated chloride channel activity	1	0.01
crossover junction endodeoxyribonuclease activity	1	0.01
linoleic acid binding	1	0.01
phosphatase regulator activity	1	0.01
inositol diphosphate tetrakisphosphate diphosphatase activity	1	0.01
RNA strand annealing activity	1	0.01
tRNA (adenine-N6-)-methyltransferase activity	1	0.01
DNA topoisomerase type II (double strand cut, ATP-hydrolyzing) activator activity	1	0.01
inositol monophosphate phosphatase activity	1	0.01
aromatic amino acid transmembrane transporter activity	1	0.01
succinate-CoA ligase (ADP-forming) activity	1	0.01
formaldehyde dehydrogenase activity	1	0.01
cystine:glutamate antiporter activity	1	0.01
ATP:ADP antiporter activity	1	0.01
[pyruvate dehydrogenase (lipoamide)] phosphatase activity	1	0.01
5-formyltetrahydrofolate cyclo-ligase activity	1	0.01
structural constituent of tooth enamel	1	0.01
uniporter activity	1	0.01
signaling adaptor activity	1	0.01
protein serine/threonine phosphatase inhibitor activity	1	0.01
oxidoreductase activity, acting on the aldehyde or oxo group of donors, NAD or NADP as acceptor	1	0.01
CTP binding	1	0.01
thyroid hormone transmembrane transporter activity	1	0.01
cytidylate kinase activity	1	0.01
glutathione synthase activity	1	0.01
platelet-derived growth factor receptor binding	1	0.01
glycerol-3-phosphate dehydrogenase (quinone) activity	1	0.01
receptor antagonist activity	1	0.01
intracellularly ATP-gated chloride channel activity	1	0.01
[protein]-3-O-(N-acetyl-D-glucosaminyl)-L-serine/L-threonine O-N-acetyl-alpha-D-glucosaminase activity	1	0.01
secondary active sulfate transmembrane transporter activity	1	0.01
follicle-stimulating hormone receptor activity	1	0.01
3-hydroxyoctanoyl-[acyl-carrier-protein] dehydratase activity	1	0.01
adenyl nucleotide binding	1	0.01
dITP diphosphatase activity	1	0.01
phosphoribosylglycinamide formyltransferase activity	1	0.01
phosphatidylethanolamine binding	1	0.01
3-hydroxypalmitoyl-[acyl-carrier-protein] dehydratase activity	1	0.01
sulfonylurea receptor binding	1	0.01
arginyltransferase activity	1	0.01
arylsulfatase activity	1	0.01
catalase activity	1	0.01
succinate-CoA ligase (GDP-forming) activity	1	0.01
monooxygenase activity	1	0.01
hydrolase activity, hydrolyzing N-glycosyl compounds	1	0.01
epinephrine binding	1	0.01
double-stranded DNA 5'-3' exodeoxyribonuclease activity	1	0.01
dihydrolipoyl dehydrogenase activity	1	0.01
18S rRNA (adenine(1779)-N(6)/adenine(1780)-N(6))-dimethyltransferase activity	1	0.01
S-formylglutathione hydrolase activity	1	0.01
diphthine synthase activity	1	0.01
heme oxygenase (decyclizing) activity	1	0.01
protein farnesyltransferase activity	1	0.01
Toll-like receptor binding	1	0.01
3-hydroxydecanoyl-[acyl-carrier-protein] dehydratase activity	1	0.01
RNA ligase (ATP) activity	1	0.01
calcium-independent phospholipase A2 activity	1	0.01
inositol hexakisphosphate binding	1	0.01
BH3 domain binding	1	0.01
adenine transmembrane transporter activity	1	0.01
3-oxo-pimeloyl-[acp] methyl ester reductase activity	1	0.01
adrenergic receptor binding	1	0.01
bradykinin receptor binding	1	0.01
1-phosphatidylinositol-4-phosphate 3-kinase activity	1	0.01
ATPase-coupled ion transmembrane transporter activity	1	0.01
carbohydrate response element binding	1	0.01
cysteine-S-conjugate beta-lyase activity	1	0.01
myosin II binding	1	0.01
disulfide oxidoreductase activity	1	0.01
cysteine-type endopeptidase regulator activity involved in apoptotic process	1	0.01
glycogen binding	1	0.01
malate dehydrogenase (NADP+) activity	1	0.01
palmitoleoyltransferase activity	1	0.01
oxidized pyrimidine nucleobase lesion DNA N-glycosylase activity	1	0.01
heptaldehyde:oxygen oxidoreductase activity	1	0.01
troponin I binding	1	0.01
voltage-gated calcium channel activity involved in positive regulation of presynaptic cytosolic calcium levels	1	0.01
linoleoyl-CoA desaturase activity	1	0.01
taurine transmembrane transporter activity	1	0.01
phosphatase inhibitor activity	1	0.01
citrate dehydratase activity	1	0.01
pyridoxal binding	1	0.01
ornithine decarboxylase activator activity	1	0.01
GABA-A receptor activity	1	0.01
insulin-like growth factor-activated receptor activity	1	0.01
interleukin-4 receptor binding	1	0.01
glycosphingolipid binding	1	0.01
oxidized pyrimidine DNA binding	1	0.01
3-oxo-glutaryl-[acp] methyl ester reductase activity	1	0.01
semaphorin receptor activity	1	0.01
toxic substance binding	1	0.01
arginine binding	1	0.01
ion channel inhibitor activity	1	0.01
inorganic anion exchanger activity	1	0.01
heterotrimeric G-protein binding	1	0.01
SUMO-specific isopeptidase activity	1	0.01
signal sequence binding	1	0.01
ganglioside binding	1	0.01
ribose phosphate diphosphokinase activity	1	0.01
glucose-6-phosphate dehydrogenase activity	1	0.01
anion:anion antiporter activity	1	0.01
sn-glycerol-3-phosphate:ubiquinone-8 oxidoreductase activity	1	0.01
nucleosomal histone binding	1	0.01
xylulokinase activity	1	0.01
inositol-polyphosphate 5-phosphatase activity	1	0.01
tRNA (N(6)-L-threonylcarbamoyladenosine(37)-C(2))-methylthiotransferase	1	0.01
inositol 1,4,5-trisphosphate receptor activity involved in regulation of postsynaptic cytosolic calcium levels	1	0.01
complement component C3a binding	1	0.01
beta-1 adrenergic receptor binding	1	0.01
insulin-activated receptor activity	1	0.01
acetylcholine-gated cation-selective channel activity	1	0.01
alcohol dehydrogenase activity, zinc-dependent	1	0.01
intraciliary transport particle A binding	1	0.01
peroxisome targeting sequence binding	1	0.01
acetyl-CoA carboxylase activity	1	0.01
glycine-tRNA ligase activity	1	0.01
nucleoside kinase activity	1	0.01
adenosylhomocysteinase activity	1	0.01
phosphoribosylaminoimidazolecarboxamide formyltransferase activity	1	0.01
type 2A serotonin receptor binding	1	0.01
ATP-dependent polyribonucleotide 5'-hydroxyl-kinase activity	1	0.01
gamma-aminobutyric acid transmembrane transporter activity	1	0.01
inositol-1,3,4,5-tetrakisphosphate 3-phosphatase activity	1	0.01
calcium-induced calcium release activity	1	0.01
uridine-diphosphatase activity	1	0.01
type II activin receptor binding	1	0.01
phosphatidylinositol-3,4,5-trisphosphate 3-phosphatase activity	1	0.01
phosphatidylcholine floppase activity	1	0.01
GPI-anchor transamidase activity	1	0.01
3-dehydrosphinganine reductase activity	1	0.01
tRNA-dihydrouridine20 synthase activity	1	0.01
potassium channel inhibitor activity	1	0.01
asparaginase activity	1	0.01
DNA/RNA helicase activity	1	0.01
RNA lariat debranching enzyme activator activity	1	0.01
peptide butyryltransferase activity	1	0.01
endoplasmic reticulum signal peptide binding	1	0.01
histone demethylase activity (H4-R3 specific)	1	0.01
laminin receptor activity	1	0.01
neutral amino acid transmembrane transporter activity	1	0.01
tRNA-intron endonuclease activity	1	0.01
endoribonuclease inhibitor activity	1	0.01
RNA polymerase II sequence-specific DNA-binding transcription factor recruiting activity	1	0.01
GDP-4-dehydro-D-rhamnose reductase activity	1	0.01
norepinephrine binding	1	0.01
long-chain-alcohol oxidase activity	1	0.01
glycine dehydrogenase (decarboxylating) activity	1	0.01
syndecan binding	1	0.01
glutamate-5-semialdehyde dehydrogenase activity	1	0.01
dephospho-CoA kinase activity	1	0.01
vascular endothelial growth factor binding	1	0.01
translation elongation factor binding	1	0.01
voltage-gated calcium channel activity involved in regulation of presynaptic cytosolic calcium levels	1	0.01
beta2-adrenergic receptor activity	1	0.01
patched binding	1	0.01
dystroglycan binding	1	0.01
lipoamide binding	1	0.01
single-stranded 3'-5' DNA helicase activity	1	0.01
phosphoacetylglucosamine mutase activity	1	0.01
peptidyl-proline 3-dioxygenase activity	1	0.01
2,3-bisphosphoglycerate-dependent phosphoglycerate mutase activity	1	0.01
tryptophan-tRNA ligase activity	1	0.01
alpha-2A adrenergic receptor binding	1	0.01
RNA polymerase III type 3 promoter sequence-specific DNA binding	1	0.01
propionate transmembrane transporter activity	1	0.01
arachidonic acid binding	1	0.01
extracellularly glycine-gated chloride channel activity	1	0.01
interleukin-6 receptor binding	1	0.01
dGTP binding	1	0.01
DNA-binding transcription activator activity	1	0.01
palmitoyl-CoA 9-desaturase activity	1	0.01
alpha-1,3-mannosyltransferase activity	1	0.01
single-strand break-containing DNA binding	1	0.01
endopolyphosphatase activity	1	0.01
histone deacetylase inhibitor activity	1	0.01
mRNA (nucleoside-2'-O-)-methyltransferase activity	1	0.01
purine ribonucleoside triphosphate binding	1	0.01
mineralocorticoid receptor binding	1	0.01
3-oxoacyl-[acyl-carrier-protein] synthase activity	1	0.01
N,N-dimethylaniline monooxygenase activity	1	0.01
ADP-sugar diphosphatase activity	1	0.01
ubiquitin-like protein transferase activity	1	0.01
orotidine-5'-phosphate decarboxylase activity	1	0.01
estrogen response element binding	1	0.01
mRNA (cytidine-5-)-methyltransferase activity	1	0.01
phosphomannomutase activity	1	0.01
butyrate-CoA ligase activity	1	0.01
mRNA (guanine-N7-)-methyltransferase activity	1	0.01
BLOC-2 complex binding	1	0.01
translation repressor activity	1	0.01
medium-chain-acyl-CoA dehydrogenase activity	1	0.01
DNA insertion or deletion binding	1	0.01
oligosaccharide binding	1	0.01
purine-nucleoside phosphorylase activity	1	0.01
oxaloacetate decarboxylase activity	1	0.01
alpha-ketoacid dehydrogenase activity	1	0.01
retinoid binding	1	0.01
ATPase inhibitor activity	1	0.01
potassium ion transmembrane transporter activity	1	0.01
glucan 1,3-alpha-glucosidase activity	1	0.01
Wnt-protein binding	1	0.01
orotate phosphoribosyltransferase activity	1	0.01
L-cystine L-cysteine-lyase (deaminating)	1	0.01
zinc ion transmembrane transporter activity	1	0.01
phosphoglycerate kinase activity	1	0.01
polyribonucleotide nucleotidyltransferase activity	1	0.01
betaine-aldehyde dehydrogenase activity	1	0.01
phosphatidic acid binding	1	0.01
inositol tetrakisphosphate 3-kinase activity	1	0.01
chlordecone reductase activity	1	0.01
quinone binding	1	0.01
fibroblast growth factor-activated receptor activity	1	0.01
lipid kinase activity	1	0.01
farnesyltranstransferase activity	1	0.01
K6-linked polyubiquitin modification-dependent protein binding	1	0.01
rRNA (cytosine-C5-)-methyltransferase activity	1	0.01
Ran guanyl-nucleotide exchange factor activity	1	0.01
glutathione-disulfide reductase activity	1	0.01
NAD(P)H oxidase (H(2)O(2)-forming activity	1	0.01
carbamoyl-phosphate synthase (ammonia) activity	1	0.01
blue light photoreceptor activity	1	0.01
cGMP-inhibited cyclic-nucleotide phosphodiesterase activity	1	0.01
androsterone dehydrogenase (B-specific) activity	1	0.01
transforming growth factor beta receptor, common-partner cytoplasmic mediator activity	1	0.01
5'-nucleotidase activity	1	0.01
triphosphatase activity	1	0.01
kinase regulator activity	1	0.01
organic acid binding	1	0.01
exodeoxyribonuclease I activity	1	0.01
sodium:phosphate symporter activity	1	0.01
rRNA cytidine N-acetyltransferase activity	1	0.01
oxidoreductase activity, acting on the CH-CH group of donors, NAD or NADP as acceptor	1	0.01
activin receptor antagonist activity	1	0.01
bis(5'-nucleosyl)-tetraphosphatase (asymmetrical) activity	1	0.01
oxygen binding	1	0.01
phosphatidylinositol 3-kinase activity	1	0.01
aspartate-tRNA ligase activity	1	0.01
3 iron, 4 sulfur cluster binding	1	0.01
dinitrosyl-iron complex binding	1	0.01
channel regulator activity	1	0.01
4-alpha-hydroxytetrahydrobiopterin dehydratase activity	1	0.01
transketolase activity	1	0.01
glycerol-1-phosphatase activity	1	0.01
selenium binding	1	0.01
glutamate dehydrogenase [NAD(P)+] activity	1	0.01
U6atac snRNA binding	1	0.01
hormone binding	1	0.01
oxidized purine nucleobase lesion DNA N-glycosylase activity	1	0.01
procollagen glucosyltransferase activity	1	0.01
RNA polymerase II activity	1	0.01
corticosterone 18-monooxygenase activity	1	0.01
ethanol binding	1	0.01
inositol tetrakisphosphate 5-kinase activity	1	0.01
N-acyltransferase activity	1	0.01
RNA uridylyltransferase activity	1	0.01
phosphatidylinositol-4,5-bisphosphate 3-kinase activity	1	0.01
adenosylmethionine decarboxylase activity	1	0.01
ceramide 1-phosphate transfer activity	1	0.01
histone kinase activity (H3-T11 specific)	1	0.01
phosphatidylglycerol binding	1	0.01
crotonyl-CoA hydratase activity	1	0.01
vasoactive intestinal polypeptide receptor activity	1	0.01
succinate transmembrane transporter activity	1	0.01
glucuronolactone reductase activity	1	0.01
estrogen receptor activity	1	0.01
putrescine binding	1	0.01
prostaglandin receptor activity	1	0.01
rRNA (adenine-N6,N6-)-dimethyltransferase activity	1	0.01
G protein-coupled serotonin receptor binding	1	0.01
mRNA (N6-adenosine)-methyltransferase activity	1	0.01
potassium:proton antiporter activity	1	0.01
adenosine kinase activity	1	0.01
3-methyl-2-oxobutanoate dehydrogenase (2-methylpropanoyl-transferring) activity	1	0.01
nitric-oxide synthase binding	1	0.01
very-low-density lipoprotein particle receptor activity	1	0.01
complement component C3b binding	1	0.01
fatty-acyl-CoA reductase (alcohol-forming) activity	1	0.01
adenylylsulfate kinase activity	1	0.01
glutamate dehydrogenase (NAD+) activity	1	0.01
pre-mRNA branch point binding	1	0.01
myosin heavy chain binding	1	0.01
dol-P-Man:Man(5)GlcNAc(2)-PP-Dol alpha-1,3-mannosyltransferase activity	1	0.01
phosphodiesterase I activity	1	0.01
hydroxymethylbilane synthase activity	1	0.01
ornithine-oxo-acid transaminase activity	1	0.01
sodium channel activity	1	0.01
bone sialoprotein binding	1	0.01
4-trimethylammoniobutyraldehyde dehydrogenase activity	1	0.01
lipid transporter activity	1	0.01
ATPase-coupled xenobiotic transmembrane transporter activity	1	0.01
ribose-5-phosphate isomerase activity	1	0.01
omega peptidase activity	1	0.01
L-iditol 2-dehydrogenase activity	1	0.01
pyrimidine-specific mismatch base pair DNA N-glycosylase activity	1	0.01
methylenetetrahydrofolate dehydrogenase [NAD(P)+] activity	1	0.01
polysaccharide binding	1	0.01
prostaglandin-E synthase activity	1	0.01
phosphoribosylaminoimidazole carboxylase activity	1	0.01
histone demethylase activity (H4-K20 specific)	1	0.01
apolipoprotein A-I receptor binding	1	0.01
3'-5' DNA/RNA helicase activity	1	0.01
histone methyltransferase activity (H3-R17 specific)	1	0.01
heparan sulfate N-acetylglucosaminyltransferase activity	1	0.01
ephrin receptor activity	1	0.01
MAP kinase phosphatase activity	1	0.01
beta-N-acetylglucosaminidase activity	1	0.01
amide binding	1	0.01
H3K9me3 modified histone binding	1	0.01
phospholipase A2 activity	1	0.01
POU domain binding	1	0.01
vitamin D response element binding	1	0.01
N-acetylneuraminate synthase activity	1	0.01
alpha-methylacyl-CoA racemase activity	1	0.01
myosin phosphatase regulator activity	1	0.01
tetrahydrofolylpolyglutamate synthase activity	1	0.01
L-glutamine aminotransferase activity	1	0.01
inositol hexakisphosphate 3-kinase activity	1	0.01
tricarboxylic acid transmembrane transporter activity	1	0.01
FFAT motif binding	1	0.01
L-lysine transmembrane transporter activity	1	0.01
peptide hormone binding	1	0.01
oxysterol binding	1	0.01
chemokine receptor activity	1	0.01
NAD(P)+-protein-arginine ADP-ribosyltransferase activity	1	0.01
ligase activity	1	0.01
tRNA-specific ribonuclease activity	1	0.01
acid phosphatase activity	1	0.01
alpha-1,4-glucosidase activity	1	0.01
NMDA glutamate receptor activity	1	0.01
JUN kinase phosphatase activity	1	0.01
spermidine synthase activity	1	0.01
deoxyribonuclease I activity	1	0.01
Rap guanyl-nucleotide exchange factor activity	1	0.01
carnitine O-palmitoyltransferase activity	1	0.01
amylin binding	1	0.01
protein N-acetylglucosaminyltransferase activity	1	0.01
cyclic-nucleotide phosphodiesterase activity	1	0.01
phenylalanine 4-monooxygenase activity	1	0.01
bromide peroxidase activity	1	0.01
second spliceosomal transesterification activity	1	0.01
RNA polymerase III type 3 promoter DNA binding	1	0.01
deoxycytidyl transferase activity	1	0.01
L27 domain binding	1	0.01
holo-[acyl-carrier-protein] synthase activity	1	0.01
S-(hydroxymethyl)glutathione dehydrogenase activity	1	0.01
alcohol-forming fatty acyl-CoA reductase activity	1	0.01
ferritin receptor activity	1	0.01
hydrolase activity, acting on carbon-nitrogen (but not peptide) bonds, in cyclic amides	1	0.01
malate transmembrane transporter activity	1	0.01
ribulose-phosphate 3-epimerase activity	1	0.01
transforming growth factor beta receptor activity, type I	1	0.01
strictosidine synthase activity	1	0.01
3'-flap endonuclease activity	1	0.01
NADH dehydrogenase activity	1	0.01
Sec61 translocon complex binding	1	0.01
uroporphyrinogen decarboxylase activity	1	0.01
polydeoxyribonucleotide kinase activity	1	0.01
SUMO polymer binding	1	0.01
amidophosphoribosyltransferase activity	1	0.01
D-xylulose reductase activity	1	0.01
RNA-directed 5'-3' RNA polymerase activity	1	0.01
adenine nucleotide transmembrane transporter activity	1	0.01
chemokine binding	1	0.01
isocitrate dehydrogenase (NAD+) activity	1	0.01
reelin receptor activity	1	0.01
pyruvate dehydrogenase (acetyl-transferring) kinase activity	1	0.01
NEDD8 ligase activity	1	0.01
vascular endothelial growth factor-activated receptor activity	1	0.01
phospholipase C activity	1	0.01
histone acetyltransferase activity (H4-K16 specific)	1	0.01
cysteine-tRNA ligase activity	1	0.01
citrate secondary active transmembrane transporter activity	1	0.01
pattern recognition receptor activity	1	0.01
CoA-transferase activity	1	0.01
MutSbeta complex binding	1	0.01
SUMO-specific endopeptidase activity	1	0.01
peptidyl-proline 4-dioxygenase activity	1	0.01
inositol diphosphate pentakisphosphate diphosphatase activity	1	0.01
acyl-CoA hydrolase activity	1	0.01
N6-isopentenyladenosine methylthiotransferase activity	1	0.01
dihydropyrimidinase activity	1	0.01
glycerol-3-phosphatase activity	1	0.01
inositol-3-phosphate synthase activity	1	0.01
phosphoserine phosphatase activity	1	0.01
regulatory region RNA binding	1	0.01
recombinase activity	1	0.01
ubiquinol-cytochrome-c reductase activity	1	0.01
proline dipeptidase activity	1	0.01
alpha-L-fucosidase activity	1	0.01
steroid 11-beta-monooxygenase activity	1	0.01
eukaryotic initiation factor eIF2 binding	1	0.01
pyrroline-5-carboxylate reductase activity	1	0.01
DNA polymerase processivity factor activity	1	0.01
L-aminoadipate-semialdehyde dehydrogenase activity	1	0.01
triphosphoric monoester hydrolase activity	1	0.01
structural constituent of skin epidermis	1	0.01
nucleoside binding	1	0.01
histone demethylase activity (H3-R2 specific)	1	0.01
IgM binding	1	0.01
serine-tRNA ligase activity	1	0.01
glutamate-tRNA(Gln) ligase activity	1	0.01
JUN kinase activity	1	0.01
O-phospho-L-serine:2-oxoglutarate aminotransferase activity	1	0.01
fibrinogen binding	1	0.01
inositol monophosphate 4-phosphatase activity	1	0.01
dihydroceramide kinase activity	1	0.01
G-protein gamma-subunit binding	1	0.01
hydroxymethylglutaryl-CoA synthase activity	1	0.01
long-chain-aldehyde dehydrogenase activity	1	0.01
proline-tRNA ligase activity	1	0.01
RNA adenylyltransferase activity	1	0.01
1-acylglycerophosphocholine O-acyltransferase activity	1	0.01
F-box domain binding	1	0.01
microtubule lateral binding	1	0.01
phosphatidylinositol-3,4-bisphosphate 5-kinase activity	1	0.01
molecular function regulator	1	0.01
DNA 5'-adenosine monophosphate hydrolase activity	1	0.01
riboflavin transmembrane transporter activity	1	0.01
asparagine synthase (glutamine-hydrolyzing) activity	1	0.01
oxidized DNA binding	1	0.01
macrophage migration inhibitory factor binding	1	0.01
aspartate carbamoyltransferase activity	1	0.01
mannose-1-phosphate guanylyltransferase activity	1	0.01
lipoprotein particle receptor binding	1	0.01
neuregulin binding	1	0.01
methylarsonate reductase activity	1	0.01
UDP-glucose 6-dehydrogenase activity	1	0.01
tripeptidyl-peptidase activity	1	0.01
H3K27me3 modified histone binding	1	0.01
denatured protein binding	1	0.01
box C/D snoRNP complex binding	1	0.01
phospholipase D activator activity	1	0.01
tRNA (guanine) methyltransferase activity	1	0.01
peptidase activator activity involved in apoptotic process	1	0.01
dihydropyrimidine dehydrogenase (NADP+) activity	1	0.01
mitochondrial proton-transporting ATP synthase complex binding	1	0.01
histone butyryltransferase activity	1	0.01
double-stranded DNA 3'-5' exodeoxyribonuclease activity	1	0.01
histone kinase activity (H3-T3 specific)	1	0.01
NEDD8-specific protease activity	1	0.01
RNA polymerase III type 1 promoter DNA binding	1	0.01
ionotropic glutamate receptor activity	1	0.01
17-alpha,20-alpha-dihydroxypregn-4-en-3-one dehydrogenase activity	1	0.01
adenine phosphoribosyltransferase activity	1	0.01
L-serine ammonia-lyase activity	1	0.01
5-amino-4-imidazole carboxylate lyase activity	1	0.01
diacylglycerol O-acyltransferase activity	1	0.01
thiosulfate transmembrane transporter activity	1	0.01
temperature-gated cation channel activity	1	0.01
clathrin-uncoating ATPase activity	1	0.01
uridine phosphorylase activity	1	0.01
GMP binding	1	0.01
inositol hexakisphosphate 1-kinase activity	1	0.01
GAF domain binding	1	0.01
CCR3 chemokine receptor binding	1	0.01
interleukin-1 receptor antagonist activity	1	0.01
N6-threonylcarbomyladenosine methylthiotransferase activity	1	0.01
CTPase activity	1	0.01
phosphatidylserine decarboxylase activity	1	0.01
inositol tetrakisphosphate 6-kinase activity	1	0.01
short-chain carboxylesterase activity	1	0.01
aldose 1-epimerase activity	1	0.01
oleoyl-[acyl-carrier-protein] hydrolase activity	1	0.01
glutamate 5-kinase activity	1	0.01
acetylgalactosaminyltransferase activity	1	0.01
CCR chemokine receptor binding	1	0.01
thymidylate synthase activity	1	0.01
sterol response element binding	1	0.01
3'(2'),5'-bisphosphate nucleotidase activity	1	0.01
RNA polymerase II complex recruiting activity	1	0.01
H4K20me3 modified histone binding	1	0.01
3'-flap-structured DNA binding	1	0.01
acetyl-CoA C-acyltransferase activity	1	0.01
alanylglutamate dipeptidase activity	1	0.01
deoxyhypusine synthase activity	1	0.01
interleukin-1 receptor binding	1	0.01
pre-mRNA intronic pyrimidine-rich binding	1	0.01
MHC protein binding	1	0.01
uridylate kinase activity	1	0.01
Rho GDP-dissociation inhibitor binding	1	0.01
high-density lipoprotein particle binding	1	0.01
protein-propionyllysine depropionylase activity	1	0.01
MADS box domain binding	1	0.01
glutamate-cysteine ligase catalytic subunit binding	1	0.01
dGTPase activity	1	0.01
(R,R)-butanediol dehydrogenase activity	1	0.01
alpha-2 macroglobulin receptor activity	1	0.01
TFIIB-class transcription factor binding	1	0.01
Wnt-activated receptor activity	1	0.01
cis-trans isomerase activity	1	0.01
translation release factor activity, codon specific	1	0.01
SUMO conjugating enzyme activity	1	0.01
transforming growth factor beta-activated receptor activity	1	0.01
myosin light chain kinase activity	1	0.01
glutamate-cysteine ligase activity	1	0.01
aminobutyraldehyde dehydrogenase activity	1	0.01
uracil binding	1	0.01
inositol monophosphate 3-phosphatase activity	1	0.01
N-terminal protein N-methyltransferase activity	1	0.01
adrenergic receptor activity	1	0.01
4-hydroxyphenylpyruvate dioxygenase activity	1	0.01
asparagine-tRNA ligase activity	1	0.01
indanol dehydrogenase activity	1	0.01
L-cysteine:2-oxoglutarate aminotransferase activity	1	0.01
oxidative RNA demethylase activity	1	0.01
recombination hotspot binding	1	0.01
high-affinity arginine transmembrane transporter activity	1	0.01
metal ion transmembrane transporter activity	1	0.01
nitrite reductase (NO-forming) activity	1	0.01
apolipoprotein receptor activity	1	0.01
GTPase inhibitor activity	1	0.01
protein propionyltransferase activity	1	0.01
N-acylneuraminate cytidylyltransferase activity	1	0.01
geranial:oxygen oxidoreductase activity	1	0.01
5-aminolevulinate synthase activity	1	0.01
extracellular matrix protein binding	1	0.01
box H/ACA snoRNP complex binding	1	0.01
N-acylphosphatidylethanolamine-specific phospholipase D activity	1	0.01
methyl-CpNpG binding	1	0.01
calcitonin gene-related peptide receptor activity	1	0.01
norepinephrine:sodium symporter activity	1	0.01
electron transporter, transferring electrons within CoQH2-cytochrome c reductase complex activity	1	0.01
kinase inhibitor activity	1	0.01
protein O-GlcNAc transferase activity	1	0.01
NADPH-hemoprotein reductase activity	1	0.01
guanyl ribonucleotide binding	1	0.01
Roundabout binding	1	0.01
polysome binding	1	0.01
enoyl-[acyl-carrier-protein] reductase (NADPH, A-specific) activity	1	0.01
tRNA (guanine-N1-)-methyltransferase activity	1	0.01
phosphatidylinositol 3-kinase regulatory subunit binding	1	0.01
diiodophenylpyruvate reductase activity	1	0.01
L-glucuronate reductase activity	1	0.01
alpha-glucosidase activity	1	0.01
dihydroorotase activity	1	0.01
DNA-methyltransferase activity	1	0.01
peroxynitrite reductase activity	1	0.01
beta-glucuronidase activity	1	0.01
[myelin basic protein]-arginine N-methyltransferase activity	1	0.01
single-stranded DNA 5'-3' exodeoxyribonuclease activity	1	0.01
diamine N-acetyltransferase activity	1	0.01
cytosolic dipeptidase activity	1	0.01
medium-chain-aldehyde dehydrogenase activity	1	0.01
cation:chloride symporter activity	1	0.01
small molecule binding	1	0.01
holocytochrome-c synthase activity	1	0.01
transcription elongation regulator activity	1	0.01
ammonium transmembrane transporter activity	1	0.01
carbon monoxide binding	1	0.01
carbohydrate derivative binding	1	0.01
lysophosphatidic acid acyltransferase activity	1	0.01
histone kinase activity (H3-S10 specific)	1	0.01
bis(5'-adenosyl)-hexaphosphatase activity	1	0.01
ribonuclease MRP activity	1	0.01
acyl-CoA dehydrogenase activity	1	0.01
Rho GDP-dissociation inhibitor activity	1	0.01
diphthine-ammonia ligase activity	1	0.01
delta3,5-delta2,4-dienoyl-CoA isomerase activity	1	0.01
protein prenyltransferase activity	1	0.01
oxaloacetate transmembrane transporter activity	1	0.01
receptor tyrosine kinase-like orphan receptor binding	1	0.01
molybdenum ion binding	1	0.01
ubiquitin-like protein-specific protease activity	1	0.01
choline-phosphate cytidylyltransferase activity	1	0.01
phosphoribosylaminoimidazolesuccinocarboxamide synthase activity	1	0.01
DNA (cytosine-5-)-methyltransferase activity	1	0.01
monoamine transmembrane transporter activity	1	0.01
chemokine receptor binding	1	0.01
TIR domain binding	1	0.01
peptidyl-lysine 5-dioxygenase activity	1	0.01
polynucleotide 5'-hydroxyl-kinase activity	1	0.01
DNA secondary structure binding	1	0.01
calcium:sodium antiporter activity	1	0.01
glutaminase activity	1	0.01
glutathione dehydrogenase (ascorbate) activity	1	0.01
type II site-specific deoxyribonuclease activity	1	0.01
copper-dependent protein binding	1	0.01
non-sequence-specific DNA binding, bending	1	0.01
ATPase-coupled heme transmembrane transporter activity	1	0.01
molybdopterin cofactor binding	1	0.01
aspartate binding	1	0.01
chemoattractant activity involved in axon guidance	1	0.01
myristoyl-[acyl-carrier-protein] hydrolase activity	1	0.01
gamma-aminobutyric acid:sodium symporter activity	1	0.01
interleukin-8 receptor binding	1	0.01
UDP-galactose:beta-N-acetylglucosamine beta-1,3-galactosyltransferase activity	1	0.01
protein histidine phosphatase activity	1	0.01
procollagen galactosyltransferase activity	1	0.01
sulfiredoxin activity	1	0.01
phosphoribosylformylglycinamidine cyclo-ligase activity	1	0.01
UDP-glycosyltransferase activity	1	0.01
lysine N-methyltransferase activity	1	0.01
histone methyltransferase activity (H2A-R3 specific)	1	0.01
water channel activity	1	0.01
UTP:glucose-1-phosphate uridylyltransferase activity	1	0.01
H2A histone acetyltransferase activity	1	0.01
glutamate-gated calcium ion channel activity	1	0.01
phosphotransferase activity, alcohol group as acceptor	1	0.01
G protein-coupled photoreceptor activity	1	0.01
membrane curvature sensor activity	1	0.01
N-box binding	1	0.01
leukotriene-A4 hydrolase activity	1	0.01
sulfate adenylyltransferase (ATP) activity	1	0.01
tubulin-dependent ATPase activity	1	0.01
floppase activity	1	0.01
phosphomevalonate kinase activity	1	0.01
GMP synthase (glutamine-hydrolyzing) activity	1	0.01
mannose-6-phosphate isomerase activity	1	0.01
angiotensin type II receptor activity	1	0.01
thyrotropin-releasing hormone receptor binding	1	0.01
phosphoglucomutase activity	1	0.01
glycerol channel activity	1	0.01
NADP+ binding	1	0.01
transmembrane receptor protein tyrosine kinase activator activity	1	0.01
galactosylgalactosylglucosylceramide beta-D-acetylgalactosaminyltransferase activity	1	0.01
MutLbeta complex binding	1	0.01
sodium:proton antiporter activity	1	0.01
Rho-dependent protein serine/threonine kinase activity	1	0.01
CARD domain binding	1	0.01
tRNA (adenine) methyltransferase activity	1	0.01
filamin binding	1	0.01
UFM1 conjugating enzyme activity	1	0.01
structural constituent of eye lens	1	0.01
ATP citrate synthase activity	1	0.01
dTDP-glucose 4,6-dehydratase activity	1	0.01
mRNA CDS binding	1	0.01
very-low-density lipoprotein particle binding	1	0.01
death effector domain binding	1	0.01
flippase activity	1	0.01
histone methyltransferase activity (H3-R2 specific)	1	0.01
argininosuccinate synthase activity	1	0.01
fumarate hydratase activity	1	0.01
single base insertion or deletion binding	1	0.01
3' overhang single-stranded DNA endodeoxyribonuclease activity	1	0.01
formate-tetrahydrofolate ligase activity	1	0.01
ribonuclease E activity	1	0.01
GMP synthase activity	1	0.01
tRNA (cytosine) methyltransferase activity	1	0.01
tRNA (uracil) methyltransferase activity	1	0.01
AF-1 domain binding	1	0.01
ATP adenylyltransferase activity	1	0.01
inorganic diphosphatase activity	1	0.01
flavin-linked sulfhydryl oxidase activity	1	0.01
histone crotonyltransferase activity	1	0.01
lipoprotein lipase activity	1	0.01
glucose-6-phosphate isomerase activity	1	0.01
tRNA (guanine(37)-N(1))-methyltransferase activity	1	0.01
calcitriol binding	1	0.01
[acyl-carrier-protein] S-malonyltransferase activity	1	0.01
diphosphoinositol-polyphosphate diphosphatase activity	1	0.01
arginine transmembrane transporter activity	1	0.01
PTB domain binding	1	0.01
citrate transmembrane transporter activity	1	0.01
type 1 angiotensin receptor binding	1	0.01
RNA polymerase I activity	1	0.01
vitamin D binding	1	0.01
RNA guanylyltransferase activity	1	0.01
adenylyltransferase activity	1	0.01
1-phosphatidylinositol-5-phosphate 4-kinase activity	1	0.01
alpha-mannosidase activity	1	0.01
N-acetylglucosaminyldiphosphodolichol N-acetylglucosaminyltransferase activity	1	0.01
poly(ADP-ribose) glycohydrolase activity	1	0.01
long-chain-3-hydroxyacyl-CoA dehydrogenase activity	1	0.01
death domain binding	1	0.01
dihydrolipoyllysine-residue succinyltransferase activity	1	0.01
metalloendopeptidase activity involved in amyloid precursor protein catabolic process	1	0.01
thiol oxidase activity	1	0.01
serum response element binding	1	0.01
pyruvate dehydrogenase (NAD+) activity	1	0.01
glyceraldehyde oxidoreductase activity	1	0.01
aspartic-type peptidase activity	1	0.01
monocarboxylate:sodium symporter activity	1	0.01
sphinganine-1-phosphate aldolase activity	1	0.01
translation termination factor activity	1	0.01
1-pyrroline dehydrogenase activity	1	0.01
C-C chemokine binding	1	0.01
N-acetylglucosamine-6-sulfatase activity	1	0.01
L-cysteine desulfhydrase activity	1	0.01
apolipoprotein A-I binding	1	0.01
heparan sulfate binding	1	0.01
tRNA dimethylallyltransferase activity	1	0.01
ceramide floppase activity	1	0.01
ribitol 2-dehydrogenase activity	1	0.01
insulin-like growth factor I binding	1	0.01
phosphatidylserine 1-acylhydrolase activity	1	0.01
chloride ion binding	1	0.01
passive transmembrane transporter activity	1	0.01
ubiquitin-dependent protein binding	1	0.01
RNA polymerase II general transcription initiation factor binding	1	0.01
melanocortin receptor activity	1	0.01
phosphatidylethanolamine flippase activity	1	0.01
C-acetyltransferase activity	1	0.01
glucosamine-6-phosphate deaminase activity	1	0.01
corticotropin receptor activity	1	0.01
glucuronosyl-N-acetylglucosaminyl-proteoglycan 4-alpha-N-acetylglucosaminyltransferase activity	1	0.01
tRNA (cytosine-2'-O-)-methyltransferase activity	1	0.01
tRNA-specific adenosine-34 deaminase activity	1	0.01
peptidyl-proline dioxygenase activity	1	0.01
alkaline phosphatase activity	1	0.01
DNA end binding	1	0.01
intronic transcription regulatory region sequence-specific DNA binding	1	0.01
membrane insertase activity	1	0.01
neurotransmitter binding	1	0.01
GDP-mannose 4,6-dehydratase activity	1	0.01
troponin T binding	1	0.01
palmitoyl-[acyl-carrier-protein] hydrolase activity	1	0.01
UFM1 transferase activity	1	0.01
U7 snRNA binding	1	0.01
ligand-gated sodium channel activity	1	0.01
lipoate synthase activity	1	0.01
arginine-tRNA ligase activity	1	0.01
transferase activity, transferring hexosyl groups	1	0.01
NADPH phosphatase activity	1	0.01
1-acyl-2-lysophosphatidylserine acylhydrolase activity	1	0.01
inositol phosphate phosphatase activity	1	0.01
L-arginine transmembrane transporter activity	1	0.01
FBXO family protein binding	1	0.01
phosphoribosylamine-glycine ligase activity	1	0.01
ADP-ribosylation factor binding	1	0.01
C5L2 anaphylatoxin chemotactic receptor binding	1	0.01
