GO_C_term	Count	% Proportion
nucleus	2333	13.44
cytoplasm	1531	8.82
integral component of membrane	867	5.00
cytosol	703	4.05
plasma membrane	545	3.14
cell	327	1.88
nucleoplasm	318	1.83
mitochondrion	279	1.61
extracellular space	219	1.26
integral component of plasma membrane	184	1.06
precatalytic spliceosome	175	1.01
microtubule	155	0.89
membrane	148	0.85
synapse	147	0.85
nucleolus	146	0.84
polytene chromosome	141	0.81
catalytic step 2 spliceosome	136	0.78
endoplasmic reticulum	136	0.78
endomembrane system	131	0.75
host cell nucleus	131	0.75
cell cortex	123	0.71
neuromuscular junction	114	0.66
ribonucleoprotein complex	108	0.62
axon	106	0.61
cytoskeleton	100	0.58
centrosome	98	0.56
neuronal cell body	97	0.56
Golgi apparatus	96	0.55
extracellular region	90	0.52
chromatin	85	0.49
nuclear chromatin	85	0.49
neuron projection	84	0.48
protein-containing complex	79	0.46
endoplasmic reticulum membrane	76	0.44
fusome	75	0.43
vesicle	73	0.42
extracellular matrix	71	0.41
apical plasma membrane	70	0.40
apical cortex	69	0.40
synaptic vesicle	69	0.40
dendrite	66	0.38
voltage-gated sodium channel complex	63	0.36
ribosome	61	0.35
myosin complex	60	0.35
actin cytoskeleton	59	0.34
presynapse	57	0.33
transcription factor complex	57	0.33
polytene chromosome interband	57	0.33
spindle	55	0.32
Golgi membrane	54	0.31
cytosolic large ribosomal subunit	53	0.31
cytosolic ribosome	52	0.30
endosome	51	0.29
early endosome	50	0.29
heterochromatin	50	0.29
perinuclear region of cytoplasm	50	0.29
Z disc	50	0.29
chromosome	50	0.29
mitochondrial inner membrane	49	0.28
cleavage furrow	48	0.28
mitochondrial matrix	48	0.28
spliceosomal complex	47	0.27
intracellular membrane-bounded organelle	46	0.27
adherens junction	45	0.26
apical part of cell	45	0.26
spindle pole	45	0.26
transcriptional repressor complex	45	0.26
terminal bouton	44	0.25
receptor complex	42	0.24
presynaptic active zone	42	0.24
nuclear envelope	42	0.24
lysosome	40	0.23
polytene chromosome puff	40	0.23
kinesin complex	40	0.23
microtubule organizing center	39	0.22
midbody	39	0.22
peroxisome	38	0.22
centriole	38	0.22
muscle tendon junction	38	0.22
cytosolic small ribosomal subunit	38	0.22
focal adhesion	37	0.21
nuclear membrane	36	0.21
SCF ubiquitin ligase complex	36	0.21
growth cone	36	0.21
presynaptic membrane	35	0.20
microtubule plus-end	35	0.20
axonal growth cone	34	0.20
postsynaptic membrane	34	0.20
dynein complex	33	0.19
small-subunit processome	33	0.19
P granule	32	0.18
recycling endosome	32	0.18
trans-Golgi network	32	0.18
nuclear speck	32	0.18
septate junction	31	0.18
histone acetyltransferase complex	30	0.17
cell surface	30	0.17
filopodium	30	0.17
apicolateral plasma membrane	29	0.17
cytoplasmic vesicle	29	0.17
nuclear pore	28	0.16
kinetochore	27	0.16
cell-cell junction	27	0.16
cilium	27	0.16
axon cytoplasm	26	0.15
basement membrane	25	0.14
astral microtubule	25	0.14
Golgi stack	25	0.14
ciliary basal body	24	0.14
hemidesmosome	24	0.14
subapical complex	24	0.14
basolateral plasma membrane	23	0.13
nuclear lamina	23	0.13
Sin3-type complex	22	0.13
P-body	22	0.13
microtubule cytoskeleton	22	0.13
proteasome complex	22	0.13
presynaptic periactive zone	22	0.13
transcription factor TFIID complex	22	0.13
NSL complex	21	0.12
polytene chromosome, telomeric region	21	0.12
filamentous actin	21	0.12
transcriptionally active chromatin	21	0.12
perivitelline space	21	0.12
proteasome core complex	21	0.12
M band	21	0.12
axoneme	20	0.12
COPII-coated ER to Golgi transport vesicle	20	0.12
ubiquitin ligase complex	20	0.12
autophagosome	19	0.11
histone methyltransferase complex	19	0.11
clathrin-coated vesicle	19	0.11
NuA4 histone acetyltransferase complex	19	0.11
sarcomere	18	0.10
spindle midzone	18	0.10
postsynapse of neuromuscular junction	18	0.10
mitotic spindle	18	0.10
rhabdomere	18	0.10
histone deacetylase complex	18	0.10
subsynaptic reticulum	18	0.10
actin filament	17	0.10
microtubule associated complex	17	0.10
germline ring canal	17	0.10
SAGA complex	17	0.10
brahma complex	17	0.10
Smc5-Smc6 complex	17	0.10
late endosome	17	0.10
lateral plasma membrane	17	0.10
preribosome, large subunit precursor	17	0.10
chromosome, centromeric region	16	0.09
extrinsic component of membrane	16	0.09
U2 snRNP	16	0.09
RISC complex	16	0.09
Ino80 complex	16	0.09
ribonucleoprotein granule	16	0.09
type I terminal bouton	16	0.09
nuclear transcription factor complex	16	0.09
small ribosomal subunit	15	0.09
mitochondrial large ribosomal subunit	15	0.09
cytoplasmic dynein complex	15	0.09
small nuclear ribonucleoprotein complex	15	0.09
Prp19 complex	15	0.09
nucleosome	15	0.09
endoplasmic reticulum exit site	15	0.09
SWI/SNF complex	15	0.09
polytene chromosome band	15	0.09
protein phosphatase type 2A complex	15	0.09
Cul4-RING E3 ubiquitin ligase complex	15	0.09
RNA polymerase II transcription factor complex	15	0.09
motile cilium	14	0.08
cytoplasmic side of plasma membrane	14	0.08
Set1C/COMPASS complex	14	0.08
cell leading edge	14	0.08
sperm individualization complex	14	0.08
Ada2/Gcn5/Ada3 transcription activator complex	14	0.08
microvillus	14	0.08
dystrophin-associated glycoprotein complex	14	0.08
vesicle membrane	14	0.08
messenger ribonucleoprotein complex	14	0.08
nuclear body	13	0.07
spindle microtubule	13	0.07
U4/U6 x U5 tri-snRNP complex	13	0.07
nuclear periphery	13	0.07
nuclear chromosome	13	0.07
vacuolar proton-transporting V-type ATPase complex	13	0.07
COPII vesicle coat	12	0.07
basal plasma membrane	12	0.07
CCR4-NOT complex	12	0.07
cyclin-dependent protein kinase holoenzyme complex	12	0.07
Cdc73/Paf1 complex	12	0.07
proteasome regulatory particle	12	0.07
nuclear matrix	12	0.07
proteasome core complex, alpha-subunit complex	12	0.07
transcription export complex	12	0.07
collagen-containing extracellular matrix	12	0.07
female germline ring canal inner rim	12	0.07
transcription elongation factor complex	12	0.07
condensed chromosome outer kinetochore	12	0.07
RSC-type complex	12	0.07
cytoskeleton of presynaptic active zone	12	0.07
basal cortex	11	0.06
proteasome regulatory particle, base subcomplex	11	0.06
ruffle	11	0.06
nuclear exosome (RNase complex)	11	0.06
euchromatin	11	0.06
integrator complex	11	0.06
polytene chromosome chromocenter	11	0.06
COPI vesicle coat	11	0.06
NuRD complex	11	0.06
MLL3/4 complex	11	0.06
eukaryotic translation initiation factor 4F complex	11	0.06
outer dynein arm	11	0.06
Myb complex	11	0.06
zonula adherens	11	0.06
exosome (RNase complex)	11	0.06
Cul3-RING ubiquitin ligase complex	11	0.06
mitotic spindle midzone	11	0.06
MCM complex	10	0.06
polysome	10	0.06
ATP-binding cassette (ABC) transporter complex	10	0.06
non-motile cilium	10	0.06
U1 snRNP	10	0.06
integral component of endoplasmic reticulum membrane	10	0.06
trans-Golgi network transport vesicle	10	0.06
Sin3 complex	10	0.06
striated muscle thin filament	10	0.06
RNA polymerase III complex	10	0.06
ESC/E(Z) complex	10	0.06
neuronal ribonucleoprotein granule	10	0.06
mitochondrial small ribosomal subunit	10	0.06
anaphase-promoting complex	10	0.06
proteasome core complex, beta-subunit complex	10	0.06
cell division site	10	0.06
COP9 signalosome	10	0.06
cation channel complex	10	0.06
post-mRNA release spliceosomal complex	10	0.06
meiotic nuclear membrane microtubule tethering complex	9	0.05
nuclear pore central transport channel	9	0.05
cullin-RING ubiquitin ligase complex	9	0.05
synaptic vesicle membrane	9	0.05
aminoacyl-tRNA synthetase multienzyme complex	9	0.05
inner dynein arm	9	0.05
chaperonin-containing T-complex	9	0.05
nuclear outer membrane	9	0.05
mediator complex	9	0.05
lysosomal membrane	9	0.05
nuclear chromosome, telomeric region	9	0.05
voltage-gated calcium channel complex	9	0.05
type Ib terminal bouton	9	0.05
endosome membrane	9	0.05
kinetochore microtubule	9	0.05
egg chorion	9	0.05
U2-type prespliceosome	9	0.05
nuclear euchromatin	9	0.05
transcription factor TFIIH holo complex	9	0.05
vacuolar proton-transporting V-type ATPase, V0 domain	9	0.05
extrinsic component of cytoplasmic side of plasma membrane	9	0.05
integrin complex	8	0.05
90S preribosome	8	0.05
clathrin coat of endocytic vesicle	8	0.05
basal part of cell	8	0.05
muscle cell postsynaptic specialization	8	0.05
mitochondrial outer membrane	8	0.05
sensory dendrite	8	0.05
I band	8	0.05
cytoplasmic microtubule	8	0.05
endoplasmic reticulum lumen	8	0.05
RNA polymerase II, core complex	8	0.05
multivesicular body	8	0.05
plasma membrane proton-transporting V-type ATPase complex	8	0.05
cytoplasmic exosome (RNase complex)	8	0.05
cell body	8	0.05
nBAF complex	8	0.05
Cajal body	8	0.05
melanosome	8	0.05
ciliary transition zone	8	0.05
cohesin complex	8	0.05
presynaptic active zone cytoplasmic component	8	0.05
axonemal dynein complex	8	0.05
THO complex part of transcription export complex	8	0.05
NURF complex	8	0.05
THO complex	8	0.05
prefoldin complex	8	0.05
postsynaptic density membrane	8	0.05
lamellipodium	8	0.05
troponin complex	8	0.05
Arp2/3 protein complex	8	0.05
PRC1 complex	8	0.05
clathrin-coated pit	7	0.04
protein kinase CK2 complex	7	0.04
oxoglutarate dehydrogenase complex	7	0.04
nascent polypeptide-associated complex	7	0.04
extracellular exosome	7	0.04
postsynapse	7	0.04
mitochondrial respiratory chain complex I	7	0.04
U12-type spliceosomal complex	7	0.04
polysomal ribosome	7	0.04
postsynaptic density	7	0.04
vacuolar membrane	7	0.04
type Is terminal bouton	7	0.04
heterotrimeric G-protein complex	7	0.04
cytoplasmic stress granule	7	0.04
U5 snRNP	7	0.04
mitochondrial membrane	7	0.04
mitochondrial oxoglutarate dehydrogenase complex	7	0.04
lipid droplet	7	0.04
endoplasmic reticulum-Golgi intermediate compartment	7	0.04
pericentric heterochromatin	7	0.04
preribosome, small subunit precursor	7	0.04
perikaryon	7	0.04
late endosome membrane	7	0.04
CCR4-NOT core complex	7	0.04
super elongation complex	7	0.04
Nebenkern	7	0.04
box C/D snoRNP complex	6	0.03
omega speckle	6	0.03
nuclear pore outer ring	6	0.03
exon-exon junction complex	6	0.03
MOZ/MORF histone acetyltransferase complex	6	0.03
cytosolic proteasome complex	6	0.03
mitochondrial intermembrane space	6	0.03
MLL1/2 complex	6	0.03
autolysosome	6	0.03
transcription factor TFIIH core complex	6	0.03
exocyst	6	0.03
ribonuclease MRP complex	6	0.03
site of double-strand break	6	0.03
RNA polymerase II, holoenzyme	6	0.03
NELF complex	6	0.03
cell projection	6	0.03
ribose phosphate diphosphokinase complex	6	0.03
phagophore assembly site membrane	6	0.03
Swr1 complex	6	0.03
spot adherens junction	6	0.03
male germ cell nucleus	6	0.03
gamma-tubulin complex	6	0.03
Seh1-associated complex	6	0.03
condensed chromosome	6	0.03
intraciliary transport particle B	6	0.03
dynactin complex	6	0.03
nuclear origin of replication recognition complex	6	0.03
tricellular tight junction	6	0.03
cell-cell contact zone	6	0.03
synaptic cleft	6	0.03
septin ring	6	0.03
spectrosome	6	0.03
Elongator holoenzyme complex	6	0.03
septin complex	6	0.03
Golgi trans cisterna	6	0.03
sarcolemma	6	0.03
PcG protein complex	6	0.03
Dbf4-dependent protein kinase complex	6	0.03
condensed nuclear chromosome, centromeric region	6	0.03
mRNA cleavage factor complex	6	0.03
nucleolar ribonuclease P complex	6	0.03
large ribosomal subunit	6	0.03
proton-transporting V-type ATPase, V1 domain	6	0.03
SNARE complex	6	0.03
interphase microtubule organizing center	6	0.03
mismatch repair complex	6	0.03
cytoplasmic side of apical plasma membrane	6	0.03
proton-transporting V-type ATPase complex	6	0.03
Elg1 RFC-like complex	6	0.03
germinal vesicle	5	0.03
proteasome regulatory particle, lid subcomplex	5	0.03
U2-type spliceosomal complex	5	0.03
inaD signaling complex	5	0.03
U2-type catalytic step 2 spliceosome	5	0.03
spanning component of plasma membrane	5	0.03
mRNA cleavage and polyadenylation specificity factor complex	5	0.03
germ plasm	5	0.03
mitochondrial respiratory chain complex IV	5	0.03
eukaryotic translation elongation factor 1 complex	5	0.03
Mre11 complex	5	0.03
epsilon DNA polymerase complex	5	0.03
autophagosome membrane	5	0.03
integral component of mitochondrial outer membrane	5	0.03
extrinsic component of plasma membrane	5	0.03
condensin complex	5	0.03
replication fork protection complex	5	0.03
exocytic vesicle	5	0.03
phosphatidylinositol 3-kinase complex, class III, type II	5	0.03
transcription factor TFIIF complex	5	0.03
guanylate cyclase complex, soluble	5	0.03
activin receptor complex	5	0.03
phosphatidylinositol 3-kinase complex, class III, type I	5	0.03
apical junction complex	5	0.03
eukaryotic translation initiation factor 2B complex	5	0.03
myosin V complex	5	0.03
kinesin II complex	5	0.03
TRAPPII protein complex	5	0.03
spindle envelope	5	0.03
phagophore assembly site	5	0.03
contractile ring	5	0.03
cytoneme	5	0.03
pole plasm	5	0.03
spliceosomal tri-snRNP complex	5	0.03
Pwp2p-containing subcomplex of 90S preribosome	5	0.03
mitochondrial proton-transporting ATP synthase complex, catalytic core F(1)	5	0.03
Rb-E2F complex	5	0.03
phosphatidylinositol 3-kinase complex	5	0.03
phagocytic vesicle	5	0.03
condensed nuclear chromosome	5	0.03
DNA replication factor C complex	5	0.03
external side of plasma membrane	5	0.03
integral component of Golgi membrane	5	0.03
TRAPPIII protein complex	5	0.03
multimeric ribonuclease P complex	5	0.03
ESCRT III complex	5	0.03
secretory granule	5	0.03
tricarboxylic acid cycle enzyme complex	5	0.03
mitochondrial outer membrane translocase complex	5	0.03
GATOR2 complex	5	0.03
nuclear inner membrane	5	0.03
endocytic vesicle	5	0.03
Cul2-RING ubiquitin ligase complex	5	0.03
proton-transporting ATP synthase complex, catalytic core F(1)	5	0.03
RNA polymerase I complex	5	0.03
cell periphery	5	0.03
intraciliary transport particle A	5	0.03
stress fiber	5	0.03
retromer, tubulation complex	4	0.02
ISWI-type complex	4	0.02
neuron projection membrane	4	0.02
ER membrane protein complex	4	0.02
chloride channel complex	4	0.02
t-UTP complex	4	0.02
anchored component of membrane	4	0.02
muscle cell projection	4	0.02
striated muscle myosin thick filament	4	0.02
cell junction	4	0.02
actomyosin contractile ring	4	0.02
intercalary heterochromatin	4	0.02
MSL complex	4	0.02
anchored component of plasma membrane	4	0.02
myofibril	4	0.02
rough endoplasmic reticulum	4	0.02
intracellular ferritin complex	4	0.02
semaphorin receptor complex	4	0.02
phosphorylase kinase complex	4	0.02
H3 histone acetyltransferase complex	4	0.02
peroxisomal membrane	4	0.02
TRAPP complex	4	0.02
mitochondrial respiratory chain complex III	4	0.02
male germline ring canal	4	0.02
PeBoW complex	4	0.02
FAR/SIN/STRIPAK complex	4	0.02
replication fork	4	0.02
respirasome	4	0.02
U4 snRNP	4	0.02
spindle pole centrosome	4	0.02
vacuolar proton-transporting V-type ATPase, V1 domain	4	0.02
mitochondrial pyruvate dehydrogenase complex	4	0.02
alpha DNA polymerase:primase complex	4	0.02
Piccolo NuA4 histone acetyltransferase complex	4	0.02
investment cone	4	0.02
axon terminus	4	0.02
cyclin/CDK positive transcription elongation factor complex	4	0.02
pericentriolar material	4	0.02
integral component of mitochondrial inner membrane	4	0.02
cortical actin cytoskeleton	4	0.02
female germline ring canal	4	0.02
signal recognition particle, endoplasmic reticulum targeting	4	0.02
RNA N6-methyladenosine methyltransferase complex	4	0.02
AP-3 adaptor complex	4	0.02
myosin VI complex	4	0.02
ecdysone receptor holocomplex	4	0.02
ionotropic glutamate receptor complex	3	0.02
X chromosome	3	0.02
aster	3	0.02
mitochondrial envelope	3	0.02
CHRAC	3	0.02
mitotic spindle microtubule	3	0.02
PTW/PP1 phosphatase complex	3	0.02
Kibra-Ex-Mer complex	3	0.02
calcineurin complex	3	0.02
Atg1/ULK1 kinase complex	3	0.02
transcription factor TFIIIC complex	3	0.02
equatorial microtubule organizing center	3	0.02
WASH complex	3	0.02
nuclear pore cytoplasmic filaments	3	0.02
mitochondrial alpha-ketoglutarate dehydrogenase complex	3	0.02
checkpoint clamp complex	3	0.02
SLIK (SAGA-like) complex	3	0.02
cis-Golgi network	3	0.02
histone locus body	3	0.02
collagen trimer	3	0.02
ASAP complex	3	0.02
ciliary base	3	0.02
mitotic spindle pole	3	0.02
rhabdomere microvillus membrane	3	0.02
microprocessor complex	3	0.02
RSF complex	3	0.02
smooth septate junction	3	0.02
CSL-Notch-Mastermind transcription factor complex	3	0.02
Golgi cis cisterna	3	0.02
gamma-tubulin small complex	3	0.02
oligosaccharyltransferase complex	3	0.02
mitotic spindle astral microtubule	3	0.02
dendritic shaft	3	0.02
mitochondrial processing peptidase complex	3	0.02
Atg12-Atg5-Atg16 complex	3	0.02
R2TP complex	3	0.02
leading edge membrane	3	0.02
SAGA-type complex	3	0.02
nucleus-vacuole junction	3	0.02
sodium:potassium-exchanging ATPase complex	3	0.02
actin filament bundle	3	0.02
nuclear nucleosome	3	0.02
myosin II complex	3	0.02
AP-2 adaptor complex	3	0.02
dendritic spine	3	0.02
protein phosphatase type 1 complex	3	0.02
small nucleolar ribonucleoprotein complex	3	0.02
nuclear proteasome complex	3	0.02
carboxy-terminal domain protein kinase complex	3	0.02
cAMP-dependent protein kinase complex	3	0.02
beta-catenin-TCF complex	3	0.02
bicellular tight junction	3	0.02
meiotic spindle	3	0.02
RNA polymerase II transcription repressor complex	3	0.02
TORC2 complex	3	0.02
nuclear heterochromatin	3	0.02
U6 snRNP	3	0.02
chromosome, telomeric region	3	0.02
Noc4p-Nop14p complex	3	0.02
protein-DNA complex	3	0.02
perinuclear endoplasmic reticulum	3	0.02
transcription factor TFIIIB complex	3	0.02
adhesive extracellular matrix	3	0.02
MPP7-DLG1-LIN7 complex	3	0.02
vacuole	3	0.02
apicomedial cortex	3	0.02
syntrophin complex	3	0.02
Ku70:Ku80 complex	3	0.02
cytoplasmic vesicle membrane	3	0.02
RCAF complex	3	0.02
spectrin	3	0.02
H zone	3	0.02
acetylcholine-gated channel complex	3	0.02
cell cortex region	3	0.02
MutLalpha complex	3	0.02
CAF-1 complex	3	0.02
chromosome passenger complex	3	0.02
cytoophidium	3	0.02
catenin complex	3	0.02
SAM complex	3	0.02
Hedgehog signaling complex	3	0.02
ESCRT I complex	3	0.02
X chromosome located dosage compensation complex, transcription activating	3	0.02
tRNA-intron endonuclease complex	3	0.02
NatB complex	3	0.02
npBAF complex	3	0.02
heteromeric SMAD protein complex	3	0.02
BMP receptor complex	3	0.02
transcription export complex 2	3	0.02
condensed chromosome kinetochore	3	0.02
dendritic branch point	3	0.02
sperm flagellum	3	0.02
SCAR complex	2	0.01
ciliary cap	2	0.01
SUMO activating enzyme complex	2	0.01
core-binding factor complex	2	0.01
glycerol-3-phosphate dehydrogenase complex	2	0.01
nuclear telomeric heterochromatin	2	0.01
cell pole	2	0.01
CCAAT-binding factor complex	2	0.01
unconventional myosin complex	2	0.01
nuclear envelope lumen	2	0.01
I-kappaB/NF-kappaB complex	2	0.01
centralspindlin complex	2	0.01
rDNA heterochromatin	2	0.01
Golgi-associated vesicle	2	0.01
synaptonemal complex	2	0.01
activator ecdysone receptor complex	2	0.01
protein farnesyltransferase complex	2	0.01
FACT complex	2	0.01
clathrin coat of coated pit	2	0.01
Ctf18 RFC-like complex	2	0.01
flotillin complex	2	0.01
CORVET complex	2	0.01
CURI complex	2	0.01
Yb body	2	0.01
intercellular bridge	2	0.01
histamine-gated chloride channel complex	2	0.01
integral component of synaptic vesicle membrane	2	0.01
spindle matrix	2	0.01
post-spliceosomal complex	2	0.01
U2-type catalytic step 1 spliceosome	2	0.01
pleated septate junction	2	0.01
UTP-C complex	2	0.01
Mon1-Ccz1 complex	2	0.01
nucleotide-activated protein kinase complex	2	0.01
clathrin coat of trans-Golgi network vesicle	2	0.01
actin-based cell projection	2	0.01
RISC-loading complex	2	0.01
A band	2	0.01
clathrin complex	2	0.01
chiasma	2	0.01
signal peptidase complex	2	0.01
transcription factor AP-1 complex	2	0.01
mRNA cleavage stimulating factor complex	2	0.01
chromocenter	2	0.01
PCNA complex	2	0.01
nuclear pre-replicative complex	2	0.01
female germline ring canal outer rim	2	0.01
phosphatidylinositol 3-kinase complex, class IA	2	0.01
phosphopyruvate hydratase complex	2	0.01
PR-DUB complex	2	0.01
neuron spine	2	0.01
condensed nuclear chromosome kinetochore	2	0.01
DSIF complex	2	0.01
mitochondrial proton-transporting ATP synthase complex, coupling factor F(o)	2	0.01
glial cell projection	2	0.01
mitochondrial electron transfer flavoprotein complex	2	0.01
annulate lamellae	2	0.01
U2AF	2	0.01
brush border	2	0.01
Golgi transport complex	2	0.01
mitochondrial fatty acid beta-oxidation multienzyme complex	2	0.01
3-methyl-2-oxobutanoate dehydrogenase (lipoamide) complex	2	0.01
collagen type IV trimer	2	0.01
mitotic checkpoint complex	2	0.01
sarcoplasmic reticulum	2	0.01
condensed nuclear chromosome outer kinetochore	2	0.01
commitment complex	2	0.01
DUBm complex	2	0.01
early endosome membrane	2	0.01
TORC1 complex	2	0.01
actin cap	2	0.01
MutSalpha complex	2	0.01
GID complex	2	0.01
katanin complex	2	0.01
cytoplasmic ribonucleoprotein granule	2	0.01
subrhabdomeral cisterna	2	0.01
COPI-coated vesicle	2	0.01
mRNA cap binding complex	2	0.01
Cul7-RING ubiquitin ligase complex	2	0.01
female germ cell nucleus	2	0.01
intrinsic component of Golgi membrane	2	0.01
ribonuclease P complex	2	0.01
MLL1 complex	2	0.01
myosin VII complex	2	0.01
zeta DNA polymerase complex	2	0.01
phenylalanine-tRNA ligase complex	2	0.01
nuclear cohesin complex	2	0.01
elongin complex	2	0.01
lamin filament	2	0.01
transcriptional preinitiation complex	2	0.01
mitochondrial nucleoid	2	0.01
intraciliary transport particle	2	0.01
intrinsic component of mitochondrial outer membrane	2	0.01
intermediate filament	2	0.01
trans-Golgi network membrane	2	0.01
chitin-based extracellular matrix	2	0.01
intrinsic component of external side of plasma membrane	2	0.01
axonemal microtubule	2	0.01
endoplasmic reticulum chaperone complex	2	0.01
cell hair	2	0.01
sarcoplasmic reticulum membrane	2	0.01
male pronucleus	2	0.01
mitochondrial proton-transporting ATP synthase complex	2	0.01
presynaptic cytosol	2	0.01
cortical microtubule	2	0.01
DNA replication preinitiation complex	2	0.01
cytoplasmic U snRNP body	2	0.01
smooth endoplasmic reticulum	2	0.01
L-cysteine desulfurase complex	2	0.01
Mpp10 complex	2	0.01
GARP complex	2	0.01
synaptic membrane	2	0.01
protein kinase complex	2	0.01
ribonuclease H2 complex	2	0.01
transcription factor TFIIK complex	2	0.01
eukaryotic 43S preinitiation complex	2	0.01
gamma-tubulin ring complex	2	0.01
intrinsic component of membrane	2	0.01
translation release factor complex	2	0.01
dense core granule	2	0.01
nuclear pore nuclear basket	2	0.01
SMN-Sm protein complex	2	0.01
bub1-bub3 complex	2	0.01
Slit-Robo signaling complex	2	0.01
repressor ecdysone receptor complex	2	0.01
transcription factor TFIIA complex	2	0.01
nucleotide-excision repair factor 1 complex	2	0.01
Golgi cisterna membrane	2	0.01
meiotic spindle midzone	2	0.01
nuclear condensin complex	2	0.01
delta DNA polymerase complex	2	0.01
filopodium tip	2	0.01
glycine cleavage complex	2	0.01
nuclear SCF ubiquitin ligase complex	2	0.01
dendrite cytoplasm	2	0.01
nuclear cap binding complex	2	0.01
acroblast	1	0.01
GATOR1 complex	1	0.01
growth cone membrane	1	0.01
telomeric heterochromatin	1	0.01
U11/U12 snRNP	1	0.01
rhabdomere microvillus	1	0.01
origin recognition complex	1	0.01
dense core granule membrane	1	0.01
SMC loading complex	1	0.01
DNA ligase III-XRCC1 complex	1	0.01
clathrin-coated endocytic vesicle	1	0.01
phagolysosome	1	0.01
Y chromosome	1	0.01
clathrin-coated vesicle membrane	1	0.01
ESCRT II complex	1	0.01
peroxisomal matrix	1	0.01
rhabdomere membrane	1	0.01
germ cell nucleus	1	0.01
retromer complex	1	0.01
gamma DNA polymerase complex	1	0.01
CAAX-protein geranylgeranyltransferase complex	1	0.01
UBC13-UEV1A complex	1	0.01
laminin complex	1	0.01
RNA nuclear export complex	1	0.01
nucleotide-excision repair factor 3 complex	1	0.01
intrinsic component of plasma membrane	1	0.01
outer acrosomal membrane	1	0.01
ESCRT IV complex	1	0.01
GINS complex	1	0.01
Golgi lumen	1	0.01
SMN complex	1	0.01
cortical cytoskeleton	1	0.01
transcriptionally silent chromatin	1	0.01
actomyosin contractile ring actin filament	1	0.01
snRNA-activating protein complex	1	0.01
metaphase plate	1	0.01
F-actin capping protein complex	1	0.01
photoreceptor outer segment	1	0.01
EKC/KEOPS complex	1	0.01
Golgi cisterna	1	0.01
chaperone complex	1	0.01
dense core granule lumen	1	0.01
Lsm1-7-Pat1 complex	1	0.01
plasma membrane bounded cell projection cytoplasm	1	0.01
cellularization cleavage furrow invagination front	1	0.01
Rad51C-XRCC3 complex	1	0.01
integral component of mitochondrial membrane	1	0.01
ERCC4-ERCC1 complex	1	0.01
6-phosphofructokinase complex	1	0.01
T-tubule	1	0.01
TIM23 mitochondrial import inner membrane translocase complex	1	0.01
secretory granule membrane	1	0.01
telomerase holoenzyme complex	1	0.01
striated muscle dense body	1	0.01
extrinsic component of lysosome membrane	1	0.01
proton-transporting V-type ATPase, V0 domain	1	0.01
mitochondrial inner membrane peptidase complex	1	0.01
apoptosome	1	0.01
NuA3b histone acetyltransferase complex	1	0.01
pore complex	1	0.01
PAM complex, Tim23 associated import motor	1	0.01
NMDA selective glutamate receptor complex	1	0.01
perichromatin fibrils	1	0.01
RQC complex	1	0.01
amphisome	1	0.01
Gtr1-Gtr2 GTPase complex	1	0.01
NuA3a histone acetyltransferase complex	1	0.01
chromatin silencing complex	1	0.01
NatA complex	1	0.01
beta-heterochromatin	1	0.01
mitochondrial degradosome	1	0.01
protein kinase 5 complex	1	0.01
Cul5-RING ubiquitin ligase complex	1	0.01
Dom34-Hbs1 complex	1	0.01
nuclear cyclin-dependent protein kinase holoenzyme complex	1	0.01
microvillus membrane	1	0.01
nuclear inclusion body	1	0.01
PML body	1	0.01
GET complex	1	0.01
transcription factor TFIIE complex	1	0.01
alpha-heterochromatin	1	0.01
Noc2p-Noc3p complex	1	0.01
Noc1p-Noc2p complex	1	0.01
DNA ligase IV complex	1	0.01
DNA-dependent protein kinase-DNA ligase 4 complex	1	0.01
clathrin vesicle coat	1	0.01
transferase complex	1	0.01
beta-catenin destruction complex	1	0.01
Flemming body	1	0.01
axolemma	1	0.01
TRAPPI protein complex	1	0.01
nuclear replication fork	1	0.01
RES complex	1	0.01
postsynaptic endocytic zone membrane	1	0.01
multi-eIF complex	1	0.01
serine/threonine protein kinase complex	1	0.01
nuclear lumen	1	0.01
Hrd1p ubiquitin ligase ERAD-L complex	1	0.01
meiotic spindle pole	1	0.01
coated vesicle	1	0.01
U12 snRNP	1	0.01
ciliary membrane	1	0.01
clathrin adaptor complex	1	0.01
VCB complex	1	0.01
outer mitochondrial membrane protein complex	1	0.01
site of polarized growth	1	0.01
eukaryotic translation initiation factor 3 complex	1	0.01
cholinergic synapse	1	0.01
DNA replication factor A complex	1	0.01
tRNA (m1A) methyltransferase complex	1	0.01
ciliary rootlet	1	0.01
DNA polymerase complex	1	0.01
membrane raft	1	0.01
micropyle	1	0.01
palmitoyltransferase complex	1	0.01
histone pre-mRNA 3'end processing complex	1	0.01
endosome to plasma membrane transport vesicle	1	0.01
junctional membrane complex	1	0.01
gamma-tubulin large complex	1	0.01
guanyl-nucleotide exchange factor complex	1	0.01
NatC complex	1	0.01
Scc2-Scc4 cohesin loading complex	1	0.01
retromer, cargo-selective complex	1	0.01
SOSS complex	1	0.01
actomyosin, actin portion	1	0.01
anchored component of the cytoplasmic side of the plasma membrane	1	0.01
ciliary transition fiber	1	0.01
presynaptic endosome	1	0.01
IRE1-TRAF2-ASK1 complex	1	0.01
insulin receptor complex	1	0.01
nuclear pore inner ring	1	0.01
pre-snoRNP complex	1	0.01
proximal dendrite	1	0.01
Holliday junction resolvase complex	1	0.01
molybdopterin synthase complex	1	0.01
anterior cell cortex	1	0.01
U2-type post-mRNA release spliceosomal complex	1	0.01
phosphatidylinositol 3-kinase complex, class III	1	0.01
major mitochondrial derivative	1	0.01
S bouton	1	0.01
AP-type membrane coat adaptor complex	1	0.01
basolateral part of cell	1	0.01
tRNA-specific adenosine-34 deaminase complex	1	0.01
glutamate-cysteine ligase complex	1	0.01
insulin-responsive compartment	1	0.01
recycling endosome membrane	1	0.01
protein acetyltransferase complex	1	0.01
type II terminal bouton	1	0.01
tRNA-splicing ligase complex	1	0.01
cytoplasmic ubiquitin ligase complex	1	0.01
neuromuscular junction of somatic muscle	1	0.01
plasma membrane raft	1	0.01
muscle myosin complex	1	0.01
somatic ring canal	1	0.01
nuclear microtubule	1	0.01
integral component of presynaptic membrane	1	0.01
TRC complex	1	0.01
proteasome activator complex	1	0.01
Ndc80 complex	1	0.01
neuronal cell body membrane	1	0.01
subapical part of cell	1	0.01
ACF complex	1	0.01
U2-type post-spliceosomal complex	1	0.01
transport vesicle	1	0.01
nuclear mitotic cohesin complex	1	0.01
cell trailing edge	1	0.01
Ski complex	1	0.01
HULC complex	1	0.01
dendritic spine head	1	0.01
MutSbeta complex	1	0.01
LUBAC complex	1	0.01
cis-Golgi network membrane	1	0.01
endoplasmic reticulum tubular network	1	0.01
HOPS complex	1	0.01
septin cytoskeleton	1	0.01
cell tip	1	0.01
mitochondrial crista	1	0.01
uniplex complex	1	0.01
centriolar satellite	1	0.01
BORC complex	1	0.01
GPI-anchor transamidase complex	1	0.01
CIA complex	1	0.01
extrinsic component of mitochondrial outer membrane	1	0.01
serine C-palmitoyltransferase complex	1	0.01
nuclear RNA-directed RNA polymerase complex	1	0.01
AP-1 adaptor complex	1	0.01
HIR complex	1	0.01
EGO complex	1	0.01
gamma-secretase complex	1	0.01
BLOC-1 complex	1	0.01
secondary lysosome	1	0.01
dense fibrillar component	1	0.01
negative cofactor 2 complex	1	0.01
costamere	1	0.01
cytoplasmic side of rough endoplasmic reticulum membrane	1	0.01
Rix1 complex	1	0.01
posterior cell cortex	1	0.01
calcium channel complex	1	0.01
pICln-Sm protein complex	1	0.01
RIC1-RGP1 guanyl-nucleotide exchange factor complex	1	0.01
presynaptic cytoskeleton	1	0.01
mitochondrial ribonuclease P complex	1	0.01
sperm plasma membrane	1	0.01
proteasome storage granule	1	0.01
proton-transporting two-sector ATPase complex, catalytic domain	1	0.01
phagocytic cup	1	0.01
