GO_F_term	Count	% Proportion
ATP binding	1196	6.87
metal ion binding	640	3.68
zinc ion binding	516	2.97
RNA binding	493	2.83
DNA binding	480	2.76
DNA-binding transcription factor activity	431	2.48
sequence-specific DNA binding	396	2.28
calcium ion binding	310	1.78
nucleic acid binding	291	1.67
protein serine/threonine kinase activity	262	1.51
mRNA binding	257	1.48
GTP binding	252	1.45
ATPase activity	230	1.32
GTPase activity	215	1.24
DNA-binding transcription factor activity, RNA polymerase II-specific	195	1.12
microtubule binding	191	1.10
RNA polymerase II regulatory region sequence-specific DNA binding	174	1.00
structural constituent of ribosome	164	0.94
chromatin binding	151	0.87
serine-type endopeptidase activity	148	0.85
actin binding	137	0.79
protein kinase activity	121	0.70
actin filament binding	118	0.68
RNA polymerase II cis-regulatory region sequence-specific DNA binding	109	0.63
protein heterodimerization activity	108	0.62
protein homodimerization activity	102	0.59
transcription factor binding	101	0.58
iron ion binding	92	0.53
unfolded protein binding	90	0.52
ubiquitin protein ligase activity	85	0.49
ubiquitin-protein transferase activity	85	0.49
DNA-binding transcription activator activity, RNA polymerase II-specific	82	0.47
transcription regulatory region sequence-specific DNA binding	77	0.44
heme binding	75	0.43
protein dimerization activity	73	0.42
helicase activity	72	0.41
GTPase activator activity	68	0.39
microtubule motor activity	68	0.39
transcription corepressor activity	65	0.37
protein tyrosine phosphatase activity	65	0.37
motor activity	64	0.37
voltage-gated sodium channel activity	63	0.36
metalloendopeptidase activity	62	0.36
magnesium ion binding	61	0.35
protein kinase binding	61	0.35
DNA-binding transcription repressor activity, RNA polymerase II-specific	61	0.35
Rab GTPase binding	59	0.34
voltage-gated ion channel activity	59	0.34
transcription coregulator activity	55	0.32
transcription coactivator activity	54	0.31
calmodulin binding	53	0.30
histone binding	52	0.30
mRNA 3'-UTR binding	51	0.29
structural molecule activity	50	0.29
oxidoreductase activity	50	0.29
NAD binding	50	0.29
phospholipid binding	49	0.28
Rho guanyl-nucleotide exchange factor activity	46	0.26
oxidoreductase activity, acting on paired donors, with incorporation or reduction of molecular oxygen	45	0.26
steroid hormone receptor activity	44	0.25
structural constituent of cytoskeleton	44	0.25
RNA helicase activity	43	0.25
ATPase-coupled transmembrane transporter activity	43	0.25
monooxygenase activity	42	0.24
serine-type endopeptidase inhibitor activity	42	0.24
kinase activity	42	0.24
extracellular matrix structural constituent	41	0.24
identical protein binding	40	0.23
thiol-dependent ubiquitin-specific protease activity	39	0.22
nucleotide binding	38	0.22
translation initiation factor activity	37	0.21
protein serine/threonine phosphatase activity	37	0.21
guanyl-nucleotide exchange factor activity	36	0.21
transcription regulatory region DNA binding	36	0.21
catalytic activity	36	0.21
DNA helicase activity	35	0.20
phosphoprotein phosphatase activity	34	0.20
cysteine-type endopeptidase activity	34	0.20
L-ascorbic acid binding	34	0.20
hydrolase activity	34	0.20
G protein-coupled receptor activity	33	0.19
RNA polymerase II transcription factor binding	33	0.19
transmembrane receptor protein tyrosine kinase activity	33	0.19
single-stranded DNA binding	32	0.18
transmembrane signaling receptor activity	32	0.18
double-stranded RNA binding	32	0.18
transferase activity	32	0.18
procollagen-proline 4-dioxygenase activity	32	0.18
ubiquitin conjugating enzyme activity	32	0.18
oxidoreductase activity, acting on single donors with incorporation of molecular oxygen, incorporation of two atoms of oxygen	32	0.18
carbohydrate binding	31	0.18
ubiquitin protein ligase binding	31	0.18
peptide binding	31	0.18
extracellular ligand-gated ion channel activity	30	0.17
myosin binding	30	0.17
nuclear receptor activity	29	0.17
signaling receptor activity	29	0.17
endopeptidase activity	29	0.17
non-membrane spanning protein tyrosine kinase activity	29	0.17
peptidyl-prolyl cis-trans isomerase activity	28	0.16
rRNA binding	28	0.16
chromatin DNA binding	27	0.16
neuropeptide receptor activity	26	0.15
cyclin-dependent protein serine/threonine kinase activity	26	0.15
metalloaminopeptidase activity	26	0.15
histone acetyltransferase activity	26	0.15
molecular adaptor activity	26	0.15
flavin adenine dinucleotide binding	26	0.15
heat shock protein binding	26	0.15
chitin binding	25	0.14
threonine-type endopeptidase activity	25	0.14
lipid binding	25	0.14
repressing transcription factor binding	25	0.14
dynein intermediate chain binding	24	0.14
NAD-dependent histone deacetylase activity (H3-K14 specific)	24	0.14
dynein light intermediate chain binding	24	0.14
translation elongation factor activity	23	0.13
cysteine-type peptidase activity	23	0.13
enzyme regulator activity	23	0.13
chaperone binding	23	0.13
structural constituent of muscle	23	0.13
double-stranded DNA binding	22	0.13
proton-transporting ATPase activity, rotational mechanism	22	0.13
semaphorin receptor binding	22	0.13
ATP-dependent microtubule motor activity, plus-end-directed	22	0.13
ubiquitin binding	22	0.13
4 iron, 4 sulfur cluster binding	22	0.13
ATP transmembrane transporter activity	22	0.13
methyltransferase activity	22	0.13
translation repressor activity, mRNA regulatory element binding	22	0.13
ATP-dependent microtubule motor activity, minus-end-directed	22	0.13
guanylate kinase activity	21	0.12
diacylglycerol kinase activity	21	0.12
NAD+ kinase activity	21	0.12
protein domain specific binding	21	0.12
protein tyrosine kinase activity	21	0.12
calmodulin-dependent protein kinase activity	21	0.12
microfilament motor activity	20	0.11
guanylate cyclase activity	20	0.11
histone deacetylase activity	20	0.11
actin-dependent ATPase activity	20	0.11
malate dehydrogenase (decarboxylating) (NAD+) activity	19	0.11
damaged DNA binding	19	0.11
inorganic anion exchanger activity	19	0.11
tRNA binding	19	0.11
protein tyrosine/serine/threonine phosphatase activity	19	0.11
pyridoxal phosphate binding	19	0.11
carbonate dehydratase activity	19	0.11
RNA polymerase II activating transcription factor binding	19	0.11
calcium-dependent protein kinase C activity	18	0.10
NADP binding	18	0.10
cation channel activity	18	0.10
methylated histone binding	18	0.10
SUMO ligase activity	18	0.10
protein phosphatase 1 binding	18	0.10
3',5'-cyclic-nucleotide phosphodiesterase activity	18	0.10
RNA polymerase II complex binding	18	0.10
ATPase activity, coupled	18	0.10
oxidoreductase activity, acting on the CH-OH group of donors, NAD or NADP as acceptor	18	0.10
DNA-dependent ATPase activity	18	0.10
3'-5'-exoribonuclease activity	18	0.10
cis-regulatory region sequence-specific DNA binding	18	0.10
cyclin-dependent protein serine/threonine kinase regulator activity	17	0.10
tau-protein kinase activity	17	0.10
heparin binding	17	0.10
phosphatidylinositol binding	17	0.10
signaling receptor binding	17	0.10
clathrin binding	17	0.10
manganese ion binding	17	0.10
Notch binding	17	0.10
GTP-Rho binding	17	0.10
adenylate cyclase activity	16	0.09
myosin light chain kinase activity	16	0.09
long-chain fatty acid-CoA ligase activity	16	0.09
phosphatase activity	15	0.09
ribosome binding	15	0.09
protein folding chaperone	15	0.09
nuclear import signal receptor activity	15	0.09
MAP-kinase scaffold activity	15	0.09
SUMO transferase activity	15	0.09
pH-gated chloride channel activity	15	0.09
GDP binding	15	0.09
nuclear receptor transcription coactivator activity	15	0.09
thiol-dependent ubiquitinyl hydrolase activity	14	0.08
SNARE binding	14	0.08
metallopeptidase activity	14	0.08
ribonuclease III activity	14	0.08
magnesium-dependent protein serine/threonine phosphatase activity	14	0.08
misfolded protein binding	14	0.08
Rho GTPase binding	14	0.08
decanoate-CoA ligase activity	14	0.08
acyl-CoA ligase activity	14	0.08
ubiquitin conjugating enzyme binding	14	0.08
DNA-directed 5'-3' RNA polymerase activity	14	0.08
GTPase activating protein binding	14	0.08
endonuclease activity	14	0.08
phosphatidylinositol-3-phosphate binding	14	0.08
serine-type peptidase activity	14	0.08
peptidase activity	14	0.08
tropomyosin binding	14	0.08
DNA replication origin binding	14	0.08
cell adhesion molecule binding	14	0.08
snoRNA binding	13	0.07
siRNA binding	13	0.07
aminopeptidase activity	13	0.07
adenosine deaminase activity	13	0.07
electron transfer activity	13	0.07
endoribonuclease activity	13	0.07
Ran GTPase binding	13	0.07
G protein-coupled amine receptor activity	13	0.07
cyclin binding	13	0.07
alcohol dehydrogenase (NADP+) activity	13	0.07
microtubule-severing ATPase activity	13	0.07
histone deacetylase binding	13	0.07
cadherin binding	13	0.07
DNA topoisomerase type I (single strand cut, ATP-independent) activity	13	0.07
alditol:NADP+ 1-oxidoreductase activity	13	0.07
cullin family protein binding	13	0.07
calcium-dependent phospholipid binding	12	0.07
deoxyribonuclease I activity	12	0.07
phosphatase regulator activity	12	0.07
3'-5' DNA helicase activity	12	0.07
5'-3' RNA helicase activity	12	0.07
peptide receptor activity	12	0.07
calcium channel activity	12	0.07
single-stranded RNA binding	12	0.07
protein phosphatase regulator activity	12	0.07
isomerase activity	12	0.07
nuclear localization sequence binding	12	0.07
pseudouridine synthase activity	12	0.07
histone acetyltransferase binding	12	0.07
metallocarboxypeptidase activity	12	0.07
structural constituent of nuclear pore	12	0.07
nucleotidyltransferase activity	12	0.07
neuropeptide Y receptor activity	12	0.07
malate dehydrogenase (decarboxylating) (NADP+) activity	11	0.06
amino acid transmembrane transporter activity	11	0.06
MAP kinase kinase kinase activity	11	0.06
RNA 7-methylguanosine cap binding	11	0.06
peroxidase activity	11	0.06
carboxylic ester hydrolase activity	11	0.06
malic enzyme activity	11	0.06
poly(A)-specific ribonuclease activity	11	0.06
endopeptidase inhibitor activity	11	0.06
DNA-directed DNA polymerase activity	11	0.06
MAP kinase activity	11	0.06
spectrin binding	11	0.06
hydrolase activity, acting on ester bonds	11	0.06
ligand-gated ion channel activity	11	0.06
exonuclease activity	11	0.06
poly(U) RNA binding	11	0.06
enzyme inhibitor activity	11	0.06
RNA polymerase II regulatory region DNA binding	11	0.06
kainate selective glutamate receptor activity	10	0.06
chloride channel activity	10	0.06
neurotransmitter:sodium symporter activity	10	0.06
calcium channel regulator activity	10	0.06
kinase binding	10	0.06
oxidoreductase activity, acting on the aldehyde or oxo group of donors, NAD or NADP as acceptor	10	0.06
G protein-coupled peptide receptor activity	10	0.06
FMN binding	10	0.06
3'-5' exonuclease activity	10	0.06
SH3 domain binding	10	0.06
protein disulfide oxidoreductase activity	10	0.06
lipoprotein particle binding	10	0.06
lipid transporter activity	10	0.06
G-protein beta/gamma-subunit complex binding	10	0.06
lipase activity	10	0.06
sodium:bicarbonate symporter activity	10	0.06
TBP-class protein binding	10	0.06
protein-containing complex binding	10	0.06
aminoacyl-tRNA editing activity	10	0.06
protein phosphatase activator activity	10	0.06
glutaminase activity	10	0.06
cytoskeletal protein binding	10	0.06
fatty acid ligase activity	9	0.05
histone demethylase activity	9	0.05
potassium:chloride symporter activity	9	0.05
syntaxin binding	9	0.05
chromatin insulator sequence binding	9	0.05
protein tag	9	0.05
phosphatidylinositol-4,5-bisphosphate 5-phosphatase activity	9	0.05
protein serine/threonine/tyrosine kinase activity	9	0.05
microtubule plus-end binding	9	0.05
scavenger receptor activity	9	0.05
dynein heavy chain binding	9	0.05
phosphatidylinositol-3-phosphatase activity	9	0.05
cysteine-type endopeptidase inhibitor activity	9	0.05
sequence-specific double-stranded DNA binding	9	0.05
CoA-ligase activity	9	0.05
deacetylase activity	9	0.05
tubulin binding	9	0.05
ion channel activity	9	0.05
dipeptidyl-peptidase activity	9	0.05
phosphatidylinositol-4,5-bisphosphate binding	9	0.05
ligase activity	9	0.05
cyclosporin A binding	9	0.05
Lys63-specific deubiquitinase activity	9	0.05
ATPase binding	9	0.05
SMAD binding	9	0.05
NAD+ binding	9	0.05
protein-glycine ligase activity	9	0.05
voltage-gated calcium channel activity	9	0.05
G protein-coupled receptor binding	9	0.05
kinesin binding	9	0.05
histone-lysine N-methyltransferase activity	9	0.05
ATPase-coupled intramembrane lipid transporter activity	9	0.05
phosphatidate phosphatase activity	8	0.05
L-amino acid transmembrane transporter activity	8	0.05
Rac GTPase binding	8	0.05
single-stranded DNA helicase activity	8	0.05
voltage-gated chloride channel activity	8	0.05
nucleosome binding	8	0.05
2 iron, 2 sulfur cluster binding	8	0.05
purine-nucleoside phosphorylase activity	8	0.05
single-stranded DNA endodeoxyribonuclease activity	8	0.05
phosphatidylinositol-3,5-bisphosphate binding	8	0.05
RNA cap binding	8	0.05
allatostatin receptor activity	8	0.05
protein kinase regulator activity	8	0.05
four-way junction helicase activity	8	0.05
1-phosphatidylinositol binding	8	0.05
frizzled binding	8	0.05
receptor ligand activity	8	0.05
protein-macromolecule adaptor activity	8	0.05
ribonucleoprotein complex binding	8	0.05
NADP-retinol dehydrogenase activity	8	0.05
H4 histone acetyltransferase activity	8	0.05
growth factor activity	8	0.05
nucleoside diphosphate kinase activity	8	0.05
translation initiation factor binding	8	0.05
phosphatidylinositol phosphate binding	8	0.05
phospholipid transporter activity	8	0.05
stearoyl-CoA 9-desaturase activity	7	0.04
activin binding	7	0.04
amino acid:sodium symporter activity	7	0.04
glutamate receptor activity	7	0.04
myosin light chain binding	7	0.04
glyoxylate reductase (NADP) activity	7	0.04
thiamine pyrophosphate binding	7	0.04
oxoglutarate dehydrogenase (succinyl-transferring) activity	7	0.04
pyruvate kinase activity	7	0.04
ryanodine-sensitive calcium-release channel activity	7	0.04
alpha-tubulin binding	7	0.04
Ras guanyl-nucleotide exchange factor activity	7	0.04
fatty acid synthase activity	7	0.04
Hsp70 protein binding	7	0.04
cytokine activity	7	0.04
peptidyl-aspartic acid 3-dioxygenase activity	7	0.04
mRNA 5'-UTR binding	7	0.04
netrin receptor activity	7	0.04
GABA-A receptor activity	7	0.04
transferase activity, transferring acyl groups	7	0.04
transmitter-gated ion channel activity involved in regulation of postsynaptic membrane potential	7	0.04
N-acetyltransferase activity	7	0.04
peptide-aspartate beta-dioxygenase activity	7	0.04
protein disulfide isomerase activity	7	0.04
Wnt-protein binding	7	0.04
clathrin adaptor activity	7	0.04
calcium-dependent cysteine-type endopeptidase activity	7	0.04
potassium:proton antiporter activity	7	0.04
RNA polymerase II CTD heptapeptide repeat kinase activity	7	0.04
5'-3' exonuclease activity	7	0.04
transforming growth factor beta receptor activity, type I	7	0.04
isocitrate dehydrogenase (NAD+) activity	7	0.04
transmembrane transporter activity	7	0.04
glycerate dehydrogenase activity	7	0.04
mismatched DNA binding	7	0.04
neurotransmitter transmembrane transporter activity	7	0.04
iron-sulfur cluster binding	7	0.04
activating transcription factor binding	7	0.04
proton-transporting ATP synthase activity, rotational mechanism	7	0.04
phosphopantetheine binding	7	0.04
transferase activity, transferring glycosyl groups	7	0.04
acetylglucosaminyltransferase activity	7	0.04
gamma-tubulin binding	7	0.04
muscle alpha-actinin binding	7	0.04
potassium ion binding	7	0.04
dynein complex binding	7	0.04
5'-flap endonuclease activity	7	0.04
sodium:proton antiporter activity	7	0.04
diacylglycerol binding	7	0.04
hydroxypyruvate reductase activity	7	0.04
protein phosphatase inhibitor activity	7	0.04
alkaline phosphatase activity	7	0.04
transferase activity, transferring hexosyl groups	7	0.04
intracellular calcium activated chloride channel activity	6	0.03
sterol binding	6	0.03
sterol transporter activity	6	0.03
RNA methyltransferase activity	6	0.03
tachykinin receptor activity	6	0.03
antiporter activity	6	0.03
inositol monophosphate 1-phosphatase activity	6	0.03
syntaxin-1 binding	6	0.03
creatine kinase activity	6	0.03
JUN kinase kinase kinase kinase activity	6	0.03
histone demethylase activity (H3-K36 specific)	6	0.03
RNA polymerase II C-terminal domain phosphoserine binding	6	0.03
translation regulator activity	6	0.03
integrin binding	6	0.03
amino acid:cation symporter activity	6	0.03
transition metal ion binding	6	0.03
DNA polymerase binding	6	0.03
SUMO-specific isopeptidase activity	6	0.03
ribose phosphate diphosphokinase activity	6	0.03
glucuronosyltransferase activity	6	0.03
sulfate transmembrane transporter activity	6	0.03
translation repressor activity	6	0.03
AP-2 adaptor complex binding	6	0.03
ubiquitin-like protein binding	6	0.03
3'-5'-exodeoxyribonuclease activity	6	0.03
poly-pyrimidine tract binding	6	0.03
succinate transmembrane transporter activity	6	0.03
aminoacylase activity	6	0.03
Rac guanyl-nucleotide exchange factor activity	6	0.03
cysteine-type endopeptidase activity involved in apoptotic process	6	0.03
protein kinase activator activity	6	0.03
NADH dehydrogenase activity	6	0.03
nuclease activity	6	0.03
promoter-specific chromatin binding	6	0.03
ribonuclease P activity	6	0.03
metalloexopeptidase activity	6	0.03
ankyrin binding	6	0.03
Hsp90 protein binding	6	0.03
copper ion binding	6	0.03
cargo receptor activity	6	0.03
adenylate kinase activity	6	0.03
ARF guanyl-nucleotide exchange factor activity	6	0.03
beta-glucuronidase activity	6	0.03
amino acid binding	6	0.03
DNA-(apurinic or apyrimidinic site) endonuclease activity	6	0.03
photoreceptor activity	6	0.03
adenyl ribonucleotide binding	6	0.03
core promoter binding	6	0.03
fructose-bisphosphate aldolase activity	6	0.03
UDP-glycosyltransferase activity	6	0.03
nucleosomal DNA binding	6	0.03
G protein-coupled photoreceptor activity	6	0.03
enzyme binding	6	0.03
histone methyltransferase activity (H3-K4 specific)	6	0.03
voltage-gated anion channel activity	6	0.03
class I DNA-(apurinic or apyrimidinic site) endonuclease activity	6	0.03
ferrous iron binding	6	0.03
cis-regulatory region binding	6	0.03
single-stranded DNA 3'-5' exodeoxyribonuclease activity	6	0.03
methyl indole-3-acetate esterase activity	6	0.03
ADP-ribosylation factor binding	6	0.03
proteasome binding	5	0.03
FAD binding	5	0.03
testosterone 17-beta-dehydrogenase (NADP+) activity	5	0.03
peptide disulfide oxidoreductase activity	5	0.03
isocitrate dehydrogenase (NADP+) activity	5	0.03
peroxiredoxin activity	5	0.03
14-3-3 protein binding	5	0.03
enoyl-CoA hydratase activity	5	0.03
DNA binding, bending	5	0.03
glutamate-ammonia ligase activity	5	0.03
mitogen-activated protein kinase binding	5	0.03
ferric iron binding	5	0.03
dynein light chain binding	5	0.03
bisphosphoglycerate mutase activity	5	0.03
eukaryotic initiation factor 4G binding	5	0.03
methionine adenosyltransferase activity	5	0.03
transmembrane receptor protein tyrosine phosphatase activity	5	0.03
ligand-activated transcription factor activity	5	0.03
disulfide oxidoreductase activity	5	0.03
protein-arginine omega-N monomethyltransferase activity	5	0.03
pre-mRNA binding	5	0.03
semaphorin receptor activity	5	0.03
peptide alpha-N-acetyltransferase activity	5	0.03
phosphatidylserine binding	5	0.03
RNA polymerase II core promoter sequence-specific DNA binding	5	0.03
cyclin-dependent protein serine/threonine kinase activator activity	5	0.03
neurotransmitter receptor activity	5	0.03
sulfotransferase activity	5	0.03
fatty-acyl-CoA binding	5	0.03
RNA-DNA hybrid ribonuclease activity	5	0.03
mechanosensitive ion channel activity	5	0.03
cytochrome-c oxidase activity	5	0.03
U1 snRNA binding	5	0.03
fatty-acyl-CoA reductase (alcohol-forming) activity	5	0.03
phosphatidylinositol kinase activity	5	0.03
transmembrane-ephrin receptor activity	5	0.03
ferroxidase activity	5	0.03
cytoskeletal adaptor activity	5	0.03
alcohol-forming fatty acyl-CoA reductase activity	5	0.03
thioredoxin peroxidase activity	5	0.03
GTPase regulator activity	5	0.03
estradiol 17-beta-dehydrogenase activity	5	0.03
inositol monophosphate 4-phosphatase activity	5	0.03
proton-exporting ATPase activity, phosphorylative mechanism	5	0.03
double-stranded DNA 3'-5' exodeoxyribonuclease activity	5	0.03
ATPase activator activity	5	0.03
channel activity	5	0.03
inositol monophosphate 3-phosphatase activity	5	0.03
adrenergic receptor activity	5	0.03
flap endonuclease activity	5	0.03
ubiquitin-ubiquitin ligase activity	5	0.03
lysophosphatidic acid acyltransferase activity	5	0.03
chitinase activity	5	0.03
transmembrane receptor protein tyrosine kinase activator activity	5	0.03
phosphoglycerate mutase activity	5	0.03
alpha-mannosidase activity	5	0.03
fumarate hydratase activity	5	0.03
GTPase binding	5	0.03
protein-arginine omega-N asymmetric methyltransferase activity	5	0.03
WW domain binding	5	0.03
carnitine O-acetyltransferase activity	5	0.03
N6-methyladenosine-containing RNA binding	5	0.03
insulin receptor binding	5	0.03
thyrotropin-releasing hormone receptor activity	4	0.02
phospholipid scramblase activity	4	0.02
beta-catenin binding	4	0.02
ribosomal large subunit binding	4	0.02
temperature-gated ion channel activity	4	0.02
poly(A) binding	4	0.02
ATPase-coupled xenobiotic transmembrane transporter activity	4	0.02
glyceraldehyde-3-phosphate dehydrogenase (NAD+) (phosphorylating) activity	4	0.02
preribosome binding	4	0.02
histone methyltransferase activity	4	0.02
spermine synthase activity	4	0.02
U6 snRNA binding	4	0.02
cell-cell adhesion mediator activity	4	0.02
ADP binding	4	0.02
tRNA dihydrouridine synthase activity	4	0.02
U3 snoRNA binding	4	0.02
G protein-coupled serotonin receptor activity	4	0.02
protein serine/threonine kinase activator activity	4	0.02
N-acetylglucosaminyl-proteoglycan 4-beta-glucuronosyltransferase activity	4	0.02
acetylgalactosaminyltransferase activity	4	0.02
phospholipase activity	4	0.02
somatostatin receptor activity	4	0.02
myosin II binding	4	0.02
RNA polymerase II CTD heptapeptide repeat phosphatase activity	4	0.02
snRNA binding	4	0.02
large ribosomal subunit rRNA binding	4	0.02
polynucleotide adenylyltransferase activity	4	0.02
ribosomal protein S6 kinase activity	4	0.02
glucose-6-phosphate dehydrogenase activity	4	0.02
inorganic diphosphatase activity	4	0.02
hydrolase activity, hydrolyzing O-glycosyl compounds	4	0.02
clathrin light chain binding	4	0.02
acetylcholine-gated cation-selective channel activity	4	0.02
G protein-coupled receptor kinase activity	4	0.02
Rho-dependent protein serine/threonine kinase activity	4	0.02
adenosylhomocysteinase activity	4	0.02
histone demethylase activity (H3-K27 specific)	4	0.02
chloride transmembrane transporter activity	4	0.02
aconitate hydratase activity	4	0.02
N-acetyl-beta-D-galactosaminidase activity	4	0.02
7S RNA binding	4	0.02
serine-type carboxypeptidase activity	4	0.02
5'-3' DNA helicase activity	4	0.02
phosphoglycerate kinase activity	4	0.02
5'-nucleotidase activity	4	0.02
ribonucleoside binding	4	0.02
telomeric DNA binding	4	0.02
axon guidance receptor activity	4	0.02
adenyl-nucleotide exchange factor activity	4	0.02
ecdysone binding	4	0.02
glutathione transferase activity	4	0.02
DEAD/H-box RNA helicase binding	4	0.02
AU-rich element binding	4	0.02
RNA polymerase II intronic transcription regulatory region sequence-specific DNA binding	4	0.02
anaphase-promoting complex binding	4	0.02
NAD(P)+-protein-arginine ADP-ribosyltransferase activity	4	0.02
peptidase inhibitor activity	4	0.02
amidophosphoribosyltransferase activity	4	0.02
four-way junction DNA binding	4	0.02
octopamine receptor activity	4	0.02
nuclear export signal receptor activity	4	0.02
ubiquinol-cytochrome-c reductase activity	4	0.02
cAMP-dependent protein kinase activity	4	0.02
efflux transmembrane transporter activity	4	0.02
thiosulfate transmembrane transporter activity	4	0.02
U2 snRNA binding	4	0.02
indanol dehydrogenase activity	4	0.02
glutathione peroxidase activity	4	0.02
small ribosomal subunit rRNA binding	4	0.02
NADPH-hemoprotein reductase activity	4	0.02
ribosomal small subunit binding	4	0.02
Ral GTPase binding	4	0.02
acyl-CoA dehydrogenase activity	4	0.02
oxaloacetate transmembrane transporter activity	4	0.02
lyase activity	4	0.02
1-phosphatidylinositol 4-kinase activity	4	0.02
receptor signaling complex adaptor activity	4	0.02
chemorepellent activity	4	0.02
UDP-galactose:beta-N-acetylglucosamine beta-1,3-galactosyltransferase activity	4	0.02
L-malate dehydrogenase activity	4	0.02
UTP:glucose-1-phosphate uridylyltransferase activity	4	0.02
H3 histone acetyltransferase activity	4	0.02
protein kinase C activity	4	0.02
superoxide dismutase activity	4	0.02
histone kinase activity	4	0.02
translation release factor activity	4	0.02
aspartic-type endopeptidase activity	4	0.02
phosphorylase kinase activity	4	0.02
aldehyde dehydrogenase (NAD+) activity	4	0.02
cofactor binding	4	0.02
glucosamine-6-phosphate deaminase activity	4	0.02
glucuronosyl-N-acetylglucosaminyl-proteoglycan 4-alpha-N-acetylglucosaminyltransferase activity	4	0.02
peptidyl-proline dioxygenase activity	4	0.02
purine-rich negative regulatory element binding	4	0.02
ubiquitin activating enzyme binding	3	0.02
ecdysis-triggering hormone receptor activity	3	0.02
NAD-dependent histone deacetylase activity	3	0.02
peptidyl-cysteine S-nitrosylase activity	3	0.02
phospholipase D activity	3	0.02
nuclear hormone receptor binding	3	0.02
ubiquitin-specific protease binding	3	0.02
hydroxyacylglutathione hydrolase activity	3	0.02
beta-N-acetylhexosaminidase activity	3	0.02
sodium:chloride symporter activity	3	0.02
neurexin family protein binding	3	0.02
ubiquitin ligase-substrate adaptor activity	3	0.02
MAP kinase kinase kinase kinase activity	3	0.02
SNAP receptor activity	3	0.02
O-methyltransferase activity	3	0.02
tripeptidyl-peptidase activity	3	0.02
euchromatin binding	3	0.02
polypeptide N-acetylgalactosaminyltransferase activity	3	0.02
protein-cysteine S-palmitoyltransferase activity	3	0.02
glyceraldehyde-3-phosphate dehydrogenase (NAD+) (non-phosphorylating) activity	3	0.02
valine-tRNA ligase activity	3	0.02
NAD+ ADP-ribosyltransferase activity	3	0.02
DNA N-glycosylase activity	3	0.02
NEDD8 activating enzyme activity	3	0.02
U4 snRNA binding	3	0.02
arginine kinase activity	3	0.02
histone acetyltransferase activity (H3-K18 specific)	3	0.02
palmitoyl-(protein) hydrolase activity	3	0.02
5S rRNA binding	3	0.02
steroid binding	3	0.02
RNA polymerase binding	3	0.02
P-P-bond-hydrolysis-driven protein transmembrane transporter activity	3	0.02
proton transmembrane transporter activity	3	0.02
crossover junction endodeoxyribonuclease activity	3	0.02
uridine kinase activity	3	0.02
signaling adaptor activity	3	0.02
heme transporter activity	3	0.02
hedgehog family protein binding	3	0.02
5'-3' exodeoxyribonuclease activity	3	0.02
NADH dehydrogenase (ubiquinone) activity	3	0.02
piRNA binding	3	0.02
catalase activity	3	0.02
phosphatidylinositol-3,4-bisphosphate binding	3	0.02
sulfate adenylyltransferase (ATP) activity	3	0.02
phosphotyrosine residue binding	3	0.02
ubiquitin-protein transferase activator activity	3	0.02
calcium-dependent protein serine/threonine kinase activity	3	0.02
dihydrolipoyllysine-residue acetyltransferase activity	3	0.02
mitogen-activated protein kinase kinase binding	3	0.02
anion:anion antiporter activity	3	0.02
3',5'-cyclic-GMP phosphodiesterase activity	3	0.02
alanine-tRNA ligase activity	3	0.02
histidine-tRNA ligase activity	3	0.02
phosphatidylinositol-3,4,5-trisphosphate 3-phosphatase activity	3	0.02
potassium channel inhibitor activity	3	0.02
asparaginase activity	3	0.02
1-acylglycerol-3-phosphate O-acyltransferase activity	3	0.02
extracellular matrix binding	3	0.02
RNA polymerase III type 3 promoter sequence-specific DNA binding	3	0.02
calcium-dependent ATPase activity	3	0.02
histone methyltransferase activity (H3-K9 specific)	3	0.02
transcription coactivator binding	3	0.02
chloride channel inhibitor activity	3	0.02
calcitonin receptor activity	3	0.02
protein kinase inhibitor activity	3	0.02
hydrolase activity, acting on acid anhydrides	3	0.02
K48-linked polyubiquitin modification-dependent protein binding	3	0.02
juvenile hormone response element binding	3	0.02
phosphatidic acid binding	3	0.02
transferase activity, transferring acyl groups other than amino-acyl groups	3	0.02
high-affinity glutamate transmembrane transporter activity	3	0.02
NEDD8 transferase activity	3	0.02
cargo adaptor activity	3	0.02
prostaglandin-D synthase activity	3	0.02
adenosine kinase activity	3	0.02
adenylylsulfate kinase activity	3	0.02
PDZ domain binding	3	0.02
myosin heavy chain binding	3	0.02
K63-linked polyubiquitin modification-dependent protein binding	3	0.02
calcium transmembrane transporter activity, phosphorylative mechanism	3	0.02
oxidative phosphorylation uncoupler activity	3	0.02
guanylate cyclase activator activity	3	0.02
SH3/SH2 adaptor activity	3	0.02
histone methyltransferase activity (H4-K20 specific)	3	0.02
endodeoxyribonuclease activity	3	0.02
tetrahydrofolylpolyglutamate synthase activity	3	0.02
FAD transmembrane transporter activity	3	0.02
JUN kinase phosphatase activity	3	0.02
cAMP response element binding protein binding	3	0.02
L27 domain binding	3	0.02
hydrolase activity, acting on carbon-nitrogen (but not peptide) bonds, in cyclic amides	3	0.02
malate transmembrane transporter activity	3	0.02
3',5'-cyclic-AMP phosphodiesterase activity	3	0.02
1-phosphatidylinositol-3-kinase regulator activity	3	0.02
satellite DNA binding	3	0.02
phosphatidylinositol-4-phosphate binding	3	0.02
SUMO-specific endopeptidase activity	3	0.02
peptidyl-proline 4-dioxygenase activity	3	0.02
monocarboxylic acid transmembrane transporter activity	3	0.02
histone methyltransferase binding	3	0.02
poly(G) binding	3	0.02
recombinase activity	3	0.02
RNA adenylyltransferase activity	3	0.02
aspartate carbamoyltransferase activity	3	0.02
FK506 binding	3	0.02
BMP binding	3	0.02
structural constituent of egg chorion	3	0.02
nuclear receptor binding	3	0.02
phosphatidylinositol-3,5-bisphosphate 3-phosphatase activity	3	0.02
MAP kinase tyrosine/serine/threonine phosphatase activity	3	0.02
acetyl-CoA C-acyltransferase activity	3	0.02
uridylate kinase activity	3	0.02
activin-activated receptor activity	3	0.02
L-glutamate transmembrane transporter activity	3	0.02
butyryl-CoA dehydrogenase activity	3	0.02
beta-tubulin binding	3	0.02
L-aspartate transmembrane transporter activity	3	0.02
RNA polymerase II repressing transcription factor binding	3	0.02
sodium ion transmembrane transporter activity	3	0.02
sodium:potassium:chloride symporter activity	3	0.02
N-acylphosphatidylethanolamine-specific phospholipase D activity	3	0.02
DNA ligase (ATP) activity	3	0.02
histone acetyltransferase activity (H3-K27 specific)	3	0.02
GDP-dissociation inhibitor activity	3	0.02
O-acyltransferase activity	3	0.02
phosphatidylcholine binding	3	0.02
pre-mRNA 3'-splice site binding	3	0.02
BMP receptor activity	3	0.02
folic acid transmembrane transporter activity	3	0.02
DNA topoisomerase activity	3	0.02
glutamate-gated calcium ion channel activity	3	0.02
2-oxoglutarate-dependent dioxygenase activity	3	0.02
collagen binding	3	0.02
1-phosphatidylinositol-3-kinase activity	3	0.02
acetyl-CoA carboxylase activity	3	0.02
proteasome-activating ATPase activity	3	0.02
ATP citrate synthase activity	3	0.02
epidermal growth factor receptor binding	3	0.02
glutathione binding	3	0.02
flavin-linked sulfhydryl oxidase activity	3	0.02
PTB domain binding	3	0.02
polyamine oxidase activity	3	0.02
oxidoreductase activity, acting on paired donors, with incorporation or reduction of molecular oxygen, NAD(P)H as one donor, and incorporation of one atom of oxygen	3	0.02
activin receptor activity, type I	3	0.02
SH2 domain binding	3	0.02
long-chain fatty acid transporter activity	3	0.02
polyubiquitin modification-dependent protein binding	3	0.02
selenide, water dikinase activity	2	0.01
Ras GTPase binding	2	0.01
glycine C-acetyltransferase activity	2	0.01
L-lactate dehydrogenase activity	2	0.01
histone serine kinase activity	2	0.01
Ral guanyl-nucleotide exchange factor activity	2	0.01
5'-3' exoribonuclease activity	2	0.01
glycoprotein-N-acetylgalactosamine 3-beta-galactosyltransferase activity	2	0.01
6-phosphofructokinase activity	2	0.01
protein-arginine N-methyltransferase activity	2	0.01
actin monomer binding	2	0.01
dynactin binding	2	0.01
glycosphingolipid binding	2	0.01
mitochondrion targeting sequence binding	2	0.01
acylglycerol lipase activity	2	0.01
pyridoxamine-phosphate oxidase activity	2	0.01
methylcrotonoyl-CoA carboxylase activity	2	0.01
glycosaminoglycan binding	2	0.01
glutamine-fructose-6-phosphate transaminase (isomerizing) activity	2	0.01
morphogen activity	2	0.01
nucleosome-dependent ATPase activity	2	0.01
spermidine synthase activity	2	0.01
isoleucine-tRNA ligase activity	2	0.01
heparan sulfate proteoglycan binding	2	0.01
glycine hydroxymethyltransferase activity	2	0.01
carnitine:acyl carnitine antiporter activity	2	0.01
NAD(P)+ nucleosidase activity	2	0.01
phosphatidylcholine transporter activity	2	0.01
lysine-tRNA ligase activity	2	0.01
lactoylglutathione lyase activity	2	0.01
GABA-gated chloride ion channel activity	2	0.01
TFIIA-class transcription factor complex binding	2	0.01
TPR domain binding	2	0.01
BMP receptor binding	2	0.01
nicotinate phosphoribosyltransferase activity	2	0.01
RNA polymerase III regulatory region DNA binding	2	0.01
lysine-acetylated histone binding	2	0.01
SUMO activating enzyme activity	2	0.01
UDP-N-acetylglucosamine diphosphorylase activity	2	0.01
TFIIF-class transcription factor complex binding	2	0.01
1-phosphatidylinositol-4-phosphate 5-kinase activity	2	0.01
structural constituent of chromatin	2	0.01
pre-mRNA intronic binding	2	0.01
IMP dehydrogenase activity	2	0.01
porin activity	2	0.01
deubiquitinase activator activity	2	0.01
U5 snRNA binding	2	0.01
glycogen (starch) synthase activity	2	0.01
MAP kinase kinase activity	2	0.01
dolichyl-diphosphooligosaccharide-protein glycotransferase activity	2	0.01
coreceptor activity	2	0.01
inorganic phosphate transmembrane transporter activity	2	0.01
methylenetetrahydrofolate dehydrogenase (NADP+) activity	2	0.01
aromatic amino acid transmembrane transporter activity	2	0.01
ATP:ADP antiporter activity	2	0.01
rRNA methyltransferase activity	2	0.01
thyroid hormone transmembrane transporter activity	2	0.01
cytidylate kinase activity	2	0.01
glutathione synthase activity	2	0.01
glycerol-3-phosphate dehydrogenase (quinone) activity	2	0.01
arginyltransferase activity	2	0.01
S-formylglutathione hydrolase activity	2	0.01
cobalt ion binding	2	0.01
bHLH transcription factor binding	2	0.01
1-phosphatidylinositol-4-phosphate 3-kinase activity	2	0.01
pyrophosphatase activity	2	0.01
long-chain-3-hydroxyacyl-CoA dehydrogenase activity	2	0.01
histone-glutamine methyltransferase activity	2	0.01
clathrin heavy chain binding	2	0.01
citrate dehydratase activity	2	0.01
transcription termination site sequence-specific DNA binding	2	0.01
store-operated calcium channel activity	2	0.01
glycine-gated chloride ion channel activity	2	0.01
transcription corepressor binding	2	0.01
heterotrimeric G-protein binding	2	0.01
sn-glycerol-3-phosphate:ubiquinone-8 oxidoreductase activity	2	0.01
xylulokinase activity	2	0.01
glycine-tRNA ligase activity	2	0.01
calcium-induced calcium release activity	2	0.01
eukaryotic translation initiation factor 2alpha kinase activity	2	0.01
glycogen phosphorylase activity	2	0.01
enzyme activator activity	2	0.01
peptide-serine-N-acetyltransferase activity	2	0.01
carbamoyl-phosphate synthase (glutamine-hydrolyzing) activity	2	0.01
monosaccharide binding	2	0.01
protein self-association	2	0.01
acetyltransferase activity	2	0.01
serine binding	2	0.01
TFIIH-class transcription factor complex binding	2	0.01
glutamate synthase (NADH) activity	2	0.01
G-protein alpha-subunit binding	2	0.01
histone methyltransferase activity (H3-K36 specific)	2	0.01
oxaloacetate decarboxylase activity	2	0.01
alpha-ketoacid dehydrogenase activity	2	0.01
double-stranded RNA adenosine deaminase activity	2	0.01
dihydroorotate dehydrogenase activity	2	0.01
transcription cofactor binding	2	0.01
I-SMAD binding	2	0.01
malate dehydrogenase activity	2	0.01
tRNA (adenine-N6-)-methyltransferase activity	2	0.01
fibroblast growth factor-activated receptor activity	2	0.01
oxidoreductase activity, acting on the CH-NH2 group of donors, NAD or NADP as acceptor	2	0.01
phosphatidylinositol 3-kinase activity	2	0.01
aspartate-tRNA ligase activity	2	0.01
3 iron, 4 sulfur cluster binding	2	0.01
adipokinetic hormone binding	2	0.01
transketolase activity	2	0.01
linear malto-oligosaccharide phosphorylase activity	2	0.01
fatty acid transmembrane transporter activity	2	0.01
hormone binding	2	0.01
oxidized purine nucleobase lesion DNA N-glycosylase activity	2	0.01
alkylglycerone-phosphate synthase activity	2	0.01
protein kinase A regulatory subunit binding	2	0.01
antioxidant activity	2	0.01
AMP binding	2	0.01
polynucleotide 5'-phosphatase activity	2	0.01
rRNA (uridine-2'-O-)-methyltransferase activity	2	0.01
glutamate dehydrogenase (NAD+) activity	2	0.01
nicotinate-nucleotide diphosphorylase (carboxylating) activity	2	0.01
dipeptidase activity	2	0.01
L-iditol 2-dehydrogenase activity	2	0.01
prostaglandin-E synthase activity	2	0.01
phosphoribosylaminoimidazole carboxylase activity	2	0.01
beta-N-acetylglucosaminidase activity	2	0.01
CTP synthase activity	2	0.01
phosphatidylinositol-4-phosphate phosphatase activity	2	0.01
rRNA (guanine) methyltransferase activity	2	0.01
myosin phosphatase regulator activity	2	0.01
very long-chain fatty acid-CoA ligase activity	2	0.01
methenyltetrahydrofolate cyclohydrolase activity	2	0.01
threonine-tRNA ligase activity	2	0.01
histamine-gated chloride channel activity	2	0.01
phosphopyruvate hydratase activity	2	0.01
phenylalanine-tRNA ligase activity	2	0.01
m7G(5')pppN diphosphatase activity	2	0.01
BIR domain binding	2	0.01
purine nucleotide binding	2	0.01
GKAP/Homer scaffold activity	2	0.01
epoxide hydrolase activity	2	0.01
GMP synthase (glutamine-hydrolyzing) activity	2	0.01
ionotropic glutamate receptor binding	2	0.01
dihydropyrimidinase activity	2	0.01
protein-arginine omega-N symmetric methyltransferase activity	2	0.01
pyrroline-5-carboxylate reductase activity	2	0.01
DNA polymerase processivity factor activity	2	0.01
sequence-specific mRNA binding	2	0.01
endopeptidase activator activity	2	0.01
smoothened binding	2	0.01
ubiquitin activating enzyme activity	2	0.01
serine-tRNA ligase activity	2	0.01
LIM domain binding	2	0.01
inositol 1,4,5 trisphosphate binding	2	0.01
phosphatidylinositol transfer activity	2	0.01
adipokinetic hormone receptor activity	2	0.01
G-quadruplex RNA binding	2	0.01
ion channel binding	2	0.01
secondary active sulfate transmembrane transporter activity	2	0.01
dihydropyrimidine dehydrogenase (NADP+) activity	2	0.01
ionotropic glutamate receptor activity	2	0.01
adenine phosphoribosyltransferase activity	2	0.01
primary miRNA binding	2	0.01
5-amino-4-imidazole carboxylate lyase activity	2	0.01
histone demethylase activity (H3-K9 specific)	2	0.01
uridine phosphorylase activity	2	0.01
ornithine decarboxylase activity	2	0.01
lamin binding	2	0.01
structural constituent of chitin-based larval cuticle	2	0.01
oxoglutarate:malate antiporter activity	2	0.01
RNA polymerase II-specific DNA-binding transcription factor binding	2	0.01
5'-deoxyribose-5-phosphate lyase activity	2	0.01
short-chain carboxylesterase activity	2	0.01
thymidylate synthase activity	2	0.01
protease binding	2	0.01
diuretic hormone receptor activity	2	0.01
phosphatidylinositol 3-kinase catalytic subunit binding	2	0.01
disordered domain specific binding	2	0.01
glutamate dehydrogenase [NAD(P)+] activity	2	0.01
cysteine-type endopeptidase activity involved in apoptotic signaling pathway	2	0.01
calcium-dependent protein serine/threonine phosphatase regulator activity	2	0.01
pyruvate carboxylase activity	2	0.01
phosphatidic acid transfer activity	2	0.01
voltage-gated cation channel activity	2	0.01
uracil binding	2	0.01
thioredoxin-disulfide reductase activity	2	0.01
4-hydroxyphenylpyruvate dioxygenase activity	2	0.01
cytokine receptor binding	2	0.01
asparagine-tRNA ligase activity	2	0.01
elongation factor-2 kinase activity	2	0.01
phosphatidylinositol bisphosphate phosphatase activity	2	0.01
electron transporter, transferring electrons within CoQH2-cytochrome c reductase complex activity	2	0.01
tRNA methyltransferase activity	2	0.01
Roundabout binding	2	0.01
protein phosphatase 2A binding	2	0.01
dihydroorotase activity	2	0.01
phosphotransferase activity, alcohol group as acceptor	2	0.01
tyramine receptor activity	2	0.01
neuromedin U receptor activity	2	0.01
carbohydrate derivative binding	2	0.01
E-box binding	2	0.01
molybdenum ion binding	2	0.01
phosphoribosylaminoimidazolesuccinocarboxamide synthase activity	2	0.01
solute:proton antiporter activity	2	0.01
protein N-terminus binding	2	0.01
acetyl-CoA C-acetyltransferase activity	2	0.01
biotin binding	2	0.01
L-aspartate:2-oxoglutarate aminotransferase activity	2	0.01
gamma-aminobutyric acid:sodium symporter activity	2	0.01
protein histidine phosphatase activity	2	0.01
procollagen galactosyltransferase activity	2	0.01
SHG alpha-glucan phosphorylase activity	2	0.01
H2A histone acetyltransferase activity	2	0.01
leukotriene-A4 hydrolase activity	2	0.01
DNA topoisomerase binding	2	0.01
p53 binding	2	0.01
rDNA binding	2	0.01
thiamine transmembrane transporter activity	2	0.01
tRNA-specific adenosine deaminase activity	2	0.01
tRNA (adenine) methyltransferase activity	2	0.01
NAD+ nucleotidase, cyclic ADP-ribose generating	2	0.01
class II DNA-(apurinic or apyrimidinic site) endonuclease activity	2	0.01
cGMP-dependent protein kinase activity	2	0.01
glycogen binding	2	0.01
formate-tetrahydrofolate ligase activity	2	0.01
protein-hormone receptor activity	2	0.01
glutamate-tRNA ligase activity	2	0.01
myosin VI head/neck binding	2	0.01
dopamine neurotransmitter receptor activity, coupled via Gs	2	0.01
citrate transmembrane transporter activity	2	0.01
transmembrane receptor protein serine/threonine kinase activity	2	0.01
acyl carnitine transmembrane transporter activity	2	0.01
TFIID-class transcription factor complex binding	2	0.01
glutamate synthase activity	2	0.01
Lys48-specific deubiquitinase activity	2	0.01
translation termination factor activity	2	0.01
N-acetylglucosamine-6-sulfatase activity	2	0.01
myosin II light chain binding	2	0.01
Y-form DNA binding	2	0.01
cysteine-type endopeptidase activity involved in execution phase of apoptosis	2	0.01
chloride ion binding	2	0.01
SAP kinase activity	2	0.01
co-SMAD binding	2	0.01
protein kinase C binding	2	0.01
arginine-tRNA ligase activity	2	0.01
miRNA binding	2	0.01
aminoacyl-tRNA ligase activity	2	0.01
vitellogenin receptor activity	1	0.01
leucokinin receptor activity	1	0.01
S-methyl-5-thioadenosine phosphorylase activity	1	0.01
GDP-mannose 3,5-epimerase activity	1	0.01
carboxy-lyase activity	1	0.01
phosphoribosylformylglycinamidine synthase activity	1	0.01
inositol 1,4,5-trisphosphate-sensitive calcium-release channel activity	1	0.01
histone acetyltransferase activity (H3-K23 specific)	1	0.01
rhodopsin kinase activity	1	0.01
gastrin receptor activity	1	0.01
phosphatidylinositol phosphate 5-phosphatase activity	1	0.01
mRNA 3'-UTR AU-rich region binding	1	0.01
NADHX epimerase activity	1	0.01
ribonuclease P RNA binding	1	0.01
guanosine-diphosphatase activity	1	0.01
glycine transmembrane transporter activity	1	0.01
RNA polymerase III general transcription initiation factor activity	1	0.01
fucose binding	1	0.01
tyrosine-tRNA ligase activity	1	0.01
RISC complex binding	1	0.01
4-aminobutyrate transaminase activity	1	0.01
cAMP response element binding	1	0.01
rRNA (adenine-N6-)-methyltransferase activity	1	0.01
adenine binding	1	0.01
mannosyl-oligosaccharide 1,3-1,6-alpha-mannosidase activity	1	0.01
proline-rich region binding	1	0.01
cysteine-type endopeptidase activator activity involved in apoptotic process	1	0.01
Ser-tRNA(Ala) hydrolase activity	1	0.01
glutaryl-CoA dehydrogenase activity	1	0.01
phosphoprotein binding	1	0.01
xanthine dehydrogenase activity	1	0.01
DNA primase activity	1	0.01
sphingosine N-acyltransferase activity	1	0.01
hydroxymethyl-, formyl- and related transferase activity	1	0.01
bromide peroxidase activity	1	0.01
serine racemase activity	1	0.01
delta1-pyrroline-5-carboxylate synthetase activity	1	0.01
N4-(beta-N-acetylglucosaminyl)-L-asparaginase activity	1	0.01
Rab guanyl-nucleotide exchange factor activity	1	0.01
intraciliary transport particle B binding	1	0.01
cysteine desulfurase activity	1	0.01
transferase activity, transferring sulfur-containing groups	1	0.01
succinate-hydroxymethylglutarate CoA-transferase activity	1	0.01
osmosensor activity	1	0.01
ADP-ribose diphosphatase activity	1	0.01
microtubule plus end polymerase	1	0.01
HMG box domain binding	1	0.01
very-long-chain-acyl-CoA dehydrogenase activity	1	0.01
filamin binding	1	0.01
ethanolamine kinase activity	1	0.01
insulin receptor substrate binding	1	0.01
exopolyphosphatase activity	1	0.01
phosphatidylinositol-3,4-bisphosphate 3-phosphatase activity	1	0.01
long-chain-enoyl-CoA hydratase activity	1	0.01
mitogen-activated protein kinase kinase kinase binding	1	0.01
cystathionine gamma-lyase activity	1	0.01
bent DNA binding	1	0.01
peroxisome matrix targeting signal-2 binding	1	0.01
ceramide kinase activity	1	0.01
Gi/o-coupled serotonin receptor activity	1	0.01
PRC1 complex binding	1	0.01
histone pre-mRNA stem-loop binding	1	0.01
nitric-oxide synthase activity	1	0.01
rRNA primary transcript binding	1	0.01
L-threonine ammonia-lyase activity	1	0.01
RNA polymerase II general transcription initiation factor activity	1	0.01
RNA lariat debranching enzyme activity	1	0.01
SUMO conjugating enzyme activity	1	0.01
carbon-sulfur lyase activity	1	0.01
leucine-tRNA ligase activity	1	0.01
amyloid-beta binding	1	0.01
nucleoside-triphosphatase activity	1	0.01
structural constituent of cuticle	1	0.01
inositol-1,4,5-trisphosphate 3-kinase activity	1	0.01
oxidative DNA demethylase activity	1	0.01
guanyl nucleotide binding	1	0.01
molybdopterin synthase activity	1	0.01
double-strand/single-strand DNA junction binding	1	0.01
nucleoside-triphosphate diphosphatase activity	1	0.01
extracellularly glycine-gated ion channel activity	1	0.01
cholesterol binding	1	0.01
peptidoglycan binding	1	0.01
phosphoglycerate dehydrogenase activity	1	0.01
AMP-activated protein kinase activity	1	0.01
histone-arginine N-methyltransferase activity	1	0.01
mRNA guanylyltransferase activity	1	0.01
octanol dehydrogenase activity	1	0.01
tubulin-glutamic acid ligase activity	1	0.01
sedoheptulose-7-phosphate:D-glyceraldehyde-3-phosphate glyceronetransferase activity	1	0.01
JUN kinase binding	1	0.01
pyrimidine nucleotide binding	1	0.01
small GTPase binding	1	0.01
calcium-dependent protein serine/threonine phosphatase activity	1	0.01
GDP-L-fucose synthase activity	1	0.01
oxalate transmembrane transporter activity	1	0.01
phosphoric ester hydrolase activity	1	0.01
1-pyrroline-5-carboxylate dehydrogenase activity	1	0.01
inositol-1,4,5-trisphosphate 6-kinase activity	1	0.01
protein-glycine ligase activity, initiating	1	0.01
NADH pyrophosphatase activity	1	0.01
CRD domain binding	1	0.01
oligopeptidase activity	1	0.01
beta-alanyl-dopamine synthase activity	1	0.01
6-pyruvoyltetrahydropterin synthase activity	1	0.01
linear polyubiquitin binding	1	0.01
argininosuccinate lyase activity	1	0.01
triose-phosphate isomerase activity	1	0.01
adenylosuccinate synthase activity	1	0.01
pyridoxal kinase activity	1	0.01
3'-tyrosyl-DNA phosphodiesterase activity	1	0.01
xenobiotic transmembrane transporter activity	1	0.01
receptor tyrosine kinase binding	1	0.01
exoribonuclease activity	1	0.01
sarcosine dehydrogenase activity	1	0.01
(S)-2-(5-amino-1-(5-phospho-D-ribosyl)imidazole-4-carboxamido)succinate AMP-lyase (fumarate-forming) activity	1	0.01
3'-5' RNA helicase activity	1	0.01
IMP cyclohydrolase activity	1	0.01
NEDD8 ligase activity	1	0.01
inositol diphosphate tetrakisphosphate diphosphatase activity	1	0.01
branched-chain-amino-acid transaminase activity	1	0.01
DNA topoisomerase type II (double strand cut, ATP-hydrolyzing) activator activity	1	0.01
succinate-CoA ligase (ADP-forming) activity	1	0.01
formaldehyde dehydrogenase activity	1	0.01
glucuronyl-galactosyl-proteoglycan 4-alpha-N-acetylglucosaminyltransferase activity	1	0.01
[pyruvate dehydrogenase (lipoamide)] phosphatase activity	1	0.01
RNA polymerase II transcription corepressor binding	1	0.01
palmitoyl-CoA ligase activity	1	0.01
metalloendopeptidase inhibitor activity	1	0.01
5-formyltetrahydrofolate cyclo-ligase activity	1	0.01
uniporter activity	1	0.01
protein serine/threonine phosphatase inhibitor activity	1	0.01
light-activated ion channel activity	1	0.01
core promoter sequence-specific DNA binding	1	0.01
scaffold protein binding	1	0.01
acyl-CoA hydrolase activity	1	0.01
neuropeptide binding	1	0.01
phosphoribosylglycinamide formyltransferase activity	1	0.01
double-stranded DNA 5'-3' exodeoxyribonuclease activity	1	0.01
dihydrolipoyl dehydrogenase activity	1	0.01
18S rRNA (adenine(1779)-N(6)/adenine(1780)-N(6))-dimethyltransferase activity	1	0.01
diphthine synthase activity	1	0.01
RNA-dependent ATPase activity	1	0.01
heme oxygenase (decyclizing) activity	1	0.01
basic amino acid transmembrane transporter activity	1	0.01
protein farnesyltransferase activity	1	0.01
protein tyrosine kinase inhibitor activity	1	0.01
Toll-like receptor binding	1	0.01
RNA ligase (ATP) activity	1	0.01
inositol hexakisphosphate binding	1	0.01
extracellularly glutamate-gated chloride channel activity	1	0.01
Atg8 ligase activity	1	0.01
L-ornithine transmembrane transporter activity	1	0.01
ATPase-coupled ion transmembrane transporter activity	1	0.01
sulfur dioxygenase activity	1	0.01
histone methyltransferase activity (H4-R3 specific)	1	0.01
serotonin binding	1	0.01
ribonuclease MRP activity	1	0.01
isovaleryl-CoA dehydrogenase activity	1	0.01
oxidized pyrimidine nucleobase lesion DNA N-glycosylase activity	1	0.01
phosphatidylinositol 3-kinase binding	1	0.01
dihydrofolate reductase activity	1	0.01
protein methyltransferase activity	1	0.01
isocitrate dehydrogenase activity	1	0.01
NAD-dependent protein deacetylase activity	1	0.01
telomerase RNA binding	1	0.01
beta-1,3-galactosyltransferase activity	1	0.01
protein phosphatase binding	1	0.01
oxidoreductase activity, acting on peroxide as acceptor	1	0.01
Golgi transport complex binding	1	0.01
insulin-activated receptor activity	1	0.01
chromo shadow domain binding	1	0.01
alcohol dehydrogenase activity, zinc-dependent	1	0.01
myosin VI light chain binding	1	0.01
serine C-palmitoyltransferase activity	1	0.01
dioxygenase activity	1	0.01
nucleoside kinase activity	1	0.01
phosphoribosylaminoimidazolecarboxamide formyltransferase activity	1	0.01
inositol-1,3,4,5-tetrakisphosphate 3-phosphatase activity	1	0.01
uridine-diphosphatase activity	1	0.01
phosphatidylinositol phosphate phosphatase activity	1	0.01
microtubule minus-end binding	1	0.01
GPI-anchor transamidase activity	1	0.01
STAT family protein binding	1	0.01
nitric oxide binding	1	0.01
nitrate reductase activity	1	0.01
insulin-like growth factor binding	1	0.01
RNA lariat debranching enzyme activator activity	1	0.01
endoplasmic reticulum signal peptide binding	1	0.01
histone demethylase activity (H4-R3 specific)	1	0.01
RNA polymerase II transcription coactivator binding	1	0.01
magnesium ion transmembrane transporter activity	1	0.01
tRNA-intron endonuclease activity	1	0.01
3'-tRNA processing endoribonuclease activity	1	0.01
citrate (Si)-synthase activity	1	0.01
glycine dehydrogenase (decarboxylating) activity	1	0.01
water channel activity	1	0.01
glutamate-5-semialdehyde dehydrogenase activity	1	0.01
dephospho-CoA kinase activity	1	0.01
protein tyrosine kinase collagen receptor activity	1	0.01
vascular endothelial growth factor binding	1	0.01
epidermal growth factor-activated receptor activity	1	0.01
cGMP binding	1	0.01
patched binding	1	0.01
phosphoacetylglucosamine mutase activity	1	0.01
tryptophan-tRNA ligase activity	1	0.01
cAMP binding	1	0.01
single-strand break-containing DNA binding	1	0.01
endopolyphosphatase activity	1	0.01
SAM domain binding	1	0.01
mRNA (nucleoside-2'-O-)-methyltransferase activity	1	0.01
N-acetylneuraminate synthase activity	1	0.01
3-oxoacyl-[acyl-carrier-protein] synthase activity	1	0.01
oxidoreductase activity, acting on NAD(P)H, quinone or similar compound as acceptor	1	0.01
N,N-dimethylaniline monooxygenase activity	1	0.01
alpha-catenin binding	1	0.01
sevenless binding	1	0.01
single-stranded telomeric DNA binding	1	0.01
orotidine-5'-phosphate decarboxylase activity	1	0.01
alpha-methylacyl-CoA racemase activity	1	0.01
phosphomannomutase activity	1	0.01
mRNA (guanine-N7-)-methyltransferase activity	1	0.01
histone methyltransferase activity (H3-K27 specific)	1	0.01
snRNA stem-loop binding	1	0.01
carboxypeptidase activity	1	0.01
ATPase inhibitor activity	1	0.01
GTP-dependent protein binding	1	0.01
structural constituent of chitin-based cuticle	1	0.01
RNA polymerase I regulatory region sequence-specific DNA binding	1	0.01
orotate phosphoribosyltransferase activity	1	0.01
L-cystine L-cysteine-lyase (deaminating)	1	0.01
zinc ion transmembrane transporter activity	1	0.01
3-chloroallyl aldehyde dehydrogenase activity	1	0.01
oxidized purine DNA binding	1	0.01
dopamine neurotransmitter receptor activity	1	0.01
pyridoxal oxidase activity	1	0.01
polyribonucleotide nucleotidyltransferase activity	1	0.01
alcohol dehydrogenase (NAD+) activity	1	0.01
phosphorus-oxygen lyase activity	1	0.01
acyl carrier activity	1	0.01
Toll binding	1	0.01
farnesyltranstransferase activity	1	0.01
rRNA (cytosine-C5-)-methyltransferase activity	1	0.01
Ran guanyl-nucleotide exchange factor activity	1	0.01
glutathione-disulfide reductase activity	1	0.01
blue light photoreceptor activity	1	0.01
histone demethylase activity (H3-K4 specific)	1	0.01
kinase regulator activity	1	0.01
phosphatidylinositol-5-phosphate binding	1	0.01
rRNA cytidine N-acetyltransferase activity	1	0.01
long-chain-fatty-acyl-CoA reductase activity	1	0.01
oxygen binding	1	0.01
U2 snRNP binding	1	0.01
4-alpha-hydroxytetrahydrobiopterin dehydratase activity	1	0.01
selenium binding	1	0.01
mannosidase activity	1	0.01
choline kinase activity	1	0.01
NAD-dependent histone deacetylase activity (H3-K18 specific)	1	0.01
RNA polymerase II activity	1	0.01
NEDD8 conjugating enzyme activity	1	0.01
inositol tetrakisphosphate 5-kinase activity	1	0.01
N-acyltransferase activity	1	0.01
phosphatidylinositol-4,5-bisphosphate 3-kinase activity	1	0.01
adenosylmethionine decarboxylase activity	1	0.01
neurotrophin receptor activity	1	0.01
rRNA (adenine-N6,N6-)-dimethyltransferase activity	1	0.01
glycine:sodium symporter activity	1	0.01
mRNA (N6-adenosine)-methyltransferase activity	1	0.01
3-methyl-2-oxobutanoate dehydrogenase (2-methylpropanoyl-transferring) activity	1	0.01
neuropeptide F receptor activity	1	0.01
pre-mRNA branch point binding	1	0.01
nucleoside monophosphate kinase activity	1	0.01
dol-P-Man:Man(5)GlcNAc(2)-PP-Dol alpha-1,3-mannosyltransferase activity	1	0.01
phosphodiesterase I activity	1	0.01
hydroxymethylbilane synthase activity	1	0.01
insulin binding	1	0.01
sodium channel activity	1	0.01
ribose-5-phosphate isomerase activity	1	0.01
pyrimidine-specific mismatch base pair DNA N-glycosylase activity	1	0.01
fructose-6-phosphate binding	1	0.01
MAP kinase phosphatase activity	1	0.01
tRNA (cytosine-5-)-methyltransferase activity	1	0.01
formate transmembrane transporter activity	1	0.01
deoxyribodipyrimidine photo-lyase activity	1	0.01
S-nitrosoglutathione reductase activity	1	0.01
FFAT motif binding	1	0.01
L-lysine transmembrane transporter activity	1	0.01
cystathionine beta-synthase activity	1	0.01
peptide hormone binding	1	0.01
Tat protein binding	1	0.01
bidentate ribonuclease III activity	1	0.01
serine-type exopeptidase activity	1	0.01
piRNA dual-strand cluster binding	1	0.01
NMDA glutamate receptor activity	1	0.01
glutamine-tRNA ligase activity	1	0.01
7SK snRNA binding	1	0.01
Rap guanyl-nucleotide exchange factor activity	1	0.01
protein N-acetylglucosaminyltransferase activity	1	0.01
second spliceosomal transesterification activity	1	0.01
metal ion transmembrane transporter activity	1	0.01
deoxycytidyl transferase activity	1	0.01
L-aminoadipate-semialdehyde dehydrogenase activity	1	0.01
double-stranded telomeric DNA binding	1	0.01
holo-[acyl-carrier-protein] synthase activity	1	0.01
S-(hydroxymethyl)glutathione dehydrogenase activity	1	0.01
Rab GDP-dissociation inhibitor activity	1	0.01
ribulose-phosphate 3-epimerase activity	1	0.01
DNA clamp loader activity	1	0.01
3-phosphoinositide-dependent protein kinase activity	1	0.01
strictosidine synthase activity	1	0.01
3'-flap endonuclease activity	1	0.01
uroporphyrinogen decarboxylase activity	1	0.01
polynucleotide 3'-phosphatase activity	1	0.01
N-acylneuraminate-9-phosphate synthase activity	1	0.01
geranyltranstransferase activity	1	0.01
leucine binding	1	0.01
phosphorylase kinase regulator activity	1	0.01
histone acetyltransferase activity (H4-K16 specific)	1	0.01
cysteine-tRNA ligase activity	1	0.01
uracil DNA N-glycosylase activity	1	0.01
CoA-transferase activity	1	0.01
L-leucine transaminase activity	1	0.01
high mobility group box 1 binding	1	0.01
nucleoside triphosphate adenylate kinase activity	1	0.01
inositol diphosphate pentakisphosphate diphosphatase activity	1	0.01
G-quadruplex DNA binding	1	0.01
N6-isopentenyladenosine methylthiotransferase activity	1	0.01
inositol-3-phosphate synthase activity	1	0.01
protein-lysine N-methyltransferase activity	1	0.01
mannosyl-oligosaccharide 1,2-alpha-mannosidase activity	1	0.01
myosin VI heavy chain binding	1	0.01
caspase binding	1	0.01
xylosylprotein 4-beta-galactosyltransferase activity	1	0.01
regulatory region RNA binding	1	0.01
L-valine transaminase activity	1	0.01
ribonuclease activity	1	0.01
translation activator activity	1	0.01
alpha-L-fucosidase activity	1	0.01
coenzyme binding	1	0.01
protein tyrosine phosphatase activity, metal-dependent	1	0.01
eukaryotic initiation factor eIF2 binding	1	0.01
succinate-semialdehyde dehydrogenase [NAD(P)+] activity	1	0.01
calcium sensitive guanylate cyclase activator activity	1	0.01
carbonyl reductase (NADPH) activity	1	0.01
DNA-binding transcription factor binding	1	0.01
JUN kinase activity	1	0.01
O-phospho-L-serine:2-oxoglutarate aminotransferase activity	1	0.01
dihydroceramide kinase activity	1	0.01
hydroxymethylglutaryl-CoA synthase activity	1	0.01
proline-tRNA ligase activity	1	0.01
phosphatidylinositol-3,4-bisphosphate 5-kinase activity	1	0.01
DNA 5'-adenosine monophosphate hydrolase activity	1	0.01
riboflavin transmembrane transporter activity	1	0.01
asparagine synthase (glutamine-hydrolyzing) activity	1	0.01
mannose-1-phosphate guanylyltransferase activity	1	0.01
iron-responsive element binding	1	0.01
cysteine-type endopeptidase inhibitor activity involved in apoptotic process	1	0.01
UDP-glucose 6-dehydrogenase activity	1	0.01
actinin binding	1	0.01
bis(5'-adenosyl)-pentaphosphatase activity	1	0.01
ATP-dependent microtubule motor activity	1	0.01
peptide-glutamate-N-acetyltransferase activity	1	0.01
tRNA (guanine) methyltransferase activity	1	0.01
acetaldehyde dehydrogenase (acetylating) activity	1	0.01
C2H2 zinc finger domain binding	1	0.01
phosphatidylinositol 3-kinase regulator activity	1	0.01
NEDD8-specific protease activity	1	0.01
cAMP-dependent protein kinase regulator activity	1	0.01
L-isoleucine transaminase activity	1	0.01
L-serine ammonia-lyase activity	1	0.01
hormone activity	1	0.01
succinate-CoA ligase (GDP-forming) activity	1	0.01
transmembrane receptor protein tyrosine kinase adaptor activity	1	0.01
3-keto sterol reductase activity	1	0.01
poly-ADP-D-ribose binding	1	0.01
protein arginine phosphatase activity	1	0.01
aldose 1-epimerase activity	1	0.01
glutamate 5-kinase activity	1	0.01
protein-lysine 6-oxidase activity	1	0.01
NADPHX epimerase activity	1	0.01
3'(2'),5'-bisphosphate nucleotidase activity	1	0.01
RNA polymerase II complex recruiting activity	1	0.01
deoxyhypusine synthase activity	1	0.01
pre-mRNA intronic pyrimidine-rich binding	1	0.01
glutamate-cysteine ligase catalytic subunit binding	1	0.01
dGTPase activity	1	0.01
protein deacetylase activity	1	0.01
phosphatidylcholine:cardiolipin O-linoleoyltransferase activity	1	0.01
TFIIB-class transcription factor binding	1	0.01
Wnt-activated receptor activity	1	0.01
boss receptor activity	1	0.01
glutamine binding	1	0.01
RNA polymerase II C-terminal domain binding	1	0.01
protein-glycine ligase activity, elongating	1	0.01
transforming growth factor beta-activated receptor activity	1	0.01
calcium ion transmembrane transporter activity	1	0.01
N-terminal protein N-methyltransferase activity	1	0.01
serotonin:sodium symporter activity	1	0.01
phosphoserine phosphatase activity	1	0.01
GU repeat RNA binding	1	0.01
GABA receptor binding	1	0.01
nitrite reductase (NO-forming) activity	1	0.01
histone demethylase activity (H3-trimethyl-K4 specific)	1	0.01
dolichyl-phosphate-mannose-protein mannosyltransferase activity	1	0.01
5-aminolevulinate synthase activity	1	0.01
steroid hormone receptor binding	1	0.01
methyl-CpG binding	1	0.01
calcium- and calmodulin-regulated 3',5'-cyclic-GMP phosphodiesterase activity	1	0.01
protein O-GlcNAc transferase activity	1	0.01
adenosine-diphosphatase activity	1	0.01
tRNA (guanine-N1-)-methyltransferase activity	1	0.01
ubiquitin-like protein conjugating enzyme binding	1	0.01
activin receptor activity, type II	1	0.01
monoamine transmembrane transporter activity	1	0.01
quinone binding	1	0.01
single-stranded DNA 5'-3' exodeoxyribonuclease activity	1	0.01
protein kinase A binding	1	0.01
S100 protein binding	1	0.01
holocytochrome-c synthase activity	1	0.01
NAD-dependent histone deacetylase activity (H3-K9 specific)	1	0.01
POZ domain binding	1	0.01
AT DNA binding	1	0.01
RNA stem-loop binding	1	0.01
activin receptor binding	1	0.01
bicarbonate transmembrane transporter activity	1	0.01
bis(5'-adenosyl)-hexaphosphatase activity	1	0.01
Rho GDP-dissociation inhibitor activity	1	0.01
diphthine-ammonia ligase activity	1	0.01
delta3,5-delta2,4-dienoyl-CoA isomerase activity	1	0.01
protein prenyltransferase activity	1	0.01
5S rRNA primary transcript binding	1	0.01
choline-phosphate cytidylyltransferase activity	1	0.01
DNA (cytosine-5-)-methyltransferase activity	1	0.01
juvenile hormone binding	1	0.01
cysteine synthase activity	1	0.01
endodeoxyribonuclease activity, producing 5'-phosphomonoesters	1	0.01
TIR domain binding	1	0.01
glutathione dehydrogenase (ascorbate) activity	1	0.01
N6-(1,2-dicarboxyethyl)AMP AMP-lyase (fumarate-forming) activity	1	0.01
ATPase-coupled heme transmembrane transporter activity	1	0.01
dimethylallyltranstransferase activity	1	0.01
methionine-tRNA ligase activity	1	0.01
NF-kappaB binding	1	0.01
histone threonine kinase activity	1	0.01
ATP-dependent polydeoxyribonucleotide 5'-hydroxyl-kinase activity	1	0.01
phosphoribosylformylglycinamidine cyclo-ligase activity	1	0.01
oligonucleotidase activity	1	0.01
dodecenoyl-CoA delta-isomerase activity	1	0.01
phosphoserine residue binding	1	0.01
cysteine-S-conjugate beta-lyase activity	1	0.01
pyruvate dehydrogenase (acetyl-transferring) activity	1	0.01
procollagen-lysine 5-dioxygenase activity	1	0.01
retinol dehydrogenase activity	1	0.01
nucleoside-diphosphatase activity	1	0.01
phosphomevalonate kinase activity	1	0.01
mannose-6-phosphate isomerase activity	1	0.01
phosphoglucomutase activity	1	0.01
exodeoxyribonuclease activity, producing 5'-phosphomonoesters	1	0.01
protein tyrosine kinase activator activity	1	0.01
carbon monoxide binding	1	0.01
ethanolamine-phosphate cytidylyltransferase activity	1	0.01
myosin II heavy chain binding	1	0.01
RNA polymerase III type 2 promoter sequence-specific DNA binding	1	0.01
myosin V binding	1	0.01
CARD domain binding	1	0.01
kynurenine-oxoglutarate transaminase activity	1	0.01
endoribonuclease activity, producing 5'-phosphomonoesters	1	0.01
carnitine O-octanoyltransferase activity	1	0.01
UFM1 conjugating enzyme activity	1	0.01
oxygen sensor activity	1	0.01
ion transmembrane transporter activity, phosphorylative mechanism	1	0.01
argininosuccinate synthase activity	1	0.01
tRNA pseudouridine synthase activity	1	0.01
eukaryotic initiation factor 4E binding	1	0.01
non-membrane spanning protein tyrosine phosphatase activity	1	0.01
GMP synthase activity	1	0.01
tRNA (cytosine) methyltransferase activity	1	0.01
tRNA (uracil) methyltransferase activity	1	0.01
JUN kinase kinase activity	1	0.01
glucose-6-phosphate isomerase activity	1	0.01
tRNA (guanine(37)-N(1))-methyltransferase activity	1	0.01
diphosphoinositol-polyphosphate diphosphatase activity	1	0.01
arginine transmembrane transporter activity	1	0.01
snRNP binding	1	0.01
poly(ADP-ribose) glycohydrolase activity	1	0.01
transmembrane receptor protein kinase activity	1	0.01
methylcytosine dioxygenase activity	1	0.01
mitochondrial ribosome binding	1	0.01
sphinganine-1-phosphate aldolase activity	1	0.01
alkane 1-monooxygenase activity	1	0.01
acetylpyruvate hydrolase activity	1	0.01
SET domain binding	1	0.01
succinate-semialdehyde dehydrogenase (NAD+) activity	1	0.01
L-cysteine desulfhydrase activity	1	0.01
tRNA dimethylallyltransferase activity	1	0.01
formyltetrahydrofolate dehydrogenase activity	1	0.01
DNA demethylase activity	1	0.01
glycine binding	1	0.01
ubiquitin-dependent protein binding	1	0.01
lysine N-acetyltransferase activity, acting on acetyl phosphate as donor	1	0.01
polynucleotide 5'-hydroxyl-kinase activity	1	0.01
tRNA-specific adenosine-34 deaminase activity	1	0.01
transforming growth factor beta receptor binding	1	0.01
membrane insertase activity	1	0.01
GDP-mannose 4,6-dehydratase activity	1	0.01
nucleotide phosphatase activity, acting on free nucleotides	1	0.01
UFM1 transferase activity	1	0.01
DNA topoisomerase type II (double strand cut, ATP-hydrolyzing) activity	1	0.01
lipoate synthase activity	1	0.01
thiol oxidase activity	1	0.01
inositol phosphate phosphatase activity	1	0.01
procollagen glucosyltransferase activity	1	0.01
potassium channel regulator activity	1	0.01
phosphoribosylamine-glycine ligase activity	1	0.01
