Q27331	3	V-type proton ATPase catalytic subunit A isoform 2
Q9V3P6	3	26S proteasome non-ATPase regulatory subunit 1
E1JHT6	2	Reticulon-like protein
O18640	2	Guanine nucleotide-binding protein subunit beta-like protein
O44081	2	H/ACA ribonucleoprotein complex subunit 4
O46048	2	EG:133E12.4 protein
O77266	2	CG4199, isoform A
O97159	2	Chromodomain-helicase-DNA-binding protein Mi-2 homolog
P12982	2	Serine/threonine-protein phosphatase alpha-2 isoform
P36179	2	Serine/threonine-protein phosphatase PP2A 65 kDa regulatory subunit
Q04448	2	Bifunctional methylenetetrahydrofolate dehydrogenase/cyclohydrolase, mitochondrial
Q7JRJ9	2	Inner centromere protein, isoform A
Q7JVI3	2	Eukaryotic translation initiation factor 3 subunit M
Q7KMQ0	2	26S proteasome regulatory complex subunit p48B
Q7KRW8	2	Pre-mRNA-processing factor 39
Q7KW02	2	Enhanced adult sensory threshold, isoform B
Q86BY9	2	Protein rigor mortis
Q8MQP7	2	CG7852, isoform C
Q960D4	2	CG4199, isoform B
Q960R0	2	CG3209, isoform B
Q961F9	2	CG4729, isoform D
Q9NFP5	2	SH3 domain-binding glutamic acid-rich protein homolog
Q9V3G7	2	26S proteasome non-ATPase regulatory subunit 6
Q9V405	2	26S proteasome regulatory complex subunit p48A
Q9VLT1	2	Protein MON2 homolog
Q9VMV9	2	Reticulon-like protein
Q9VPH7	2	Eukaryotic peptide chain release factor subunit 1
Q9VPX6	2	Adenylyl cyclase-associated protein
Q9VPX7	2	Adenylyl cyclase-associated protein
Q9W0E1	2	CG7852, isoform A
Q9W1B5	2	CG3209, isoform C
A0A0B4K7N0	1	Gartenzwerg, isoform C
A0A0B4KFE5	1	NAD-dependent methylenetetrahydrofolate dehydrogenase, isoform C
A0A0B4KGG8	1	Sodium/potassium-transporting ATPase subunit alpha
A0A0B4LF47	1	Protein 1 of cleavage and polyadenylation factor 1, isoform F
A0A0B4LF88	1	Tripeptidyl-peptidase II, isoform E
A0A0B4LFB3	1	Eukaryotic translation initiation factor 3 subunit M
A0A0B4LFE6	1	Protein 1 of cleavage and polyadenylation factor 1, isoform G
A0A0B4LFF9	1	Protein 1 of cleavage and polyadenylation factor 1, isoform E
A0A0B4LFQ2	1	Inner centromere protein, isoform C
A0A0B4LGJ9	1	CG3209, isoform D
A0A0B4LGT4	1	GTPase indispensable for equal segregation of chromosomes, isoform B
A0A0B4LGV3	1	Misexpression suppressor of ras 4, isoform D
A0A0B4LH53	1	N-ethylmaleimide-sensitive factor 2, isoform B
A0A0B4LHH1	1	CG3209, isoform E
A0A0B4LHV8	1	Atlastin, isoform C
A0A0B4LIJ0	1	Regulatory particle triple-A ATPase 2, isoform B
A1A708	1	Uncharacterized protein CG4951
A1Z8W9	1	Gartenzwerg, isoform A
A4V448	1	Glutamate-cysteine ligase catalytic subunit, isoform B
A8MPH9	1	Transcription factor kayak, isoforms D/sro
B7YZV6	1	Scm-related gene containing four mbt domains, isoform C
B9A0M7	1	AT31036p
D2A6L8	1	Flagrante delicto Y, isoform B (Fragment)
E1JH57	1	Mars, isoform B
E1JH79	1	Myelodysplasia/myeloid leukemia factor, isoform E
E1JHT9	1	Reticulon-like protein
E1JIH5	1	Mediator of RNA polymerase II transcription subunit 6
E1JIK0	1	Heterogeneous nuclear ribonucleoprotein at 87F, isoform C
E1JIR4	1	Sodium/potassium-transporting ATPase subunit alpha
E1JIZ7	1	Uncharacterized protein
E2QC72	1	Uncharacterized protein, isoform B
E2QD63	1	Hsc/Hsp70-interacting protein related, isoform B
M9MRJ4	1	Muscle-specific protein 300 kDa, isoform G
M9MSG3	1	Muscle-specific protein 300 kDa, isoform E
M9NDM3	1	Rhea, isoform C
M9PBW9	1	Rhea, isoform G
M9PC23	1	Muscle-specific protein 300 kDa, isoform J
M9PEJ8	1	Rhea, isoform H
M9PEP8	1	Muscle-specific protein 300 kDa, isoform M
M9PF06	1	Rhea, isoform I
O15945	1	Aryl hydrocarbon receptor nuclear translocator homolog
O97059	1	Ccp84Ab
O97428	1	Ciboulot, isoform A
P02843	1	Vitellogenin-1
P06754	1	Tropomyosin-1, isoforms 9A/A/B
P13607	1	Sodium/potassium-transporting ATPase subunit alpha
P22265	1	Protein teashirt
P26270	1	26S proteasome non-ATPase regulatory subunit 7
P39205	1	Molybdenum cofactor synthesis protein cinnamon
P48602	1	V-type proton ATPase catalytic subunit A isoform 1
P51123	1	Transcription initiation factor TFIID subunit 1
Q05547	1	Serine/threonine-protein phosphatase alpha-3 isoform
Q24324	1	Dual specificity mitogen-activated protein kinase kinase dSOR1
Q24509	1	Syntaxin-5
Q27889	1	Serine/threonine-protein phosphatase 2B catalytic subunit 2
Q6NLL1	1	WD repeat-containing protein CG11141
Q709R6	1	LEM domain-containing protein Bocksbeutel
Q7JRE4	1	Inner nuclear membrane protein Man1
Q7JVZ8	1	Glutathione S transferase E11, isoform A
Q7K3L1	1	Guanylate kinase-associated protein mars
Q7K569	1	Glycerol-3-phosphate dehydrogenase
Q7KSF4	1	Cheerio, isoform G
Q7KTP4	1	Reticulon-like protein
Q7KU09	1	Chronologically inappropriate morphogenesis, isoform E
Q7KWG3	1	Sperm-specific dynein intermediate chain 2, isoform A
Q7PLL3	1	Eukaryotic initiation factor 4B
Q7PLP5	1	Uncharacterized protein, isoform C
Q86BM5	1	A kinase anchor protein 200, isoform D
Q86NP2	1	Negative elongation factor A
Q8IMZ4	1	p53 protein long form variant 1
Q8IN96	1	Pyrroline-5-carboxylate reductase-like 2, isoform B
Q8INK3	1	Fatty acid bindin protein, isoform C
Q8IPZ5	1	CG9641, isoform B
Q8IRS7	1	Ciboulot, isoform C
Q8MSX2	1	Mediator of RNA polymerase II transcription subunit 6
Q8MT36	1	Probable histone-lysine N-methyltransferase Mes-4
Q8T9A8	1	Muscle-specific protein 300 kDa, isoform F
Q9GQN0	1	Ran-binding protein 16
Q9V3L8	1	Ccp84Aa
Q9V3N4	1	Huntingtin, isoform A
Q9V5M6	1	Longitudinals lacking protein, isoforms J/P/Q/S/Z
Q9VAF4	1	Dim gamma-tubulin 1, isoform A
Q9VBQ5	1	CG5112
Q9VBU5	1	LD07939p
Q9VC57	1	Atlastin
Q9VDZ7	1	Mitochondrial import inner membrane translocase subunit TIM44
Q9VDZ8	1	Mitochondrial import inner membrane translocase subunit TIM44
Q9VFS5	1	Serine/threonine-protein phosphatase 4 regulatory subunit 3
Q9VH20	1	TATA box-binding protein-associated factor RNA polymerase I subunit B
Q9VI18	1	CG1024, isoform B
Q9VI75	1	Phosphatidylinositol-binding clathrin assembly protein LAP
Q9VIB5	1	Carboxylic ester hydrolase
Q9VIS5	1	Uncharacterized protein
Q9VIX4	1	Acyl-coenzyme A oxidase
Q9VJ79	1	Dual 3',5'-cyclic-AMP and -GMP phosphodiesterase 11
Q9VJG0	1	Xaa-Pro aminopeptidase ApepP
Q9VLX0	1	Lysine ketoglutarate reductase/saccharopine dehydrogenase, isoform A
Q9VMM4	1	LD40415p
Q9VMN5	1	60 kDa heat shock protein homolog 2, mitochondrial
Q9VMW1	1	Reticulon-like protein
Q9VMW2	1	Reticulon-like protein
Q9VMW4	1	Reticulon-like protein
Q9VN86	1	AT14148p
Q9VNC3	1	Holocarboxylase synthetase, isoform A
Q9VP05	1	Mediator of RNA polymerase II transcription subunit 1
Q9VQ30	1	Zinc finger protein chinmo
Q9VQJ6	1	CG9641, isoform A
Q9VRL8	1	Blanks
Q9VS57	1	RE14391p
Q9VSL8	1	Rhea, isoform B
Q9VU94	1	Hemolectin, isoform A
Q9VYW5	1	CG2247, isoform A
Q9W020	1	Nucleolar MIF4G domain-containing protein 1 homolog
Q9W224	1	Novel spermatogenesis regulator, isoform A
Q9W2D9	1	Eukaryotic translation initiation factor 3 subunit K
Q9W3K5	1	Glutamate--cysteine ligase
Q9W3W6	1	Uncharacterized protein, isoform A
Q9W5W4	1	Sperm-specific dynein intermediate chain 1, isoform A
Q9Y118	1	BG:DS07295.3
X2J564	1	Mon2, isoform C
X2JDX3	1	Enhanced adult sensory threshold, isoform G
A0A023GPK8	0	Friend of echinoid, isoform H
A0A0B4JCT4	0	Uncharacterized protein, isoform B
A0A0B4JCV6	0	Circadian trip, isoform E
A0A0B4JCW5	0	Circadian trip, isoform J
A0A0B4JCW7	0	Uncharacterized protein, isoform A
A0A0B4JCY5	0	Myosin heavy chain-like, isoform H
A0A0B4JD62	0	Circadian trip, isoform I
A0A0B4JDA1	0	Circadian trip, isoform F
A0A0B4JDA5	0	Uncharacterized protein, isoform F
A0A0B4JDB5	0	Circadian trip, isoform C
A0A0B4JDC8	0	Uncharacterized protein, isoform C
A0A0B4K615	0	Uncharacterized protein, isoform O
A0A0B4K642	0	Uncharacterized protein, isoform D
A0A0B4K677	0	Rab3 interacting molecule, isoform Y
A0A0B4K679	0	Rab3 interacting molecule, isoform V
A0A0B4K683	0	Ribosomal protein S5b, isoform B
A0A0B4K692	0	Neprilysin 2, isoform B
A0A0B4K6A6	0	Na/Ca-exchange protein, isoform F
A0A0B4K6B7	0	Rab3 interacting molecule, isoform Z
A0A0B4K6D5	0	Molecule interacting with CasL, isoform L
A0A0B4K6E2	0	Na/Ca-exchange protein, isoform G
A0A0B4K6E6	0	Uncharacterized protein, isoform C
A0A0B4K6G4	0	Pickpocket 22, isoform C
A0A0B4K6J9	0	Uncharacterized protein, isoform A
A0A0B4K6M2	0	Rab3 interacting molecule, isoform F
A0A0B4K6P5	0	Skeletor, isoform E
A0A0B4K6Q0	0	Uncharacterized protein, isoform B
A0A0B4K6R6	0	Uncharacterized protein, isoform P
A0A0B4K6R7	0	Na/Ca-exchange protein, isoform D
A0A0B4K6Z9	0	Centrosomin, isoform I
A0A0B4K705	0	Centrosomin, isoform H
A0A0B4K736	0	Hormone receptor-like in 46, isoform G
A0A0B4K742	0	Rab3 interacting molecule, isoform W
A0A0B4K773	0	Centrosomin, isoform K
A0A0B4K790	0	Na/Ca-exchange protein, isoform E
A0A0B4K7E3	0	Phosphatidylinositol 4-phosphate 5-kinase at 59B, isoform F
A0A0B4K7M0	0	Phosphatidylinositol 4-phosphate 5-kinase at 59B, isoform H
A0A0B4K7R5	0	Myelodysplasia/myeloid leukemia factor, isoform F
A0A0B4K7Z0	0	Prosap, isoform D
A0A0B4K807	0	Myelodysplasia/myeloid leukemia factor, isoform G
A0A0B4K863	0	Centrosomin, isoform L
A0A0B4K877	0	Uncharacterized protein
A0A0B4KEE5	0	Uncharacterized protein, isoform Q
A0A0B4KEI0	0	Cytochrome c oxidase subunit 4-like, isoform B
A0A0B4KEI1	0	Uncharacterized protein, isoform C
A0A0B4KEK1	0	Enhancer of polycomb-like protein
A0A0B4KEP1	0	Reduction in Cnn dots 1, isoform D
A0A0B4KER6	0	Z band alternatively spliced PDZ-motif protein 52, isoform N
A0A0B4KES9	0	Uncharacterized protein, isoform C
A0A0B4KET5	0	Patronin, isoform J
A0A0B4KEW3	0	Z band alternatively spliced PDZ-motif protein 52, isoform M
A0A0B4KEZ8	0	Painless, isoform B
A0A0B4KF12	0	Diuretic hormone 31 receptor, isoform C
A0A0B4KF25	0	Reduction in Cnn dots 1, isoform E
A0A0B4KF40	0	Sulfotransferase 3, isoform C
A0A0B4KF48	0	Castor, isoform C
A0A0B4KF89	0	Gprs, isoform B
A0A0B4KF92	0	Holocarboxylase synthetase, isoform B
A0A0B4KFA3	0	Uncharacterized protein, isoform F
A0A0B4KFA4	0	Patronin, isoform K
A0A0B4KFB7	0	Guanine nucleotide exchange factor in mesoderm, isoform F
A0A0B4KFC5	0	Lingerer, isoform K
A0A0B4KFG3	0	CG3831, isoform C
A0A0B4KFI2	0	Painless, isoform C
A0A0B4KFI7	0	ATP-dependent 6-phosphofructokinase
A0A0B4KFL1	0	Uncharacterized protein, isoform C
A0A0B4KFP2	0	Enhancer of polycomb-like protein
A0A0B4KFR8	0	Z band alternatively spliced PDZ-motif protein 52, isoform L
A0A0B4KFU0	0	Activated Cdc42 kinase-like, isoform E
A0A0B4KFU5	0	SMAD specific E3 ubiquitin protein ligase, isoform B
A0A0B4KG11	0	Sprouty-related protein with EVH-1 domain, isoform C
A0A0B4KG32	0	TATA box-binding protein-associated factor RNA polymerase I subunit B, isoform B
A0A0B4KG41	0	Uncharacterized protein, isoform B
A0A0B4KG50	0	BIR repeat containing ubiquitin-conjugating enzyme, isoform B
A0A0B4KG60	0	Splicing factor 1, isoform B
A0A0B4KGE9	0	Na channel protein 60E, isoform N
A0A0B4KGH9	0	Snake, isoform C
A0A0B4KGT8	0	Cheerio, isoform M
A0A0B4KH26	0	TATA box-binding protein-associated factor RNA polymerase I subunit B, isoform C
A0A0B4KH64	0	Barentsz, isoform D
A0A0B4KHD2	0	Sponge, isoform F
A0A0B4KHH9	0	Transient receptor potential, isoform B
A0A0B4KHN1	0	Cheerio, isoform N
A0A0B4KHQ6	0	Uncharacterized protein, isoform C
A0A0B4KHX4	0	Neurofibromin 1, isoform F
A0A0B4KHZ3	0	Tusp, isoform G
A0A0B4KI07	0	Uncharacterized protein, isoform C
A0A0B4KI17	0	Uncharacterized protein, isoform B
A0A0B4KI28	0	Neurofibromin 1, isoform E
A0A0B4KI30	0	CG9702, isoform C
A0A0B4KI44	0	Tusp, isoform F
A0A0B4KI51	0	Uncharacterized protein, isoform B
A0A0B4LF25	0	Prosap, isoform E
A0A0B4LFJ4	0	CG8370, isoform B
A0A0B4LFM0	0	Calbindin 53E, isoform B
A0A0B4LFQ3	0	Mitogen-activated protein kinase kinase kinase kinase
A0A0B4LG07	0	Uncharacterized protein, isoform B
A0A0B4LG30	0	Uncharacterized protein, isoform B
A0A0B4LG88	0	Quaking related 58E-1, isoform D
A0A0B4LGD0	0	Uncharacterized protein, isoform C
A0A0B4LGL0	0	Z band alternatively spliced PDZ-motif protein 52, isoform W
A0A0B4LGM5	0	Holocarboxylase synthetase, isoform C
A0A0B4LGN1	0	Inositol 1,4,5,-tris-phosphate receptor, isoform C
A0A0B4LGQ5	0	Circadian trip, isoform L
A0A0B4LGR2	0	Circadian trip, isoform K
A0A0B4LGS6	0	Holocarboxylase synthetase, isoform D
A0A0B4LH69	0	Uncharacterized protein, isoform E
A0A0B4LH92	0	Tim17a1, isoform B
A0A0B4LHC1	0	Rho GTPase activating protein at 92B, isoform B
A0A0B4LHC3	0	Rho GTPase activating protein at 92B, isoform C
A0A0B4LHD7	0	Na/Ca-exchange protein, isoform H
A0A0B4LHD9	0	Na/Ca-exchange protein, isoform I
A0A0B4LHH2	0	Uncharacterized protein, isoform F
A0A0B4LHN0	0	Rho GTPase activating protein at 92B, isoform D
A0A0B4LHQ4	0	Circadian trip, isoform M
A0A0B4LHQ5	0	Pre-mod(Mdg4)-I, isoform A
A0A0B4LHR2	0	Uncharacterized protein, isoform F
A0A0B4LHS0	0	Lnk, isoform E
A0A0B4LHV0	0	Microtubule-associated protein
A0A0B4LHY5	0	Lnk, isoform D
A0A0B4LIP5	0	Lnk, isoform F
A0A0C4DH96	0	Uncharacterized protein, isoform B
A0A0C4DHB5	0	Protein kinase, cAMP-dependent, catalytic subunit 2, isoform C
A0A0C4DHB7	0	Molting defective, isoform E
A0A0C4DHF7	0	Uncharacterized protein
A0A0S0WGV8	0	Goosecoid, isoform E
A0A0S0X2Z2	0	WD40 Y
A0A0U1QT59	0	Uncharacterized protein, isoform C
A0A126GUM8	0	Lingerer, isoform L
A0A126GUN6	0	Z band alternatively spliced PDZ-motif protein 52, isoform X
A0A126GUS4	0	Molecule interacting with CasL, isoform P
A0A126GUT4	0	Forkhead box, sub-group O, isoform H
A0A1F4	0	Protein eyes shut
A1Z6K2	0	Uncharacterized protein, isoform A
A1Z6K9	0	Uncharacterized protein
A1Z718	0	Uncharacterized protein, isoform D
A1Z720	0	Uncharacterized protein, isoform A
A1Z743	0	Uncharacterized protein, isoform A
A1Z7F6	0	Mangetout, isoform C
A1Z7L1	0	Fanconi anemia complementation group I homologue
A1Z7X8	0	FI02944p
A1Z7Z8	0	FI07242p
A1Z8G8	0	Uncharacterized protein
A1Z8J5	0	Shavenoid, isoform A
A1Z8J7	0	KappaTry
A1Z8K2	0	FI20150p1
A1Z8R1	0	Expansion, isoform A
A1Z8X3	0	Anastral spindle 3
A1Z8X9	0	Uncharacterized protein
A1Z8Y3	0	Cuticular protein 49Ab
A1Z8Z6	0	Uncharacterized protein
A1Z9D3	0	Centrosomin, isoform E
A1Z9D7	0	Arrow
A1Z9Z7	0	NADH dehydrogenase (Ubiquinone) 51 kDa subunit-like 2, isoform A
A1ZA05	0	SR protein kinase, isoform C
A1ZA17	0	Ionotropic receptor 52d
A1ZA87	0	SP2353, isoform A
A1ZAC4	0	FI20010p1
A1ZAE9	0	Trehalase
A1ZAF2	0	Trehalase
A1ZAF3	0	CG6262, isoform C
A1ZAU0	0	Uncharacterized protein
A1ZAU3	0	Uncharacterized protein, isoform E
A1ZAW5	0	Methylosome subunit pICln
A1ZAW7	0	NADH dehydrogenase (Ubiquinone) 51 kDa subunit-like 1
A1ZAY8	0	CG4996
A1ZB68	0	FI01423p
A1ZB91	0	Dynein assembly factor 3, axonemal homolog
A1ZBF7	0	V-type proton ATPase subunit a
A1ZBH8	0	Mitogen-activated protein kinase kinase kinase kinase
A1ZBK1	0	FI23922p1
A1ZBP5	0	FI19322p1
A1ZBW7	0	WASH complex subunit FAM21 homolog
A1ZBX0	0	FI06007p
A2VEH9	0	GEO11071p1
A2VEJ9	0	CG4266, isoform C
A4V0N7	0	Uncharacterized protein, isoform H
A4V0S1	0	Syntaxin 5, isoform B
A4V110	0	Calcium/calmodulin-dependent protein kinase I, isoform I
A4V164	0	Phosphoinositide-dependent kinase 1, isoform F
A4V2C3	0	Uncharacterized protein, isoform F
A4V3J5	0	Heterogeneous nuclear ribonucleoprotein at 98DE, isoform C
A4V3J6	0	Heterogeneous nuclear ribonucleoprotein at 98DE, isoform F
A8DY55	0	MIP23840p
A8DY97	0	Uncharacterized protein, isoform C
A8DY98	0	Uncharacterized protein, isoform D
A8DYJ7	0	Uncharacterized protein, isoform E
A8DYR2	0	Uncharacterized protein, isoform C
A8DYS5	0	Chitin deacetylase-like 5, isoform J
A8DZ00	0	Uncharacterized protein, isoform F
A8DZ24	0	Uncharacterized protein, isoform D
A8JNP3	0	Metal response element-binding transcription Factor-1, isoform C
A8JNQ0	0	NudE, isoform B
A8JNQ1	0	NudE, isoform C
A8JNQ4	0	Ataxin-2 binding protein 1, isoform I
A8JPX0	0	Uncharacterized protein, isoform F
A8JR01	0	Uncharacterized protein, isoform I
A8JR05	0	Crossveinless c, isoform C
A8JR35	0	Down syndrome cell adhesion molecule 3, isoform C
A8JR42	0	GUK-holder, isoform E
A8JUM2	0	Uncharacterized protein, isoform B
A8JUY8	0	Ca[2+]-channel protein alpha[[1]] subunit T, isoform C
A8JUZ7	0	Uncharacterized protein, isoform B
A8JUZ8	0	Uncharacterized protein, isoform D
A8JV02	0	Uncharacterized protein, isoform C
A8QI34	0	Sodium/potassium-transporting ATPase subunit alpha
A8Y525	0	Scarecrow, isoform C
A8Y592	0	Spookier
A8Y596	0	Glutamine:fructose-6-phosphate aminotransferase 1, isoform H
A8Y599	0	Glutamine:fructose-6-phosphate aminotransferase 1, isoform L
A8Y5A0	0	Glutamine:fructose-6-phosphate aminotransferase 1, isoform M
B3DN64	0	Guanine nucleotide exchange factor in mesoderm, isoform G
B4F7L9	0	WD repeat-containing protein on Y chromosome
B5RIM9	0	Glycerol-3-phosphate dehydrogenase [NAD(+)]
B7YZE0	0	CAP, isoform P
B7YZF2	0	Shavenoid, isoform B
B7YZW8	0	Cytoplasmic linker protein 190, isoform S
B7YZY3	0	Sodium/hydrogen exchanger
B7Z025	0	Dizzy isoform BII
B7Z026	0	Dizzy isoform CII
B7Z028	0	Acyl-coenzyme A oxidase
B7Z0G0	0	NudE, isoform D
B7Z0R2	0	Sponge, isoform D
B7Z0T1	0	Uncharacterized protein, isoform M
B7Z0T2	0	Uncharacterized protein, isoform H
B7Z126	0	Tousled-like kinase, isoform G
B8A421	0	Nucleoporin 98-96kD, isoform C
C1C3I0	0	MIP06235p
D1Z397	0	Aspartyl beta-hydroxylase, isoform J
D2A6K3	0	Aldehyde reductase Y, isoform D
D3DML7	0	MIP14691p
E1JGN0	0	Non-specific serine/threonine protein kinase
E1JH56	0	Centrosomin, isoform G
E1JHG4	0	CG6686, isoform C
E1JHM0	0	Cd GTPase activating protein-related, isoform C
E1JHM1	0	Cd GTPase activating protein-related, isoform B
E1JI10	0	CG5895, isoform C
E1JI13	0	Disabled, isoform F
E1JI89	0	Peptidoglycan recognition protein LC, isoform E
E1JIC6	0	Uncharacterized protein, isoform F
E1JID9	0	Multiplexin, isoform G
E1JIE0	0	Multiplexin, isoform M
E1JIE1	0	Multiplexin, isoform B
E1JIE2	0	Multiplexin, isoform L
E1JIE3	0	Multiplexin, isoform O
E1JIF4	0	PFTAIRE-interacting factor 1A, isoform G
E1JII9	0	Histamine-gated chloride channel subunit 1, isoform D
E1JIN1	0	Uncharacterized protein, isoform D
E1JIT7	0	Exchange factor for Arf 6 ortholog, isoform H
E1JIV5	0	eIF4E-Homologous protein, isoform B
E1JIZ9	0	Uncharacterized protein, isoform I
E1JJC0	0	Terribly reduced optic lobes, isoform AH
E1JJI1	0	LD47677p1
E2QCS4	0	Uncharacterized protein, isoform J
E2QCS7	0	Uncharacterized protein
E2QD66	0	Uncharacterized protein, isoform D
E8NHS9	0	Glutamine:fructose-6-phosphate aminotransferase 1, isoform J
E8Z4Z5	0	Uncharacterized protein, isoform C
F2FBC0	0	GEO13452p1
F3YDH0	0	Heat shock 70-kDa protein cognate 3, isoform E
F6JQA6	0	CG3024 (Fragment)
G3JX27	0	Z band alternatively spliced PDZ-motif protein 52, isoform R
G3JX28	0	Z band alternatively spliced PDZ-motif protein 52, isoform S
G3JX29	0	Z band alternatively spliced PDZ-motif protein 52, isoform T
G3JX30	0	Z band alternatively spliced PDZ-motif protein 52, isoform U
G3JX31	0	Z band alternatively spliced PDZ-motif protein 52, isoform O
G3JX32	0	Z band alternatively spliced PDZ-motif protein 52, isoform V
L0MLI5	0	Uncharacterized protein, isoform D
L0MPM5	0	Uncharacterized protein, isoform F
L0MPW2	0	Uncharacterized protein, isoform G
L7EFC0	0	Dead box protein 80, isoform G
M9MRP7	0	Uncharacterized protein, isoform I
M9MRT3	0	CG7991, isoform C
M9MRV0	0	Bruno-3, isoform J
M9MRV7	0	Uncharacterized protein, isoform C
M9MS50	0	Serine-arginine protein kinase at 79D, isoform F
M9MS57	0	Ranbp16, isoform E
M9MSA5	0	Uncharacterized protein, isoform L
M9MSB0	0	Ranbp16, isoform G
M9MSD3	0	Ranbp16, isoform F
M9MSN9	0	Ranbp16, isoform C
M9NCL3	0	Chitin deacetylase-like 5, isoform G
M9NCX5	0	Chitin deacetylase-like 5, isoform I
M9ND16	0	Chromodomain-helicase-DNA-binding protein 1, isoform B
M9ND28	0	Spinophilin, isoform F
M9ND52	0	Uncharacterized protein, isoform C
M9ND83	0	Uncharacterized protein, isoform D
M9NDB5	0	RNA-binding protein 6, isoform F
M9NDF9	0	Serine-arginine protein kinase at 79D, isoform L
M9NDG1	0	Uncoupling protein 4B, isoform C
M9NDL5	0	Terribly reduced optic lobes, isoform AF
M9NDM6	0	Paramyosin, isoform E
M9NDN5	0	Uncharacterized protein, isoform D
M9NDQ0	0	Ca[2+]-channel protein alpha[[1]] subunit T, isoform E
M9NDS5	0	CG7766, isoform H
M9NDX8	0	Spinophilin, isoform I
M9NDZ1	0	Serine-arginine protein kinase at 79D, isoform I
M9NE09	0	Uncharacterized protein, isoform E
M9NE36	0	Chitin deacetylase-like 5, isoform H
M9NE47	0	Sperm-specific dynein intermediate chain 1, isoform C
M9NE56	0	Terribly reduced optic lobes, isoform AK
M9NE61	0	Terribly reduced optic lobes, isoform AR
M9NEC1	0	Disabled, isoform D
M9NEI3	0	Cyclic nucleotide-gated ion channel-like, isoform E
M9NEI4	0	Serine-arginine protein kinase at 79D, isoform J
M9NEJ4	0	Chitin deacetylase-like 5, isoform F
M9NET2	0	Terribly reduced optic lobes, isoform AI
M9NEY3	0	Spinophilin, isoform B
M9NEY5	0	Spinophilin, isoform G
M9NF15	0	Axotactin, isoform D
M9NF18	0	CG2247, isoform D
M9NFB4	0	CG7206, isoform C
M9NFF9	0	Ada2a-containing complex component 3, isoform D
M9NFI2	0	Spinophilin, isoform E
M9NFI9	0	Spinophilin, isoform J
M9NFN0	0	Axotactin, isoform B
M9NFR6	0	Terribly reduced optic lobes, isoform AY
M9NFS1	0	Terribly reduced optic lobes, isoform AQ
M9NGC6	0	Serine-arginine protein kinase at 79D, isoform K
M9NGG3	0	Cyclic nucleotide-gated ion channel-like, isoform D
M9NGK3	0	Terribly reduced optic lobes, isoform AL
M9NGR9	0	Ca[2+]-channel protein alpha[[1]] subunit T, isoform D
M9PB25	0	Uncharacterized protein, isoform G
M9PB45	0	Uncharacterized protein, isoform B
M9PB67	0	Receptor of activated protein kinase C 1, isoform B
M9PBC9	0	Cytoplasmic linker protein 190, isoform T
M9PBG0	0	Uncharacterized protein, isoform J
M9PBG4	0	Methuselah-like 8, isoform B
M9PBG8	0	Rho guanine nucleotide exchange factor 3, isoform M
M9PBP8	0	Axotactin, isoform F
M9PBU9	0	Eyes shut, isoform E
M9PBX4	0	Uncharacterized protein, isoform I
M9PBX8	0	Transient receptor potential cation channel A1 ortholog, isoform K
M9PC26	0	Uncharacterized protein, isoform E
M9PC27	0	Blastoderm-specific gene 25D, isoform G
M9PC43	0	Glycerol-3-phosphate dehydrogenase [NAD(+)]
M9PC96	0	Rho GTPase activating protein at 68F, isoform D
M9PCA2	0	Dihydrolipoamide acetyltransferase component of pyruvate dehydrogenase complex
M9PCC1	0	Receptor of activated protein kinase C 1, isoform C
M9PCD7	0	Uncharacterized protein, isoform J
M9PCE5	0	Hemolectin, isoform B
M9PCE9	0	Ral guanine nucleotide dissociation stimulator-like ortholog, isoform E
M9PCF1	0	Dual oxidase, isoform C
M9PCG1	0	Dihydrolipoamide acetyltransferase component of pyruvate dehydrogenase complex
M9PCJ9	0	Sarcoglycan alpha, isoform B
M9PCQ6	0	CG6509, isoform C
M9PCS0	0	Uncharacterized protein, isoform I
M9PCS1	0	Uncharacterized protein, isoform E
M9PCU3	0	Disabled, isoform I
M9PD18	0	Vacuolar H[+] ATPase 68kD subunit 1, isoform B
M9PD20	0	Uncharacterized protein, isoform B
M9PDA8	0	Serine-arginine protein kinase at 79D, isoform E
M9PDB4	0	Cytoplasmic linker protein 190, isoform Q
M9PDE6	0	Uncharacterized protein, isoform K
M9PDI9	0	Skywalker, isoform L
M9PDL8	0	Uncharacterized protein, isoform M
M9PDN2	0	Phosphodiesterase
M9PDQ2	0	Tousled-like kinase, isoform L
M9PDR8	0	Cd GTPase activating protein-related, isoform D
M9PDT1	0	CG2861, isoform E
M9PE54	0	CG3597, isoform B
M9PE65	0	Axotactin, isoform C
M9PE74	0	No circadian temperature entrainment, isoform D
M9PE86	0	Uncharacterized protein, isoform D
M9PEB2	0	Chromodomain-helicase-DNA-binding protein 1, isoform C
M9PEC5	0	Uncharacterized protein, isoform AA
M9PEC6	0	Cyp28c1, isoform B
M9PEE4	0	Uncharacterized protein, isoform A
M9PEE5	0	Uncharacterized protein, isoform F
M9PEF6	0	CG3714, isoform H
M9PEK0	0	Melted, isoform D
M9PEK6	0	Mushroom body defect, isoform L
M9PET0	0	Glycerol-3-phosphate dehydrogenase [NAD(+)]
M9PET5	0	CG6282, isoform D
M9PEY9	0	Rho GTPase activating protein at 68F, isoform E
M9PEZ9	0	Uncharacterized protein, isoform F
M9PF78	0	Sarcoglycan alpha, isoform C
M9PF94	0	Doublecortin-domain-containing echinoderm-microtubule-associated protein ortholog, isoform G
M9PFA9	0	Uncharacterized protein, isoform B
M9PFD1	0	Uncharacterized protein
M9PFQ9	0	Uncharacterized protein, isoform E
M9PFS1	0	Abl tyrosine kinase, isoform F
M9PFS5	0	Disabled, isoform G
M9PFS7	0	Scm-related gene containing four mbt domains, isoform D
M9PFV9	0	RNA polymerase II elongation factor, isoform B
M9PFW8	0	Uncharacterized protein, isoform B
M9PG13	0	Mitogen-activated protein kinase phosphatase 3, isoform C
M9PG15	0	Secretory pathway calcium atpase, isoform G
M9PG53	0	Protein O-mannosyltransferase 2, isoform B
M9PGA6	0	Uncharacterized protein, isoform E
M9PGC9	0	Structural maintenance of chromosomes 5, isoform G
M9PGH9	0	Ca[2+]-channel protein alpha[[1]] subunit T, isoform F
M9PGM8	0	Female sterile (1) homeotic, isoform I
M9PGR0	0	Dorsal interacting protein 1, isoform B
M9PGT0	0	Uncharacterized protein, isoform R
M9PHF9	0	Uncharacterized protein, isoform B
M9PHH4	0	Uncharacterized protein, isoform D
M9PHH5	0	CG1791, isoform C
M9PHN7	0	Uncharacterized protein, isoform E
M9PHQ2	0	Histone deacetylase 4, isoform G
M9PHY7	0	Suppressor of cytokine signaling at 16D, isoform B
M9PI40	0	Uncharacterized protein, isoform B
M9PI84	0	Disabled, isoform H
M9PIJ7	0	Eagle, isoform C
M9PIK8	0	Serine-arginine protein kinase at 79D, isoform M
M9PJ39	0	CG2861, isoform D
M9PJH7	0	Rabphilin, isoform C
M9PJN0	0	Mushroom body defect, isoform K
M9PJQ3	0	Rho GTPase activating protein p190, isoform G
M9W963	0	FI21160p1
O18399	0	EG:152A3.5 protein (Fbgn0003116;pn protein)
O61267	0	Ovarian-specific serine/threonine-protein kinase Lok
O61366	0	Serine-enriched protein
O76877	0	CG3719
O76923	0	Drosophila homolog of transcription factor AP-2
O76932	0	Serine/threonine-protein phosphatase 4 catalytic subunit
O77277	0	Torsin-like protein
O96532	0	Rad17
O97060	0	Ccp84Ac
O97061	0	Ccp84Ad
O97062	0	Ccp84Ae
O97063	0	Ccp84Af
O97365	0	BM-40
P00967	0	Trifunctional purine biosynthetic protein adenosine-3
P09052	0	ATP-dependent RNA helicase vasa, isoform A
P10552	0	FMRFamide-related peptides
P11612	0	Serine/threonine-protein phosphatase PP-Y
P11929	0	Blastoderm-specific protein 25D
P12370	0	cAMP-dependent protein kinase catalytic subunit
P13706	0	Glycerol-3-phosphate dehydrogenase [NAD(+)], cytoplasmic
P15425	0	Peptidyl-prolyl cis-trans isomerase, rhodopsin-specific isozyme
P18169	0	Defective chorion-1 protein, FC125 isoform
P18170	0	Defective chorion-1 protein, FC106 isoform
P18171	0	Defective chorion-1 protein, FC177 isoform
P19107	0	Phosrestin-1
P22293	0	Protein suppressor of sable
P25157	0	Guanine nucleotide-binding protein subunit alpha homolog
P26308	0	Guanine nucleotide-binding protein subunit beta-1
P32023	0	cGMP-dependent protein kinase, isozyme 2 forms cD5/T2
P32870	0	Ca(2+)/calmodulin-responsive adenylate cyclase
P40791	0	Myocyte-specific enhancer factor 2
P41044	0	Calbindin-32
P47825	0	Transcription initiation factor TFIID subunit 4
P48456	0	Serine/threonine-protein phosphatase 2B catalytic subunit 1
P48461	0	Serine/threonine-protein phosphatase alpha-1 isoform
P48462	0	Serine/threonine-protein phosphatase beta isoform
P54353	0	Putative peptidyl-prolyl cis-trans isomerase dodo
P54623	0	Centrosomin
P55824	0	Probable ubiquitin carboxyl-terminal hydrolase FAF
P58951	0	Putative gustatory receptor 22a
P58952	0	Putative gustatory receptor 22c
P58961	0	Putative gustatory receptor 47b
P81914	0	Odorant receptor 33a
P83740	0	Putative sodium-dependent multivitamin transporter
P91620	0	Protein still life, isoforms C/SIF type 2
P91621	0	Protein still life, isoform SIF type 1
P91645	0	Voltage-dependent calcium channel type A subunit alpha-1
P91660	0	Probable multidrug resistance-associated protein lethal(2)03659
P92189	0	Protein stand still
P98081	0	Protein disabled
P98159	0	Serine protease nudel
Q03043	0	cGMP-dependent protein kinase, isozyme 2 forms cD4/T1/T3A/T3B
Q0E8H9	0	Hexosaminidase 1, isoform A
Q0E8J1	0	Uncharacterized protein, isoform Y
Q0E8P1	0	Uncharacterized protein, isoform B
Q0E8Q1	0	Cytoplasmic linker protein 190, isoform I
Q0E8V4	0	Chitin deacetylase-like 5, isoform E
Q0E8Y1	0	Phosphatidylinositol 4-phosphate 5-kinase at 59B, isoform I
Q0E908	0	Hillarin
Q0E996	0	FI23508p1
Q0E9C6	0	FI05595p
Q0E9N4	0	CG9422, isoform A
Q0KHR5	0	Rho GTPase activating protein at 15B, isoform B
Q0KHS7	0	Lipid storage droplet-2, isoform B
Q0KI03	0	Darkener of apricot, isoform M
Q0KI34	0	SNF4/AMP-activated protein kinase gamma subunit, isoform I
Q0KI81	0	IP14232p
Q0KIF1	0	Plexin A, isoform B
Q0KIF7	0	Calcium/calmodulin-dependent protein kinase I, isoform H
Q15K24	0	Big bang, isoform J
Q1ECA0	0	IP09280p
Q23977	0	Dual specificity mitogen-activated protein kinase kinase hemipterous
Q24536	0	Suppressor-of-stellate-like protein
Q27237	0	Protein tumorous imaginal discs, mitochondrial
Q27884	0	Serine/threonine-protein phosphatase 6 catalytic subunit
Q2PDP2	0	AT24894p
Q2PE36	0	Adenosine deaminase acting on RNA, isoform C
Q494G8	0	F-box and leucine-rich repeat protein 6, isoform A
Q4AB30	0	GUK-holder, isoform C
Q4ABH5	0	Uncharacterized protein
Q4ABH8	0	Uncharacterized protein
Q4QPW2	0	GEO12048p1
Q4QQ29	0	IP09396p
Q4V4D1	0	IP10846p
Q4V5U6	0	IP11896p
Q59DT9	0	Neurofibromin 1, isoform D
Q59DZ1	0	Uncharacterized protein, isoform A
Q59E50	0	Voltage-dependent L-type calcium channel subunit alpha
Q59E51	0	Voltage-dependent L-type calcium channel subunit alpha
Q5BI51	0	LP02810p
Q5BI77	0	LP19328p
Q5LJP9	0	Asparagine synthetase domain-containing protein CG17486
Q5LJU1	0	MIP26267p
Q5LK12	0	Dead box protein 80, isoform D
Q5U154	0	RE01051p
Q6IDE9	0	Down syndrome cell adhesion molecule 3, isoform D
Q6ILD8	0	HDC09558
Q6NMT8	0	AT01712p
Q6NN18	0	Elongation of very long chain fatty acids protein
Q6NN57	0	Lipophorin receptor 2, isoform D
Q6NND6	0	Leucine-rich repeat, isoform D
Q6NP71	0	Lipophorin receptor 1, isoform J
Q6NQZ5	0	LD23309p
Q6WV17	0	Polypeptide N-acetylgalactosaminyltransferase 5
Q7JXG9	0	CG9005, isoform A
Q7JY00	0	HL02043p
Q7JY04	0	GH20325p
Q7JYM7	0	GH11924p
Q7JYZ9	0	Glutathione S transferase E2
Q7JZ56	0	Metallo endopeptidase
Q7K137	0	LD10453p
Q7K1C5	0	CG6406, isoform A
Q7K1W5	0	CG8187
Q7K2K2	0	FI04612p
Q7K3P0	0	CG8257, isoform A
Q7K4I5	0	UBX domain-containing protein 7
Q7KK90	0	GH14654p
Q7KPA5	0	Meiotic recombination protein W68
Q7KRS1	0	Uncharacterized protein, isoform A
Q7KS40	0	Uncharacterized protein
Q7KSE9	0	Down syndrome cell adhesion molecule 3, isoform E
Q7KSP6	0	SET domain binding factor, isoform B
Q7KT77	0	Uncharacterized protein
Q7KTS2	0	Autophagy-related 17, isoform B
Q7KTV9	0	Structural maintenance of chromosomes 5, isoform F
Q7KU45	0	Lethal (2) k05819, isoform C
Q7KV33	0	Uncharacterized protein, isoform B
Q7KV92	0	Uncharacterized protein, isoform X
Q7KVK5	0	Uncharacterized protein, isoform M
Q7KVX6	0	Uncharacterized protein, isoform C
Q7M3M8	0	Transcription factor castor
Q7PLC5	0	Glutamine:fructose-6-phosphate aminotransferase 1, isoform K
Q7PLC6	0	Glutamine:fructose-6-phosphate aminotransferase 1, isoform D
Q7PLC7	0	Glutamine:fructose-6-phosphate aminotransferase 1, isoform A
Q7Z020	0	Transient receptor potential cation channel subfamily A member 1
Q86B65	0	Uncharacterized protein, isoform A
Q86B77	0	Lipophorin receptor 2, isoform B
Q86BB6	0	FI05373p
Q86BK2	0	AT05366p
Q86BP9	0	CG7971, isoform B
Q86CW5	0	Hmr
Q86PB3	0	Gram-positive specific serine protease, isoform A
Q8I044	0	GH11003p
Q8I0K9	0	LD08455p
Q8IGL5	0	Leucine-rich repeat, isoform A
Q8IMG8	0	FI22218p1
Q8IMJ2	0	Uncharacterized protein
Q8IML0	0	Phospholipase A(2)
Q8IMS2	0	Neurofibromin 1, isoform C
Q8IMV2	0	Pickpocket 22, isoform B
Q8IMW5	0	Molting defective, isoform A
Q8IN99	0	IP12186p
Q8INF2	0	Phosphatidate cytidylyltransferase, mitochondrial
Q8INQ8	0	Uncharacterized protein
Q8INW5	0	MIP27352p
Q8INY1	0	Suppressor of cytokine signaling at 36E, isoform D
Q8INY6	0	CG5674, isoform A
Q8IPC5	0	Cylindromatosis ortholog, isoform D
Q8IPC6	0	REPTOR-binding partner, isoform C
Q8IPC7	0	RE65609p
Q8IPK1	0	Uncoupling protein 4B, isoform B
Q8IPN4	0	Krotzkopf verkehrt, isoform A
Q8IQ35	0	Hydra, isoform A
Q8IQ79	0	Sphinx1
Q8IQE2	0	Ionotropic receptor 67c
Q8IQI2	0	Uncharacterized protein, isoform E
Q8IQK0	0	Uncharacterized protein, isoform C
Q8IR55	0	Mushroom body defect, isoform H
Q8IRA1	0	Uncharacterized protein
Q8IRB6	0	FI04413p
Q8IRK1	0	Uncharacterized protein
Q8IRS2	0	CG2861, isoform C
Q8IRT8	0	Tousled-like kinase, isoform B
Q8IRV7	0	Terribly reduced optic lobes, isoform AG
Q8IRV8	0	Terribly reduced optic lobes, isoform AO
Q8IRV9	0	Terribly reduced optic lobes, isoform AW
Q8IRZ1	0	Uncharacterized protein, isoform B
Q8MME7	0	Uncharacterized protein, isoform L
Q8MR72	0	CG1791, isoform B
Q8MRH9	0	CG2162, isoform F
Q8MRJ2	0	LD11139p
Q8MRQ1	0	GH06222p
Q8MYS1	0	GEO08443p1
Q8SWW4	0	LD28380p
Q8SX97	0	Succinate dehydrogenase [ubiquinone] flavoprotein subunit, mitochondrial
Q8SXK0	0	RE18748p
Q8SXU0	0	RE22315p
Q8SXV2	0	RE19849p
Q8SXX0	0	RH08992p
Q8SXY6	0	Transmembrane emp24 domain-containing protein bai
Q8SYD0	0	Tetratricopeptide repeat protein 19 homolog, mitochondrial
Q8SYU5	0	RE33762p
Q8SZ78	0	RE14222p
Q8T0M2	0	GH22734p
Q8T0U2	0	CG5089
Q8T4I0	0	AT07524p
Q8T8U1	0	Proteasome subunit beta type
Q8T8Y8	0	AT15826p
Q8WS32	0	Histamine-gated chloride channel alpha2 subunit
Q94981	0	Potential E3 ubiquitin-protein ligase ariadne-1
Q95RC0	0	N-alpha-acetyltransferase 30
Q95U34	0	GH11113p
Q95UN8	0	Mitogen-activated protein kinase kinase kinase
Q961W5	0	GH02452p
Q9GPJ1	0	Protein Skeletor, isoforms D/E
Q9I7K8	0	FI07222p
Q9I7M3	0	Uncharacterized protein, isoform A
Q9I7S4	0	Radish, isoform N
Q9NF31	0	EG:BACN25G24.3 protein (Fbgn0004860;ph-d protein)
Q9NHB9	0	RE26467p
Q9NHE5	0	Calcium-dependent secretion activator
Q9NIV1	0	Eukaryotic translation initiation factor 2-alpha kinase
Q9U1H0	0	Putative transcription factor capicua
Q9U1L6	0	EG:BACR42I17.8 protein
Q9V3Q6	0	Mitogen-activated protein kinase kinase kinase 7
Q9V3V7	0	Kinetochore protein Spc25
Q9V3X4	0	Seipin
Q9V3Y4	0	LD43650p
Q9V3Z7	0	CG4161, isoform A
Q9V457	0	BIP1 protein
Q9V4E1	0	Ephrin
Q9V4E9	0	Eye-enriched kainate receptor, isoform A
Q9V7H4	0	Transmembrane protein 131 homolog
Q9V895	0	Acidic leucine-rich nuclear phosphoprotein 32 family member A
Q9V9N7	0	GH01875p
Q9V9R6	0	No mechanoreceptor potential B, isoform C
Q9V9S8	0	Ferrochelatase, mitochondrial
Q9V9T4	0	ATP-dependent chromatin assembly factor large subunit
Q9V9W7	0	Rough deal
Q9VA55	0	CG9702, isoform A
Q9VA69	0	Prolyl 4-hydroxylase alpha-related protein PH4[alpha]EFB
Q9VA73	0	Calcium-binding mitochondrial carrier protein Aralar1
Q9VAF9	0	Autophagy-related 16, isoform B
Q9VAG3	0	CG7829
Q9VAJ9	0	CG1907
Q9VAL2	0	CG2321, isoform A
Q9VAL8	0	Uncharacterized protein, isoform C
Q9VAP9	0	Uncharacterized protein, isoform A
Q9VAS8	0	Sponge, isoform E
Q9VB15	0	Microtubule-associated protein
Q9VB18	0	FI16909p1
Q9VB28	0	Uncharacterized protein
Q9VB68	0	Gram-positive specific serine protease, isoform B
Q9VB70	0	Lateral signaling target protein 2 homolog
Q9VB94	0	CG6296
Q9VBC6	0	CG6425
Q9VBJ2	0	Neurofibromin 1, isoform B
Q9VBJ9	0	Uncharacterized protein
Q9VBT0	0	Uncharacterized protein
Q9VBT2	0	IP11926p
Q9VBY3	0	CG9996
Q9VC28	0	60S ribosome subunit biogenesis protein NIP7 homolog
Q9VC41	0	FI03419p
Q9VC42	0	Uncharacterized protein, isoform B
Q9VC83	0	Uncharacterized protein
Q9VCC4	0	CG6182
Q9VCC8	0	LP08842p
Q9VCK6	0	LD34157p
Q9VCK9	0	RE58966p
Q9VCU7	0	Protein vreteno
Q9VD62	0	Sulfhydryl oxidase
Q9VDD1	0	DDRGK domain-containing protein 1
Q9VDE6	0	Exocyst complex component 6
Q9VDG5	0	AT07459p
Q9VDK2	0	CG5466
Q9VDP6	0	Uncharacterized protein
Q9VDQ0	0	Protein I'm not dead yet 2
Q9VDU9	0	Histamine-gated chloride channel alpha1 subunit
Q9VDV5	0	CG6231, isoform A
Q9VE09	0	Glutamyl-tRNA(Gln) amidotransferase subunit A, mitochondrial
Q9VE13	0	GUK-holder, isoform A
Q9VE16	0	GUK-holder, isoform B
Q9VE87	0	Protein hemingway
Q9VEH3	0	Uncharacterized protein, isoform A
Q9VEJ5	0	Down syndrome cell adhesion molecule 3, isoform F
Q9VEJ9	0	CG5873
Q9VEN2	0	Chromosome alignment defect 1
Q9VEQ1	0	LD10670p
Q9VEQ2	0	CG3678, isoform A
Q9VES1	0	ARL-6-interacting protein 1 homolog
Q9VEU0	0	Putative gustatory receptor 89a
Q9VEX7	0	RE12330p
Q9VEY4	0	CG5916, isoform A
Q9VF18	0	CG9632, isoform A
Q9VF19	0	CG9632, isoform B
Q9VFB7	0	Trafficking protein particle complex subunit 10
Q9VFC0	0	MAU2 chromatid cohesion factor homolog
Q9VFD3	0	Uncharacterized protein, isoform B
Q9VFE8	0	IP08303p
Q9VFK2	0	Crossveinless c, isoform A
Q9VFL9	0	FI07901p
Q9VFP5	0	CG9925
Q9VFQ4	0	Uncharacterized protein
Q9VG50	0	Lipase
Q9VG62	0	Toys are us
Q9VG96	0	Glutathione S-transferase D4
Q9VG97	0	Inactive glutathione S-transferase D3
Q9VG98	0	Glutathione S-transferase D2
Q9VGA2	0	Probable mitochondrial import inner membrane translocase subunit Tim17 3
Q9VGA3	0	CG4115
Q9VGB3	0	Probable cytochrome P450 313a3
Q9VGB9	0	IP09525p
Q9VGH9	0	SET domain binding factor, isoform A
Q9VGS8	0	IP03623p
Q9VGS9	0	LD21102p
Q9VGW2	0	CG4089
Q9VGY6	0	Protein Skeletor, isoforms B/C
Q9VH03	0	Uncharacterized protein, isoform E
Q9VH55	0	Elongation of very long chain fatty acids protein
Q9VH80	0	Uncharacterized protein
Q9VHD1	0	Uncharacterized protein, isoform A
Q9VHG8	0	Uncharacterized protein
Q9VHH1	0	CG8420, isoform A
Q9VHH5	0	FI17409p1
Q9VHN4	0	CG8043
Q9VHN9	0	Hermansky-Pudlak syndrome 5 protein homolog
Q9VHX7	0	Elongation of very long chain fatty acids protein
Q9VHY2	0	Uncharacterized protein, isoform C
Q9VI52	0	CG1988, isoform D
Q9VI74	0	Protein SHQ1 homolog
Q9VI80	0	Uncharacterized protein
Q9VIB7	0	Reticulon-like protein
Q9VIH9	0	CG9338, isoform A
Q9VIQ6	0	FI17342p1
Q9VIS1	0	GTPase-activating protein CdGAPr
Q9VIW5	0	LD41874p
Q9VIX6	0	GH19142p
Q9VJ03	0	Uncharacterized protein
Q9VJ23	0	Uncharacterized protein
Q9VJ64	0	LD21810p
Q9VK08	0	Uncharacterized protein, isoform P
Q9VKA5	0	Gustatory and pheromone receptor 33a
Q9VKE2	0	Crystallin, isoform A
Q9VKK9	0	GEO12070p1
Q9VKS4	0	LD16579p
Q9VKT1	0	GH11711p
Q9VKU5	0	CG6144, isoform B
Q9VL14	0	REPTOR-binding partner, isoform A
Q9VL73	0	LP20791p
Q9VL80	0	RH12261p
Q9VLI1	0	Alpha-mannosidase
Q9VLQ0	0	RH11377p
Q9VLS1	0	Probable phosphorylase b kinase regulatory subunit beta
Q9VLU7	0	CG7227, isoform A
Q9VMD5	0	Farjavit, isoform A
Q9VMD7	0	Acyl-coenzyme A oxidase
Q9VMD9	0	Tiggrin
Q9VMF1	0	CG9497, isoform A
Q9VMF3	0	Dizzy isoform AII
Q9VML2	0	Blue cheese
Q9VMQ4	0	Chromosome associated protein D3, isoform A
Q9VMQ5	0	Ubiquinone biosynthesis monooxygenase COQ6, mitochondrial
Q9VMT4	0	CG7742, isoform A
Q9VN30	0	Uncharacterized protein
Q9VN49	0	Uncharacterized protein, isoform I
Q9VN58	0	Circadian trip, isoform A
Q9VN97	0	Probable mitochondrial import inner membrane translocase subunit Tim17 4
Q9VND9	0	Collapsin response mediator protein, isoform B
Q9VNL3	0	Probable V-type proton ATPase subunit F 2
Q9VNL6	0	CG1077
Q9VNS1	0	UT01871p
Q9VNV0	0	Serine-arginine protein kinase at 79D, isoform H
Q9VP12	0	Structural maintenance of chromosomes 5, isoform H
Q9VPI3	0	Chitin deacetylase-like 5, isoform B
Q9VPI4	0	Chitin deacetylase-like 5, isoform A
Q9VPM2	0	Uncharacterized protein, isoform A
Q9VPS5	0	60 kDa heat shock protein homolog 1, mitochondrial
Q9VPV8	0	IA-2 protein tyrosine phosphatase, isoform C
Q9VPZ4	0	Uncharacterized protein
Q9VPZ5	0	CG5397, isoform A
Q9VQ97	0	IP02082p
Q9VQ98	0	Uncharacterized protein, isoform A
Q9VQA0	0	GH26248p
Q9VQB3	0	CG3597, isoform A
Q9VQH2	0	Dual oxidase
Q9VQI4	0	CG8813
Q9VQK8	0	FI02048p
Q9VQN6	0	AT22075p
Q9VQS0	0	CG3213
Q9VQT5	0	FI01556p
Q9VQU8	0	Uncharacterized protein, isoform C
Q9VQY7	0	Uncharacterized protein, isoform A
Q9VQZ1	0	Lethal (2) k05819, isoform A
Q9VR24	0	Uncharacterized protein, isoform A
Q9VR33	0	IP13216p
Q9VR62	0	GM14138p
Q9VRA2	0	Molybdenum cofactor sulfurase
Q9VRB5	0	Hydra, isoform B
Q9VRD3	0	FI06015p
Q9VRR0	0	Uncharacterized protein, isoform B
Q9VRS2	0	PVR adaptor protein
Q9VRU2	0	LD30746p
Q9VRY3	0	Dikar, isoform B
Q9VS03	0	FI08349p
Q9VS24	0	Protein melted
Q9VS71	0	Sphinx2, isoform B
Q9VST8	0	CG4942
Q9VSY7	0	Metal response element-binding transcription Factor-1, isoform A
Q9VT70	0	Nuclear distribution protein nudE homolog
Q9VT87	0	CG8065, isoform B
Q9VT98	0	Ataxin-2 binding protein 1, isoform K
Q9VTQ3	0	Coiled-coil domain containing protein 151
Q9VTR6	0	Pericardin
Q9VTT3	0	LD31163p
Q9VTY0	0	RE46702p
Q9VTZ0	0	GH08269p
Q9VU57	0	Uncharacterized protein
Q9VUE8	0	Big bang, isoform C
Q9VUF0	0	CG4613, isoform B
Q9VUG9	0	GEO12009p1
Q9VUI3	0	Echinoderm microtubule-associated protein-like CG42247
Q9VUJ7	0	Uncharacterized protein
Q9VUL2	0	GH20023p
Q9VUL6	0	GH22749p
Q9VUT1	0	Eig71Eh
Q9VUV3	0	PHCl, isoform C
Q9VUX4	0	CG5895, isoform A
Q9VV29	0	GEO12576p1
Q9VV30	0	GEO07733p1
Q9VV31	0	Uncharacterized protein
Q9VV72	0	Multiple inositol polyphosphate phosphatase 1
Q9VV90	0	FI23334p1
Q9VV95	0	Uncharacterized protein, isoform B
Q9VVH8	0	CG6333, isoform A
Q9VVP2	0	CG7320
Q9VVU7	0	Ionotropic receptor 75d
Q9VW21	0	CG9376
Q9VW34	0	FI03450p
Q9VW38	0	Uncharacterized protein
Q9VW71	0	Fat-like cadherin-related tumor suppressor homolog
Q9VWC0	0	Histone gene-specific epigenetic repressor in late S phase, isoform A
Q9VWG5	0	Uncharacterized protein
Q9VWX4	0	CG5936
Q9VWZ2	0	CG7536, isoform A
Q9VX18	0	Suppressor of cytokine signaling at 16D, isoform A
Q9VX26	0	Chascon, isoform A
Q9VX85	0	CG4955
Q9VX92	0	Rho GTPase activating protein at 15B, isoform C
Q9VXE6	0	Nuclear pore complex protein Nup153
Q9VXF1	0	Serine/threonine-protein phosphatase 2B catalytic subunit 3
Q9VXM5	0	LD22609p
Q9VXV9	0	WSCD family member CG9164
Q9VXY7	0	Lipid storage droplets surface-binding protein 2
Q9VY31	0	CG9411
Q9VY43	0	Mushroom body defect, isoform F
Q9VY68	0	AT20767p
Q9VYE9	0	CG1622, isoform A
Q9VYI8	0	CG4661
Q9VYN1	0	Protein kinase C delta, isoform E
Q9VYP6	0	Uncharacterized protein
Q9VYS4	0	Poly(A) RNA polymerase gld-2 homolog B
Q9VYT4	0	ATP7, isoform B
Q9VYT8	0	Probable cytochrome P450 28c1
Q9VZ79	0	Uncharacterized protein
Q9VZ88	0	AT07585p
Q9VZ96	0	Axotactin, isoform I
Q9VZB0	0	Uncharacterized protein
Q9VZD8	0	THUMP domain-containing protein 1 homolog
Q9VZF9	0	Cuticular protein 64Ad
Q9VZG1	0	Cuticular protein 64Ab
Q9VZG5	0	Uncharacterized protein, isoform D
Q9VZH2	0	Masquerade, isoform B
Q9VZP3	0	Cyclin J, isoform A
Q9VZX7	0	Autophagy-related 2, isoform A
Q9W003	0	Spinophilin, isoform S
Q9W040	0	Intraflagellar transport protein 172 homolog
Q9W0A2	0	CG7991, isoform B
Q9W0E2	0	RE06653p
Q9W0F7	0	CG9168
Q9W0I3	0	AT07490p
Q9W0M6	0	LD06737p1
Q9W0R6	0	Probable G-protein coupled receptor Mth-like 9
Q9W0R7	0	Ada2a-containing complex component 3, isoform B
Q9W0S2	0	Rho guanine nucleotide exchange factor 3, isoform L
Q9W0V7	0	Probable G-protein coupled receptor Mth-like 8
Q9W0Y6	0	Transient receptor potential cation channel protein painless
Q9W138	0	Probable methyltransferase BMT2 homolog
Q9W170	0	CG3492
Q9W1I0	0	TAR DNA-binding protein-43 homolog, isoform A
Q9W1J5	0	Receptor expression-enhancing protein
Q9W1L2	0	Uncharacterized protein, isoform A
Q9W1T6	0	LP15943p
Q9W1W8	0	CG3831 protein
Q9W1Y3	0	Phosphatidylinositol 4-phosphate 5-kinase at 59B, isoform E
Q9W1Z4	0	Uncharacterized protein, isoform D
Q9W233	0	Uncharacterized protein, isoform F
Q9W245	0	CG4610
Q9W279	0	FI01029p
Q9W287	0	Uncharacterized protein
Q9W297	0	Ceramide glucosyltransferase
Q9W2J4	0	UDP-glucuronosyltransferase
Q9W2S8	0	CG9806
Q9W2T3	0	CG2124
Q9W2V9	0	LD40707p
Q9W302	0	CG1791, isoform A
Q9W350	0	C11.1, isoform A
Q9W381	0	Dorsal interacting protein 1, isoform A
Q9W391	0	Probable phosphorylase b kinase regulatory subunit alpha
Q9W3M9	0	Protein hold'em
Q9W3Q5	0	Checkpoint suppressor homologue, isoform A
Q9W3R6	0	Downstream of kinase
Q9W3U9	0	CG14434-PA
Q9W3W0	0	Inactive
Q9W3X0	0	Uncharacterized protein, isoform A
Q9W406	0	Uncharacterized protein, isoform A
Q9W433	0	Ca[2+]-channel protein alpha[[1]] subunit T, isoform B
Q9W438	0	GH13296p
Q9W4G6	0	CG2861, isoform A
Q9W4N6	0	CG6428
Q9W4R4	0	GEO08825p1
Q9W4T4	0	cAMP-specific 3',5'-cyclic phosphodiesterase, isoform I
Q9W4Z6	0	EG:BACH48C10.1 protein
Q9W528	0	CG4194
Q9W534	0	G-protein coupled receptor moody
Q9W596	0	Microtubule-associated protein futsch
Q9W5D4	0	Protein O-mannosyl-transferase 2
Q9XYP8	0	Gamma-tubulin complex component 3 homolog
Q9XZ01	0	Neprilysin 2, isoform A
Q9Y1I2	0	Vacuolar protein sorting-associated protein 33A
R9PY37	0	Uncharacterized protein, isoform D
R9PY70	0	Uncharacterized protein, isoform G
U3PV63	0	FI22457p1
X2J516	0	Trifunctional purine biosynthetic protein adenosine-3
X2J761	0	Uncharacterized protein
X2J7J2	0	Uncharacterized protein, isoform K
X2J8K5	0	CG7971, isoform H
X2J8L7	0	Uncharacterized protein, isoform B
X2J8N3	0	CG7742, isoform B
X2J9V9	0	Rho GTPase activating protein at 1A, isoform D
X2JAC7	0	Terribly reduced optic lobes, isoform AX
X2JAM4	0	Uncharacterized protein, isoform AE
X2JAQ5	0	Uncharacterized protein, isoform C
X2JBI1	0	Radish, isoform M
X2JC00	0	Rho GTPase activating protein at 1A, isoform E
X2JC06	0	Spinophilin, isoform T
X2JC42	0	Multiplexin, isoform T
X2JC54	0	Tay bridge, isoform D
X2JC79	0	RNA-binding protein 2, isoform D
X2JCE8	0	Terribly reduced optic lobes, isoform BA
X2JCL0	0	Multiplexin, isoform U
X2JCP6	0	Uncharacterized protein, isoform D
X2JCQ6	0	Metal response element-binding transcription Factor-1, isoform F
X2JCQ7	0	Sperm-specific dynein intermediate chain 2, isoform B
X2JCR4	0	Sperm-specific dynein intermediate chain 4
X2JCS0	0	Uncharacterized protein, isoform C
X2JCW3	0	Dpr-interacting protein beta, isoform G
X2JD55	0	Yolk protein 1, isoform B
X2JDA8	0	Suppressor of sable, isoform B
X2JDD7	0	Tiggrin, isoform B
X2JDE5	0	Uncharacterized protein, isoform D
X2JDH0	0	Radish, isoform I
X2JDR3	0	Sidekick, isoform I (Fragment)
X2JE09	0	Terribly reduced optic lobes, isoform AV
X2JE14	0	Vacuolar H[+] ATPase 36kD subunit 3, isoform C
X2JE77	0	Chascon, isoform D
X2JEC4	0	Uncharacterized protein, isoform Y
X2JEN2	0	Lethal (1) G0196, isoform P
X2JEQ0	0	Radish, isoform K
X2JF15	0	Radish, isoform L
X2JFC3	0	Ranbp16, isoform H
X2JFG6	0	Uncharacterized protein, isoform C
X2JFR5	0	Rapamycin-insensitive companion of Tor, isoform C
X2JFY7	0	Molybdenum cofactor sulfurase
X2JG79	0	Uncharacterized protein, isoform W
X2JIM3	0	Uncharacterized protein, isoform D
X2JJU0	0	Radish, isoform J
X2JL00	0	Ucp4A, isoform C
X2JL73	0	Rapamycin-insensitive companion of Tor, isoform B
X2JL88	0	Uncharacterized protein, isoform B
