xVxxxxSKSxxxxxx	151
xxxxxxPKxxxNxKx	60
VxxxDxxKxxxVxxx	55
xxxxDxNKDxxxxxx	48
xHxxPxVKxxxxxxx	42
xxxxxxxKxxxxGID	31
xxxxxRTKxxxxxxF	24
QQLVDNLKVELDKER	19
SKxKxLxKxxxxxxx	18
xxxxxxxKxxxRICx	17
xxxxxYxKxxxxFxV	16
xxxxRTxKxxWxxxx	15
SVIEAQTKLSDDLQR	15
NLKVELDKERKELAQ	15
SxxxxWIKxxxxxxx	14
xCxxxxxKxxGxRxx	14
xQxxxLxKxKxxxEx	14
MNGECIDKSSICDGN	14
SNGTCQCKDSVIGEQ	14
GEQCDTCKSKSFHLN	14
PVIVNWYKENSRLPE	14
TVSITITKKDQLSPA	14
GIYTCHGKNEAGSDE	14
DxLxGxxKxxxxxRx	13
xxExxxxKExxxxIL	12
QQLVDNLKVELEKER	12
VPIKPNTKLSASTIS	11
LxxxDxxKGxLxxxx	11
RKELAQVKSVIEAQT	11
xExExxLKRxQxxxx	10
xEQxxxxKxxxxLxD	10
LxEIxxxKxxAxxxx	10
xxVxxxxKRSxLxxx	10
xxxxxxxKxLxGHSx	10
xLxxxxxKPxxxQxE	10
xxTxxxIKxYxxxxL	9
xExxxxxKxxxSLxD	8
VWLCRDLKDEKYVAL	8
DEKYVALKVVKSAPH	8
SIIHTDIKPENILLV	8
EINSLRVKGVDFPDS	8
xxxxxxxKLKxGxxV	8
LxxxDLxKxxxxxQx	8
SAIGAQTKLSDDLEC	8
SDDLQREKESAQQLV	8
SAFEAQTKLSDDLQR	8
LRDPVYxKCMNALQQ	7
QWYxxxxKxxxxxxx	7
SSTESLSKQLIDAKI	7
xxSxxxxKPxxSxxT	7
xxxxREQKxxxxxQx	7
RxxxGxEKxxxxLxx	7
xxxxxLPKxRxxxxG	7
xxKxxRxKIxxxxxK	6
xxRxxDxKxxxxVKx	6
xxxxxxxKRIxKELx	6
xVRxxxEKxxxExxx	6
RPIQxxxKxxxxxxx	6
xLVRxIxKxxxxxxx	6
xLxxxxxKxLxxxPN	6
RGGGCIPKSQVCDGK	6
KSQVCDGKPQCHDRS	6
EPPPLPPKKQFSDLV	6
GxxxxVKKIxxxxxx	5
EYPKPNVKMITTVKR	5
DGTIVKNKRYETEQL	5
ExxxxTxKxExxTxx	5
GDYVDRGKxSxETxx	5
IEGRLQLKLGYDQNT	5
QLSLCHQKGCLEVEV	5
xxxxxxxKxQLIxxR	5
LGNGFTSKLPPGYLT	5
ELQQRQSKAIAITSM	5
GNxxLxxKxxExxxx	5
xxEAExLKxxxxxxR	5
PTExxVxKxxxQxxx	5
ETKEKDFKRAKTVRT	5
VMSWASEKRNFIDQT	5
xPxxxxKKxxRxxRx	5
LxLKxPxKxxxxxxx	5
ExxKYFxKxxxxxxx	5
xxGVIxxKxxxxxxD	5
EGGExTYKKIQxxQI	4
MHxKYDLKGSxFxRK	4
AxKAERxKxSPTxKD	4
xKxSPTxKDLDFxEx	4
xxxPxxAKAxAxxVG	4
RxxFxNLKKxxAYxL	4
xWxPxxxKxxxxxxP	4
xLxKxxxKRxGxxxS	4
ExAxGTxKxxxxxxx	4
TKQPLPLKEPQSKVP	4
VxAIxDxKIFCCHGG	4
VLDEPNGKNDGCVSG	4
TPTSPLAKSSPDRSR	4
RxxxxPxKxxxxxWx	4
VIxTxxxKxxxxxEx	4
xAxxxxxKFxxxExD	4
NGIIKRNKFITSLEV	4
EAFKRKQKVVQLENT	4
SKEQSNAKEMAQRLD	4
ESLLKAQKELDLRAK	4
KLKSSDEKIAQIKET	4
DEKIAQIKETYEEQI	4
NCVLMSTKLEELQAK	4
QQLVDSQKLELDMNR	4
VELEKERKELAQVKS	4
VELDKERKELAKVKS	4
SDDLECQKESVQQLV	4
KERKELAKVNSAFEA	4
TKLSDDLKLQKEDAQ	4
TAYEQINKLENRCQE	4
QLQVETFKVECLHHQ	4
LVEDLNRKLAEKVSK	4
LNRKLAEKVSKLDFV	4
KRCEKKIKDQRLEME	4
xxxxSTxKxxMKxxx	4
QLFANKPKVHPVNPA	3
HTQERPYKCPEDDCG	3
CPEDDCGKAFTASHH	3
FTASHHLKTHRRTHT	3
RRTHTGEKPYPCQED	3
CQEDSCQKSFSTSHS	3
FSTSHSLKSHKKTHQ	3
SHSLKSHKKTHQRQL	3
HSLKSHKKTHQRQLQ	3
HQRQLQNKGRKKRPL	3
QEEEEFIKEDQPEMT	3
AGYRMYRKxQxTGFP	3
NNKAAVLKYENNVMN	3
xxxxxQHKSSSSSEx	3
xxQRTETKSKDGGAT	3
FDYTTLTKQTRRHNF	3
PPQPQSGKNGTQGAS	3
EYIKDRSKSPLPEVA	3
VNDKDTSKKNFLAAV	3
DRVQDFSKMNPQELL	3
INSFNSLKQMRTEQA	3
HANREKEKSDLVKKQ	3
KEKSDLVKKQKRLEx	3
KTQVKNAKTQSDKLK	3
TESSIRAKNQLITVD	3
KRRKLDQKIAHFNSL	3
NSLHKDLKKIFDADA	3
QARLECMKSVNSEAI	3
QESVNQAKSIESGMS	3
QYLFVTPKLLRDLNY	3
xxLxxHLKxxHxxxx	3
NALKRQAKSQDQTLS	3
LLLMLLGKGGFSEVH	3
GGFSEVHKAFDLKEQ	3
VHKAFDLKEQRYVAC	3
EQRYVACKVHQLNKD	3
CKVHQLNKDWKEDKK	3
NKDWKEDKKANYIKH	3
KDWKEDKKANYIKHA	3
DKKANYIKHALREYN	3
LREYNIHKALDHPRV	3
LDHPRVVKLYDVFEI	3
HDLDFYLKQHKTIPE	3
DFYLKQHKTIPEREA	3
PVIHYDLKPGNILLT	3
GNVCGEIKITDFGLS	3
ITDFGLSKVMDDENY	3
LEENTILKATEVQFS	3
TEVQFSNKPTVSNEA	3
PTVSNEAKSFIRGCL	3
YIQPPIPKHGRGSLN	3
xxRPVxxKLPxNxPL	3
PGAFGCGKTVISQAL	3
YERAGxVKCLGxPxR	3
xxLRxKxKxxLQEEx	3
EIVQLVGKxSLxExD	3
LEVAKxLKDDFLQQN	3
GCDPARCKAYGPGLE	3
xxxMAAIKxxxxxxx	3
xAxxxxxKxxExRPx	3
ALEAQHVKTPLPLDY	3
QQRSALNKMSSQNLA	3
xxxVxVxKxIxHxxx	3
LSDEAAIKDQRRRSC	3
SLQRRSAKPLETIDE	3
ETIDEKVKVYPQSMG	3
SDDQVATKQRAERLR	3
RLRMRTPKREKSRHE	3
SSHRDREKERDRERS	3
xxxxxELKxWIxxxx	3
LRLLRIFKVTKYWSS	3
DSRTGVKKMAIGHHI	3
TEPExxRKLFIGGLD	3
RTTDxxLKAHFEKWG	3
xLKAHFEKWGNIVDV	3
IVDVVVMKDPxTKRS	3
VMKDPxTKRSRGFGF	3
AQxxRPHKIDGRxVE	3
DGRxVEPKRAVPRQx	3
PNAGATVKKLFVGxL	3
NAGATVKKLFVGxLx	3
xxNIVxDKxTGKKRG	3
VxDKxTGKKRGFAFx	3
xDKxTGKKRGFAFxE	3
DDYDPVDKxxLQKxH	3
VDKxxLQKxHxxxxK	3
xxKxxDVKKAxxKQx	3
xKxxDVKKAxxKQxx	3
xxxGxGYKGxxxxxx	3
xxPxDxxKTRxQIQG	3
xVFxxxxKxxxxxLR	3
GYLELKYKRRVYKML	2
KYKRRVYKMLTLDER	2
DCFFKNAKKVTFHEM	2
KPGGGDKKIETLKMD	2
KKQEKQEKQEDQESA	2
SIASERFKEQEASIL	2
xxIHRDVKPSNILxx	2
xxxxxxxKILSKKRL	2
xxxKILSKKRLLRQA	2
LMRRGPRKATSPLDR	2
YREIAVLKKLDHPNV	2
REIAVLKKLDHPNVV	2
LDHPNVVKLVEVLDD	2
YMVFELVKQGEVLRI	2
KIIHADIKPGNLLLT	2
LTEFGHVKIADLGVC	2
ILIKTMLKKHSFGNP	2
xDxxGYxKxTDFGFx	2
xTDFGFxKxVxxRTx	2
xxKKEVTKKEVTTKQ	2
PALSEFKKRPSLPNA	2
FPLAQRRKRRVLFTQ	2
xxxENExKxLCxxxx	2
VNEIGxFKCECEAGY	2
KTxKxxxKQxxxxxx	2
AAASLDAKSQPKRLH	2
IFNERGSKGFGFVTF	2
GTVVEGRKIEVNNAT	2
ALGLNKLKLPDNICD	2
HSEIMALKERVNRGE	2
MDCEDLNKMTSSNLA	2
VxxKFLQKxxFDLxC	2
DGYEFFAKRQLxTxF	2
EDLGQVIKGYLQDWK	2
PLGSYLLKPVQRILK	2
KPVQRILKYHLLLDS	2
LLLDSLRKHCDVKEV	2
AHNIDQVKRKQEQQS	2
xxKxxxxKxAxExAI	2
xWSLKDTKPLYSFED	2
NTHLSEIKMNQSDEV	2
ARHLDPSKQMPIYLA	2
QMPSGMEKEEESEHH	2
HPLILTVKTESRPGA	2
GNGNSSRKEKRPYKK	2
KHKLPRDKQQHQQQQ	2
KLRQNALKKEDADLQ	2
LRQNALKKEDADLQL	2
NLHIRELKRILNEDQ	2
xLxIDxxKxExxFxx	2
LYHILSGKEFAVSSV	2
KSSRVSKKSQIGLGD	2
xxxxFALKxxKKxxI	2
xFALKxxKKxxIVxT	2
FALKxxKKxxIVxTx	2
xIIYRDLKPENLxLx	2
LxERGYVKxVDFGFA	2
xVDFGFAKxxxTxxK	2
KxxxTxxKTWTFCGT	2
xTYNxILKGIDxIxF	2
GGIxxIxKHKWFxGF	2
QWLIRLRKNKVDRAW	2
VLASLTNKNTSSSNS	2
TAAPFVTKLDRPIAY	2
xxxxQYKKAIHATLT	2
NAIETVKKCSANNPQ	2
QPLRQAQKIIQMFLN	2
VIACAKYKALGRDRI	2
LKWFIPLKDVSIYEE	2
PANISQVKRNLRSVR	2
HEKETDNKMSLHNLA	2
QFRCGNGKCIPRRWV	2
MGQPSKTKFVPHxxx	2
APHPDQPKLSGEEPN	2
FTNEISLKKHHQLAH	2
TNEISLKKHHQLAHG	2
ITVHLLSKPHTCDEC	2
HTCDECGKQFGTESA	2
FGTESALKTHIKFHG	2
xxxxAHMKTHLPLGV	2
FFARPKQKRLICPDC	2
QNGIDCPKCKFRYSL	2
GIDCPKCKFRYSLAR	2
RCPIPLQKETPQGLV	2
xxxxxxGKAxxxRxG	2
QGKTDLAKDEFGRVA	2
DHVSKTDKKKRKKRA	2
SSASPERKKKKKSKK	2
ASPERKKKKKSKKHK	2
PERKKKKKSKKHKKE	2
DEYELIQKIGSGTYG	2
GTYGDVYKAKRIQSN	2
YGDVYKAKRIQSNEL	2
SNELAAIKVIKLEPS	2
LAAIKVIKLEPSDDI	2
GSYLRRDKLWICMEF	2
EYLHSMGKMHRDIKG	2
GKMHRDIKGANILLT	2
LTEYGDVKLADFGVS	2
QITATINKRKSFIGT	2
TATINKRKSFIGTPY	2
EVAAVERKGGYNQLC	2
RALFLMSKSGFKPPT	2
LMSKSGFKPPTLNNK	2
KPPTLNNKDKWSPTF	2
PTLNNKDKWSPTFHN	2
PTFHNFIKTALTKNP	2
FIKTALTKNPKKRPT	2
ALTKNPKKRPTAERL	2
EMSLRVAKELLQKYQ	2
VAKELLQKYQSPNPQ	2
VPQRIASKMTSRTNG	2
xKxxxxVKxxxxQSx	2
WLLHSWCKENSVILA	2
VTYLGDIKSRELIQQ	2
EWQFESSKRLKFNCI	2
VDEAHRLKNDDSLLY	2
QHGNAEDKGYTRLHQ	2
PYILRRVKKDVEKSL	2
YILRRVKKDVEKSLP	2
VEKSLPAKVEQILRV	2
YYKWILTKNFDALRK	2
KNFDALRKGKRGSTS	2
LNIVIELKKCCNHAA	2
NIVIELKKCCNHAAL	2
TLLKGSGKLVLLDKL	2
GKLVLLDKLLCRLKE	2
DKLLCRLKETGHRVL	2
VLADYLQKRHFPFQR	2
QRLDGSIKGEMRRQA	2
RAHRIGQKNQVNIYR	2
EQIVERAKQKMVLDH	2
IVERAKQKMVLDHLV	2
SNSNPFNKDDLSAIL	2
DDLSAILKFGAEELF	2
FGAEELFKDEQEHDD	2
DDLLSAFKVASIAAF	2
AGEEDDSKDWDDIIP	2
GRPTMKEKITGFTDA	2
PTLKLTDKILLNDTR	2
ILLNDTRKPQAKQLQ	2
KSKARSKKTSASDNN	2
LGACISVKDAAARNV	2
LGACINLKNNNNESP	2
xxDxxxxKLxPDxxL	2
RQQQEEAKARKEIEA	2
RTTRPRPKTIHVDDA	2
EVSKLVDKLNLDSKS	2
LSLDIQQKNPNSPLH	2
NSPLHSVKTFEALHL	2
TFEALHLKASLLKGI	2
HLKASLLKGIYAMGF	2
MGFNTPSKIQETALP	2
QSQSGTGKTAAFVLA	2
GQFCREIKLRFAVRG	2
GEEVDRSKKIEEHIL	2
EEVDRSKKIEEHILI	2
KFRLFDMKKISVFVL	2
FRLFDMKKISVFVLD	2
DQCIRIHKMLNPHCQ	2
FFSATYGKEVMDFAR	2
QPIPEHPKRDYIFCL	2
RQLTDAEKLRKVVME	2
xFxxxxTKxxxFxxS	2
xxxxRxSKxAWxxxx	2
PGxVxxxKxxTxxxx	2
LEERRPIKLERQSPL	2
xGKTxLAKAVAxxTx	2
FxxxxxxKVIMATNR	2
LFDRIVEKGSYTEKD	2
EKGSYTEKDASHLIR	2
YSPDDDSKIMISDFG	2
ISDFGLSKMEDSGIM	2
NLFAQILKGDFEFDS	2
DEISESAKHFIKNLM	2
LMCVTVEKRYTCKQA	2
VEKRYTCKQALGHAW	2
xDFVxxxKxxxExxx	2
ISVEAPRKNRPKLSS	2
APRKNRPKLSSPTRH	2
QQCQICCKIFGNASA	2
GNASALAKHKLTHSD	2
ASALAKHKLTHSDER	2
YICALCSKAFKRQDH	2
HMMTHRNKKPYECKA	2
MMTHRNKKPYECKAD	2
NKKPYECKADGCGKS	2
CKADGCGKSYCDARS	2
LIDYAATKDMSPVEC	2
VRDPQTLKSKGYGFV	2
DPQTLKSKGYGFVSF	2
RTNWATRKPPAxKxx	2
IQEIRVFKDKGYAFV	2
EIRVFKDKGYAFVRF	2
EINxQPVKCxWGKES	2
LxxxGxxKxGxWxxx	2
FTFKQECKIKYSERV	2
IRRLDRFKEPPAFGP	2
ILIQGGTKDVPVGQL	2
xxxxxxCKGDSGGPx	2
xxSPxITKDGxTVAx	2
LESLQQDKQTLEESV	2
NSQIEELKMELRANR	2
EDxAQANKLSRKxKE	2
EGEPGTCKDRxIxRH	2
RxxNxGTKLxxxSGx	2
RVKERRHKLSMPADS	1
GLIHRDLKPSNIFFS	1
xxQIxRVKxxxxxPx	1
AMGYVAIKIVKSAPH	1
RDEIKILKTVRETDP	1
DYLHTCCKIIHTDIK	1
KIIHTDIKPENVLLC	1
YLNLHIKKSTILESE	1
xxxxxLEKxxxLGxG	1
SVPLLYEKIKQDSVK	1
PLLYEKIKQDSVKFP	1
VKFPENHKVTENLKS	1
HKVTENLKSCIVQML	1
RITIPQLKTSKWVTS	1
xxxYYAxKxxSKxxx	1
YAxKxxSKxxxVxxK	1
KxxxVxxKQVxHVxx	1
xLxYRDLKPENIxxD	1
DVxxMYxKICxxDYK	1
LxQVDxSKRxxxxxx	1
ATVIPRFKNYSVDDF	1
DSTLIERKVLALGTK	1
xVLALGxKxPxLxxL	1
AEIISGLKFLHKKGI	1
SGLKFLHKKGIIYRD	1
GLxFLHxKGIxYRDL	1
GIIYRDLKLDNVLLD	1
KxxIxxDKTxxxFCG	1
YxAPEIxKxxxYxxx	1
ILKGLLEKDYTKRIG	1
xDWxxLEKRxIxPPF	1
xxxxGxxKxxPxxFE	1
xxCxxCxKxFxxKxA	1
YDDPKTGKPNFDALR	1
ACCEFLQKNNLLSIV	1
SILHRRLKQDGCRVV	1
FAMVRDRKPDVSPNF	1
HKSEQRLKRHATKQN	1
YELERRFKQQRYLSA	1
IGQSLEAKCDEKQFQ	1
DHSDEQIKECKFIEA	1
DEHTANCKNVTCRAD	1
ATEEHIGKYKLIKTI	1
EEHIGKYKLIKTIGK	1
IGKYKLIKTIGKGNF	1
KLIKTIGKGNFAKVK	1
IGKGNFAKVKLAKHL	1
KGNFAKVKLAKHLPT	1
FAKVKLAKHLPTGKE	1
AKHLPTGKEVAIKII	1
TGKEVAIKIIDKTQL	1
VAIKIIDKTQLNPGS	1
LNPGSLQKLFREVRI	1
FREVRIMKMLDHPNI	1
LDHPNIVKLFQVIET	1
LVLHGRMKEKEARVK	1
LHGRMKEKEARVKFR	1
KEKEARVKFRQIVSA	1
AVQYCHQKRIIHRDL	1
RIIHRDLKAENLLLD	1
LDSELNIKIADFGFS	1
NEFTPGSKLDTFCGS	1
PELFQGKKYDGPEVD	1
RERVLRGKYRIPFYM	1
DCENLLRKFLVLNPA	1
FLVLNPAKRASLETI	1
GFEEDELKPYIEPKA	1
KADLADPKRIxxxEA	1
TYLLLGRKSTDPESD	1
GRMSFFSKLSSRFSK	1
SRIAFDLKxxxxxxx	1
DFxxAVxKVxxxxxx	1
FGGDRASKQLPTEPP	1
ERPRLQLKPRTIAAP	1
QxxExVQKxxxxxDx	1
xxxxxMEKRIELERR	1
PKLPNLKKLELSDNR	1
YLNLSGNKIKDLETL	1
NLSGNKIKDLETLKP	1
LKPLEEFKNLVVLDL	1
YQLNAEPKVKKKAFV	1
HLPxGDPKLASGDFT	1
YVGxIVCKLxxxxxx	1
GxDAxxLKLxxxxxx	1
xxDWGNRKLFYTKDS	1
PSKLWEGKNKVIYVS	1
xTSxExMKxxLxxVI	1
DVSRFLNKPINDQQM	1
RGxVxxxKDELxxxx	1
xSFxNxxKWxxxxxx	1
NANGKDIKKAYYQLA	1
AYYQLAKKYHPDTNK	1
EDPDAGRKFQEVSEA	1
QGTRQHIKYPCSECE	1
KxIKIIxKxxxxxxx	1
MQDLLREKQQHVEKL	1
TPQYSVSKNGANGYG	1
AGSNTPQKQKHPNNV	1
SNTPQKQKHPNNVPY	1
PLVHTNNKPPYSFSS	1
KTAPNGWKNSVRHNL	1
RHNLSxNKSFVKVEK	1
SxNKSFVKVEKAPNM	1
KSFVKVEKAPNMGKG	1
EKAPNMGKGSLWRVE	1
FPNSAVDKISPSLKS	1
xLxGHxAKxxxxxWx	1
WDxxTTNKxHAxxxx	1
QISAVKPKATPSSEE	1
GHLTCNGKRDCADGS	1
LPExxVxKxxxGxVx	1
LVNLAELKKTSNRQR	1
VNLAELKKTSNRQRL	1
AEDVDVPKPDEKSIM	1
KKIQENRKYDDDAKQ	1
KAFEDSMKNMGDWLN	1
xNTxFDAKRLIGRxx	1
AExYLGxKVxxAVVT	1
xxxLTRxKxExLxxD	1
NTxIPTKKSQVFSTA	1
RLNExAQKFLADLDx	1
xAxxxWxKxxxxxRR	1
AxLSGGQKARISLAR	1
LRYxPxxKxxxVLKS	1
xxxYxDxKLWxxLEE	1
IRNIAELKARQEEER	1
ELEAAFAKSHYPDIY	1
AKYRKQEKQLQKALA	1
GAILVANKTDLQRHR	1
VTRQMGRKVAKEIAC	1
xxxxLDxKxTxFGxx	1
GVGLVTRKMGNSLSP	1
TLDGRNVKSIITLDG	1
NKLTQEQKGDKPTTI	1
GSGRSADKERSRSRD	1
DVLEIPEKIETSATK	1
xLKxxIxKGIxxxxx	1
xNxLRExKxLxxxxx	1
xxPTPxQKxxIPxIx	1
CAQTGSGKTAAFLxP	1
QIFxEAxKFAxxSxx	1
TxxFVETKxGADxLx	1
GLDIxxxKHVINxDx	1
TSFFxxEKxRxIxxD	1
TCQQFAMKIVKKNML	1
QNANAAKKNSSRRNA	1
SNSSAGWKNSIRHNL	1
VQNEGTGKSSWWMLN	1
WMLNPEAKPGKSVRR	1
NPEAKPGKSVRRRAA	1
METSRYEKRRGRAKK	1
ESLEQYVKGELLEGA	1
DKKVVTVKRVCVKKL	1
VKRVCVKKLPPVLAI	1
YERVCAIKFNDYFEF	1
QTNVETTKYELTGIV	1
YFSYILSKNPANGKC	1
SKNPANGKCQWYKFD	1
NGKCQWYKFDDGEVT	1
MHEDEEMKAECFGGE	1
DRFRGIDKIKTVGST	1
PVSETDMKLKIIMEQ	1
SETDMKLKIIMEQTG	1
GxxGxVxKMxHxxxx	1
MDLDVVLKSHDCKYI	1
xxxxGxIKxCDFGIS	1
SGRLVDSKANTRSAG	1
TDFEVLTKVLDSEPP	1
QFRDFVIKCLTKNHQ	1
PNWFQSIKDNRLRAN	1
SRFNSLTKQMSSSES	1
KSSPSKNKKEPPDEE	1
EEPEESEKANEKTSG	1
QDEKVKVKSPKSEEM	1
KETSSNPKEDSHESE	1
DQTKPATKSQSTSAE	1
QSTSAEVKTQKSMKS	1
SAEVKTQKSMKSFDD	1
QPEESQHKGKNQRRA	1
EESQHKGKNQRRASE	1
TKQTSGKKEKSEDIK	1
QASKTMRKWQPASGG	1
AEGLVPEKQQPLASS	1
INGQPRIKLSQDVEK	1
KLSQDVEKVTMPGNK	1
KVTMPGNKNAYRLYS	1
xxxxxDPKMSGLPTA	1
TPKLAPDKPLLPEEC	1
KRSDLHIKVLNRLER	1
ASIMGHRKTDSIHSN	1
RxCFxCxKCxxPITx	1
MGSSSSGKKHKKDKK	1
NIKQYYVKCKNEEGK	1
KCKNEEGKYNAIQNI	1
PxTGLxSKWxYxxxK	1
AEEALNQKLRRDLRK	1
RKYKALLKDAQTQLE	1
EVQVNRHKEALEKLQ	1
RHKEALEKLQNEVTQ	1
QNEVTQSKMREMQAQ	1
DVIKKSQKSLRDMRE	1
RRKDLEKKVEQMESE	1
EVTVQPEKLICMCKY	1
LHSLYPEKFQLGQQD	1
KNDVYQWKELNIEEP	1
GIRLLALKPELHLPR	1
ASLVNVSKLYGSKCA	1
KVEEERPKLNLKPRT	1
ERPKLNLKPRTLPLP	1
LAELQVDKNDNESLS	1
xxxxxxVKxNNGxxx	1
RALPNLKKLDNVEVT	1
DRYWSITKAVDYLKS	1
DINTQTTKLEAYLRN	1
KERIPQPKNTVAMLN	1
LGQGRSKKVARIEAA	1
EREIVYLKEEVKSLR	1
EEGELSLKSCLVRMT	1
KRWADAVKLRGRSFE	1
MGTKMAAKCVDWLAA	1
KCINAVAKYDNKKEL	1
AVAKYDNKKELILTT	1
ExxFxTxKLWxxxHx	1
xHxPxGYKxxxDxxx	1
AAGQPANKKIRRPMN	1
NAFMIFSKKHRKMVH	1
AFMIFSKKHRKMVHK	1
GEWWYALKPEQKAQY	1
HELASSVKDAHFKLH	1
FKLHPEWKWCSKDRR	1
PEWKWCSKDRRKSST	1
WCSKDRRKSSTSTAT	1
STATPGGKASGAAGT	1
SKSSSMVKNSSGSID	1
VKMNNHRKKLRQRFD	1
KMNNHRKKLRQRFDI	1
RQRFDIIKKLGQGTY	1
QRFDIIKKLGQGTYG	1
LGQGTYGKVQLGINK	1
KVQLGINKETGQEVA	1
TGQEVAIKTIKKCKI	1
EVAIKTIKKCKIEAE	1
VAIKTIKKCKIEAEA	1
IKTIKKCKIEAEADL	1
EVFENREKMVLVMEF	1
YDYLSERKVLTEEEA	1
TAVYYCHKHKICHRD	1
VYYCHKHKICHRDLK	1
KICHRDLKLENILLD	1
ENILLDEKGNAKIAD	1
LDEKGNAKIADFGLS	1
PFDGSNFKRLVKQIS	1
SNFKRLVKQISQGDY	1
MLTVCPRKRASIEQI	1
AEGAAAAKAAANERV	1
SPVQTKRKLQPTVST	1
TTAKKKEKPANSSFV	1
VESESLQKIHSSPEG	1
xxDxExLKPxxxVxL	1
xTHxxxxKxxGIxPP	1
VGSExVQKYxGEGxR	1
RDxFxLAKxxxPxII	1
EIDAIxTKRFDxxxG	1
EVRLAESKDSPGEHF	1
PGEHFAVKIIDKKAL	1
FAVKIIDKKALKGKE	1
IIDKKALKGKEESLE	1
DKKALKGKEESLENE	1
LLETYEDKSKVYLVM	1
NFPKDVLKSLYQAIK	1
LATAVEYKKGYVMRK	1
DYLLQQLKDAQNENV	1
SSEKDKDKEKDKKEK	1
KEKDKKEKKEPEPTS	1
xxxxxxxKxxLLKVx	1
ExRxLxKKxxxVExE	1
RLGSATAKLSEASQA	1
DESERARKILENRAL	1
FAERSVQKLQKEVDR	1
PEDSRRKKKGKKRKT	1
LQSLTTYKAFMHHVR	1
HVRPILQKENPKIAA	1
ILQKENPKIAAPKLV	1
NPKIAAPKLVMLVAA	1
SGKVPTLKIKLLGKR	1
KVPTLKIKLLGKRKR	1
LKIKLLGKRKRDSSD	1
SCPPLTGKAEKIITW	1
PLTGKAEKIITWRWA	1
YKRIQRHKDKVGMKA	1
HKDKVGMKANDDAEV	1
RFYKNGVKPEWLIVQ	1
GSTMYLVKWRELPYD	1
SKKGRKSKLKVEDDE	1
KGRKSKLKVEDDEDR	1
DDEDRPVKHYTPPPE	1
EKPTTDLKKKYEDQP	1
PTTDLKKKYEDQPAF	1
CITYIGDKDSRAVIR	1
EGAIRGSKVSRLRTT	1
RLRTTQYKFNVLLTS	1
VDEAHRLKSNQSKFF	1
RLKSNQSKFFRILNS	1
VSKEEQVKRLHEMLG	1
PHMLRRLKTDVLKNM	1
VLKNMPSKSEFIVRV	1
ELSAMQKKFYKFILT	1
FYKFILTKNYEALNS	1
NYEALNSKSGGGSCS	1
INIMMDLKKCCNHPY	1
NIMMDLKKCCNHPYL	1
YEINSLTKAAGKLVL	1
SLTKAAGKLVLLSKM	1
GKLVLLSKMLKQLKA	1
SKMLKQLKAQNHRVL	1
FLEGEQYKYERIDGG	1
HRIGQANKVMIYRFV	1
ERVTQVAKRKMMLTH	1
VTQVAKRKMMLTHLV	1
VRPGMGGKGANFTKQ	1
GKGANFTKQELDDIL	1
FGTEDLFKEDDKEEA	1
EAIHYDDKAVAELLD	1
NEYLSSFKVASYATK	1
KVASYATKEEEEEEE	1
EEETEIIKQDAENSD	1
SDPAYWVKLLRHHYE	1
GKGKRVRKQVNYTDG	1
LVRDLRGKSERNFKA	1
ASEKGEDKDKDSEKE	1
DKDKDSEKEKDKTSA	1
SAEKSEVKQEQEAEE	1
EEAAGDTKPSDAEVK	1
KPSDAEVKTEVAKTE	1
TEEKEKEKVDDKKPI	1
EKEKVDDKKPIPPTT	1
EDSLEVLKRKFMFNI	1
AIINEPFKMDVGKGN	1
KGNFLEIKNKFLARR	1
ESHQHLSKESLAGNK	1
KESLAGNKPANAVLH	1
EELLSDMKSDVSRLP	1
TGRTFSGKQCVPSVP	1
HRLKLYTKVPPNGLV	1
TEEGKEKKVNIDFEP	1
KFTVDLPKKHGRGGQ	1
LAGSADFKTELSQSD	1
GFVSFIKKSEAESAI	1
PVKCSWGKESGDPNN	1
VxxMxxEKxPxxTYx	1
DxQIxEIKExxELPx	1
xYFCVFPKxNKRxSx	1
CVFPKxNKRxSxDNL	1
NLENSTAKTKRxExx	1
ENSTAKTKRxExxLR	1
xVxxAxIKKDTxSGx	1
VxxAxIKKDTxSGxS	1
DTxSGxSKGFGFVRF	1
DGRWCEVKVPxSxGM	1
MGxQxPxKVFVGRCT	1
CGExHIIKGVSVHVS	1
HVSxAxxKxxQNxNQ	1
GEKRELDKDPVVGGG	1
TTTKEPLKEDKAQEA	1
SKAAAAAKKEKEKDK	1
xxMVTRTKKIFVGGL	1
xMVTRTKKIFVGGLS	1
DAMLMFDKQTNRHRG	1
QSEDVVDKVCEIHFH	1
HFHEINNKMVECKKA	1
NNKMVECKKAQPKEV	1
NKMVECKKAQPKEVM	1
ECKKAQPKEVMLPAN	1
MLPANLAKTRAAGRS	1
RxDExEAKxARxAQx	1
RxxxxPxKGxxCDLx	1
NGASSPSKVPNNKHI	1
PSKVPNNKHIIPADS	1
ADSISVNKQLGTGEF	1
ERIQVAIKCLCRERM	1
SNPMEFLKEAAIMHS	1
GMRYLEQKRLIHRDL	1
VFSKDKVKISDFGLS	1
TNFNVNLKLPIAWCA	1
LGPxGxDKxxxxxxx	1
VQPLDLxKTRMQISx	1
xxxxxxGKExxxIxA	1
EETVVRDKAVESLRT	1
PRVTQPVKAELRANF	1
VRRAAANKLGEFAKV	1
NKLGEFAKVVETEYL	1
VVETEYLKSDLIPNF	1
PAFQYLLKDAEAEVR	1
AAVATKVKDFCANLD	1
GQEFFDQKLRGLCMG	1
CGTDITTKLLLPTVL	1
NVRFNVAKTLQKISP	1
NVAKTLQKISPFLEA	1
SVIDAQVKPTLDKLN	1
TDTDVDVKHFAAQAI	1
VIEDESAKQDLGQEK	1
KQDLGQEKLSISSKL	1
EKLSISSKLLGARKR	1
SKLLGARKRRGVRHT	1
ICHRGFYKPSLLEAH	1
YTCVHCAKSYARANL	1
YACPSCNKVYTANRS	1
YTANRSLKYHMRRTH	1
HICEECGKCFARKAH	1
CGKCFARKAHLTRHK	1
KAHLTRHKMVHGSVE	1
CDRRFYTKENMVDHL	1
MVDHLLRKHGNKNLL	1
LLRKHGNKNLLLRCR	1
NLLLRCRKCGRIFQN	1
ELNAHGRKHKAMDVV	1
IEVLTNSKNQLEYLL	1
PEPAKAPKxPKSKSE	1
ASPVKGGKGPAGGDV	1
GSDxTGVKSIDKREG	1
AHNWGSPKQDIEDLK	1
ALRDQRAKPNYNLRK	1
ADNAEWKKMIVLSKK	1
MIVLSKKKESNSEDE	1
xRLLRVxKLAxSxxx	1
RRMFNDRKHHKRSKR	1
EMASDxMKxxRxKxV	1
IYPDDENKPPIGQGL	1
DQVWPLDKTKHEAIK	1
KLRRVCDKNDTRFIE	1
PALSVNLKRPPSEDV	1
QLSGLRDKQQPVRAP	1
SFDASTFKAxxxxxx	1
PCSRESIKRQNGLGN	1
TILGEEVKVKKERES	1
LGEEVKVKKERESxx	1
GTQIRSCKDEVFLNL	1
RLKNIVEKLAVIAEH	1
IGPRKKLKLDGETVS	1
xxxxMxxKDRLPIFP	1
RxxxxxMKxRxxxAx	1
GxGLLKxKxDAxxMx	1
LGKIIETKTLMGxVM	1
AFSLAExKFTxGDIN	1
xVLQNVTKAQIKIRT	1
QIKIRTKKDNVAGVT	1
RGGQQLAKLKKNYQS	1
SSKRRCCKCKCRDAI	1
ENQLSLKKGEQVRIL	1
VRILSYNKSGEWCEA	1
YPAPKQNKPTVFPLS	1
TDIMMKHKLGGGQYG	1
EVYEAVWKRYGNTVA	1
YGNTVAVKTLKEDTM	1
TVAVKTLKEDTMALK	1
KEDTMALKDFLEEAA	1
LEEAAIMKEMKHPNL	1
AAIMKEMKHPNLVQL	1
VGDNKLVKVADFGLA	1
YTAHAGAKFPIKWTA	1
AGAKFPIKWTAPEGL	1
DLTDVYHKLDKGYRM	1
DVYHKLDKGYRMERP	1
ATDRPTFKSIHHALE	1
SITEAVEKQLNANAT	1
SLTPQMVKKGLPGGQ	1
EVTPNAKKIEQHRLK	1
xLxExxGKxxxxVxK	1
TLNAYLIKNQTTACD	1
NDWRQERKLNTETFG	1
MIAVLDQKNYIEELN	1
SSSLHNVKRQLSTLN	1
LHGNTVYKNASVGQP	1
PTGALVPKAETGVLN	1
GLSGNSLKLSPELMA	1
ATANASRKIVEFESQ	1
PWDKKILKENLDFEL	1
PKTPVSGKDTCTTPK	1
DLPKAMIKPNVLTHV	1
TRQRYADKDVSDEPP	1
GKMEHKAKLKRKRYC	1
LVNAMGMKLGPALKI	1
MKLGPALKIVAKVES	1
xxQVxAVKAPxFGDx	1
CxxxFxxKQxLKxHx	1
AELLNESKREAEQYQ	1
HDFGATEKLTFKWMF	1
ATEKLTFKWMFPVND	1
QTQTPAVKKEWITEL	1
GGYKCISKNSIGDTE	1
VIAQMKRKWRMMCFS	1
xMPKCDVKTRYIPAT	1
RKLKQNAKGLVESAE	1
GGADRKVKLWDIGKN	1
KYVQEPIKVVTGSHD	1
GSHDRTLKIWDLRSI	1
FWDIRTEKQADDVLM	1
DDVLMPAKITSLDLS	1
SVRDDTIKLLDLRKN	1
IKLLDLRKNQVISTF	1
NMLASVGKNKRCTIY	1
LASVGKNKRCTIYSE	1
RKxxxxxKELxxxxE	1
xQYxxxVKPxxxxxx	1
EISETRIKEALEYES	1
GRRSNWFKIHCLLQE	1
xxxFxxxKRHFRxxH	1
xCCxxRYKKRxLYVD	1
CCxxRYKKRxLYVDH	1
xxxVLxNKxDxxGxx	1
GMHPGQLKDGVTSPA	1
xxxIKxWKSxxxxxx	1
EIETQQLKDAFTPFG	1
YGFVSFVKKSEAETA	1
TRKPPAxKxxxNxKP	1
LNEEILQKTFSPYGT	1
VxxHxxxKxxxxxGM	1
FYIQRLAKVKERDLP	1
AMCKKINKQQKPKEV	1
PIVFIESKTHEAEEG	1
LLLAYKxKYPxNFFL	1
KPSEKKAKYLYSGMN	1
VKDHSNMKNIAFMGT	1
NDGVALKKADIGIAM	1
MYSIPLNKLYIRMNK	1
KLYIRMNKAFNVDVQ	1
FNVDVQFKSKMPIQP	1
MGIGGLDKEFNxIFR	1
LVEQLGxKHVKGILL	1
QLGxKHVKGILLYGP	1
YGPPGTGKTLMARQI	1
MLNAREPKIVNGPQI	1
NGPQILDKYVGESEA	1
DEIDAICKxRGSVAG	1
QILNIHTKRMRxFNK	1
xEIAAxTKNFSGAEL	1
HxLxxDIKPAFGxAQ	1
xGAPNSGKxALAAxL	1
KQPPKGRKLLILCTS	1
KQGNFQIKPSSKIAE	1
FQIKPSSKIAELDTS	1
SQWPLLLKNFDKLNI	1
LLLKNFDKLNIRSNH	1
DRATRLVKSQQSAGK	1
KSQQSAGKEYVAIFK	1
PPLISAVKRQLRVRT	1
VYPxDLVKTRxQNQx	1
FPTYAHTKAMMADKD	1
GLADPYCKLNIITPE	1
TATHLNWKEALKVVR	1
RAKWRKQKREEQERL	1
EEQERLRKLQEEQCG	1
SALDNERKKTEELQC	1
NAQSQVYKEKIHDLE	1
EKMTIQQKEVESRIA	1
LLKEENEKQAQEAQA	1
SSELQNLKATSDSLE	1
LESERVNKTDECEIL	1
QKEGTEEKSTLLEKT	1
AAKTLNDKEQLEKQI	1
NDKEQLEKQISDLKQ	1
INQIQLEKESIEQQL	1
NELEDFQKKQSESEV	1
VESGESLKKLQQQLE	1
QKTLGHEKLQAALEE	1
QAALEELKKEKETII	1
KEKETIIKEKEQELQ	1
KETIIKEKEQELQQL	1
EGSKTVAKLHDEISQ	1
HDEISQLKSQAEETQ	1
EETQSELKSTQSNLE	1
SLEEEAKKSGHLLEQ	1
LEQITKLKSEVGETQ	1
TDVESKTKQLEAANA	1
SDLQDKVKEITDTLH	1
DEIATGHKELTSKAD	1
GHKELTSKADAWSQE	1
QEMLQKEKELQELRQ	1
DSQDSQTKLKAEGER	1
QDSQTKLKAEGERKE	1
AEGERKEKSFEESIK	1
AELQHKEKMASEDAQ	1
AQKIADLKTLVEAIQ	1
LEVLQAEKSETNHIF	1
LQLDERQKKFEELEE	1
QLDERQKKFEELEEK	1
KFEELEEKLKQAQQS	1
QQESQTSKEKLTEIQ	1
ESQTSKEKLTEIQQS	1
QELQDSVKQKEELVQ	1
LQDSVKQKEELVQNL	1
IIEAQNTKLNESNVQ	1
SNVQLENKTSCLKET	1
ENKTSCLKETQDQLL	1
QLLESQKKEKQLQEE	1
LESQKKEKQLQEEAA	1
DIKDSLVKVEELVKV	1
VKVEELVKVLEEKLQ	1
LVKVLEEKLQAATSQ	1
DAQQATNKELQELLV	1
EQANGELKEALCQKE	1
LKEALCQKENGLKEL	1
SHNEIQDKLEQAQQK	1
KLEQAQQKERTLQEE	1
AEQLSQLKQANEELQ	1
QKQLLLEKGNEFDTQ	1
MDDAASVKSALLEQL	1
LESLELEKSREVLSL	1
GASSRSGKGDEVESL	1
DNVLQEAKLFWALKH	1
AKLFWALKHENIAAL	1
RGVCLNTKLCLVMEY	1
ISVSTYSKFSDVWSY	1
ETWGALMKSCWQTDP	1
PHKRPGFKEILKQLE	1
PGFKEILKQLESIAC	1
LQTQVKLKLLLSFLH	1
GQQPAPVKHFTLKRK	1
LRTELLHKSADAQSS	1
ADAQSSLKKASAPTI	1
RSRGMPRKMTDTTPL	1
MTDTTPLKGIPSRMP	1
GRKDGGIKLIEFTEQ	1
QQKKQEQKQQQAAAA	1
RRHELDAKKAQISKE	1
GTFGRVVKVKDMERD	1
FGRVVKVKDMERDYC	1
RDYCMALKIIKNVEK	1
CMALKIIKNVEKYRE	1
LEINALEKIAQKDPH	1
HCDHLCVKMIDWFDY	1
YQLCYSVKFLHDNRL	1
RLTHTDLKPENILFV	1
YTSHYNHKINREVRR	1
NREVRRVKNTDVRLI	1
TKYFYHGKLDWDEKS	1
GKLDWDEKSSAGRYV	1
RYVRDHCKPLFLCQL	1
ELFSLIKKMLEYEPS	1
DVKKAxxKQxxDxQG	1
xQxxFxEKDKIIDSF	1
TEVRAFTKLGPLIGQ	1
DCNTMWRKKHTEKTN	1
CNTMWRKKHTEKTNC	1
WRKKHTEKTNCGGCN	1
NCGGCNLKFEHPLYY	1
TIRKYHCKVCGEPVL	1
CGEPVLGKDNIMKHA	1
LGKDNIMKHAAEKHD	1
IMKHAAEKHDGKGAY	1
YQCQFCSKFFLRLNY	1
VCDFCGRKFCQPQKL	1
RKFCQPQKLKAHIKR	1
FCQPQKLKAHIKRMH	1
QKLKAHIKRMHSxxx	1
AALQRHSKEVHSRNS	1
VSCPRCQKLFQNRSN	1
FQNRSNLKIHMLTHS	1
HSGVRPFKCAEPECN	1
CNAAFTTKQCLQFHY	1
QCLQFHYKKVHNYTQ	1
CLQFHYKKVHNYTQE	1
YTQEQMPKIERSVAY	1
LQECLLEKKTLEKKH	1
LLxxExEKxxxxGRI	1
KPxxxxQKVxxPxxx	1
QKVxxPxKxYPKFNF	1
PKFNFxGKxLGPKGN	1
LQEETxCKxxxxGRN	1
VKFGRMSKKQREKVE	1
KFGRMSKKQREKVED	1
MSKKQREKVEDEVRF	1
AVHDMFRKQPDVSRI	1
GLAKSVCKATTEECI	1
RDALDLYKKFLVRMD	1
xVLEIPSKxHPYDxS	1
KRQFAKIKIAAENLS	1
ENLSRSSKSDSKDSE	1
EQDKRTKKNSHYKIA	1
LGAGESGKSTxxKQM	1
SGKSTxxKQMRIIHx	1
SRREYAIKVCEKRLI	1
YAIKVCEKRLILRER	1
ERKQDYIKREREVMH	1
NVVHRDLKPENILLD	1
IADFGSAKVMTAHER	1
CYxExxxKYxxxxxx	1
NINIQNIKGETPLHI	1
DSKDADRKLDTPLAD	1
NGENSDQKPKVADWR	1
TSSQPQLKDERRVKS	1
PDDIDPSKINKSTGP	1
NDTYYTPKTEPTLRL	1
FKLKPDLKLKCGACG	1
LKPDLKLKCGACGQV	1
EMFLEDLKQIVDNSL	1
DKLHSQIKQLPESWP	1
PESWPFLKPVNKKQV	1
PFLKPVNKKQVKDYY	1
KDYYTVIKRPMDLET	1
GSDTRYTKFSKKILE	1
QLENNIAKTQERARE	1
PPGPGEVKRGRGRPR	1
QPTYRWLKDGVPVGD	1
DNTLVIKKLILDDAA	1
YTVRYQVKDRPDTLK	1
RGYNISYKQLVKTPG	1
PSLCEAMKPTKGADL	1
ANASPEVKQILNCFI	1
ESDFPLRKTASEPNL	1
VAQVHLHKQGHRPLG	1
VVREAQLKEEDDDSA	1
CDRLRARKATQEELQ	1
QCQLSRPKLENTLSA	1
TEEGCEEKFVSRKLL	1
DTQLLVKKAFYALVY	1
MEQLEEHKLDTWRSV	1
VLYILTHKRILRFLF	1
LYINELPKPAYMQKS	1
RLVDIYAKFDVINLA	1
VINLAAEKTYNDLDV	1
DLDVSLRKANEHRNE	1
MSDLPLIKSMKSGKE	1
LPLIKSMKSGKEAGN	1
IKSMKSGKEAGNIGS	1
SLLSSTSKYKVTIAE	1
LSSTSKYKVTIAEVQ	1
LLREKLEKIGLNLPA	1
NLPAGRRKAANVTLL	1
PQDSYRRKELILHSQ	1
LHSQQITKELMQILS	1
ESLNYLEKLYPSNGG	1
MVSSSLDKSKIDNEK	1
KSKSKKDKVKKKWSF	1
IKNFLLQKDLLKRIL	1
xTExPEIKLFGRWxC	1
LQDYIxVKEKFARYL	1
YAAKRFRKAQCPIVE	1
KGRxNGKKLxACRIV	1
xRLNxxxKxLMLRRT	1
xxxRPSxKxxMVIxx	1
xLxxxxDKxIVxSQW	1
IYRxGQxKxxxIYxx	1
IKxLQDxKLxxAxxV	1
xLxxxxLKxLFxMxx	1
TNMFLSEKDSILYTT	1
TFNVVTNKVVEKPLV	1
STAQIELKQENGDAK	1
NQLQYLIKTVMKVIW	1
QQPVDAKKLNLPDYH	1
LNLPDYHKIIKQPMD	1
PDYHKIIKQPMDMGT	1
PMDMGTIKKRLENNY	1
NNYYWSAKETIQDFN	1
ELEPVTAKGGKKKQR	1
EKLSDALKSCNEILK	1
HDYHDIIKKPMDLGT	1
DYHDIIKKPMDLGTV	1
LSEEASAKKKAKKKL	1
AKKKAKKKLKEKKKS	1
xDNxxFxKxxKxxxx	1
IxxxLxxKKxExxxx	1
IExRRRxKMxxYIxE	1
xCxAxxRKxDKLTxL	1
AxxRKxDKLTxLRMA	1
xRHxxxGKFxFxDQR	1
ExEVxExKDRxxDAL	1
xGIxDPTKVxxxAxT	1
FxCExCxKRxxxxxL	1
xxCxSWxKxxxxLKx	1
xKxxxxLKxHxRRHN	1
xxCxxCGKxxxNxxA	1
xxCxxCxKxFKKxIx	1
xxCxKxFKKxIxLxE	1
xCxKxFKKxIxLxEH	1
HTGExLYKCPxCPxT	1
xxCxHCPKTFxxxxx	1
NxHxHxxKxHPxExx	1
LLGCWRSKGVLDVSN	1
FDEDDKDKSVWFLDH	1
ENMYGMFKKVNARER	1
NMYGMFKKVNARERV	1
EHLLRDIKDTTVGSL	1
VQDYFIRKATRQTVD	1
SILCMAIKNSLGQII	1
FxQGDxEKxxLNxxP	1
AAQSAPAKDNNDDDD	1
MNRALQLKPAENESR	1
DVAxLxLKxPxxxxx	1
DMDRVLLKYTEYNEP	1
NIIEKENKNGVMSPD	1
LTPRTEAKYNKIDEE	1
RTEAKYNKIDEEFQN	1
LPKYGLTKAVRVCRD	1
