cluster-1_634	xEExxFPKATDxTFx	17
cluster-1_454	VxxxGxMKFxQxxxx	17
cluster-1_325	LEAFGNAKTVxNDNS	17
cluster-0_175	xFxExSAKxxxNVxx	16
cluster-1_1887	xxLExQxKELxxxLx	16
cluster-1_1358	xxxExQxKLxExxRx	16
cluster-1_1118	xKxxHLxKxKAKxEx	16
cluster-1_1093	xKLxKEKKxxxExxx	16
cluster-3_398	GGSTRIPKVQxLLQx	15
cluster-1_1599	ExxxxxxKxLxxExx	15
cluster-1_1514	xxxLxKxKxxxxxEx	15
cluster-4_473	TPSKPAQKVEVISDD	14
cluster-2_19087	RVVVEDGKTHKLVIR	13
cluster-2_4568	ATTSGTLKCTGGKTM	12
cluster-3_300	EFKRKxKKDLxxNxR	12
cluster-6_971	NDVAMIQKANVGIGI	12
cluster-7_383	TAGMIIGKGGAFIKQ	12
cluster-7_290	ASGAIIGKGGETIAS	12
cluster-5_80	KRGILTLKYPIEHGI	11
cluster-5_370	xxAPSTxKIKIIAPP	11
cluster-11_286	SETDATIKKERPYSC	11
cluster-11_269	GTLELSPKTELQESM	11
cluster-15_40	EVGSIIGKKGEIVNR	10
cluster-15_123	QCGSLIGKSGSKIKE	10
cluster-5_372	APSTIKIKIIAPPER	10
cluster-5_126	TEAPLNPKANREKMT	10
cluster-16_259	TGSTRVGKIIHAAAN	10
cluster-17_195	VDYMERTKMLMGSTH	9
cluster-19_476	AFDLEESKYQNAELR	9
cluster-1_1090	ELINKLNKEKKMQGE	9
cluster-1_120	GExRDxxKxxxxxxV	9
cluster-1_737	xxxGRGKKGGGFATV	9
cluster-1_728	SGGGEQAKGxxxGRG	9
cluster-1_708	QFKKSQNKLLIEIFA	9
cluster-1_662	FQKPKPPKPGQQAAH	9
cluster-1_488	CDTAELYKNLLKPRI	9
cluster-1_456	HMGGMKFKQRGREEQ	9
cluster-1_259	TDEAAKSKxxxxxxx	9
cluster-1_251	ATVGASKKTDEAAKS	9
cluster-1_2015	LAEQAISKFRAKGRx	9
cluster-1_1991	IAALNLAKFRKAQQE	9
cluster-1_1581	STELFRLKGAYEEGQ	9
cluster-1_1488	ELEEAKRKLQARLAE	9
cluster-1_1401	VSQLSKIKISLTTQL	9
cluster-1_1343	xxKAAQEKIAKQLQH	9
cluster-1_1261	SAQIELNKKREAELS	9
cluster-5_62	xMVGMGQKDSYVGDE	9
cluster-5_343	GIADRMQKEIxxxxx	9
cluster-1_840	DGKKACEKMIQALEL	9
cluster-28_175	xxxETSAKxxxxVxx	8
cluster-21_1587	QQQQQQAKLMGGVVD	8
cluster-26_139	xxLxxANKQDLPNAM	8
cluster-3_577	RMVNEAEKYADEDEK	8
cluster-23_374	DxxxxxIKPFPQPPY	8
cluster-27_156	IVHRNxxKYxxxxxA	8
cluster-11_444	CGASFPRKFQLVNHG	8
cluster-13_585	LREFRSGKSNILVAT	8
cluster-1_504	VGRDFVTKAQTKEQV	8
cluster-1_474	PDNTVAQKIAHLLGL	8
cluster-22_401	LxxxGxxKxGxWxxx	8
cluster-24_230	YGPPGTGKTLLARAV	7
cluster-32_1460	MGHLSVVKYLLACDW	7
cluster-30_863	AEDVDVPKPDEKSIM	7
cluster-33_799	NDGPALKKADVGFAM	7
cluster-14_5	xxMQIFVKTLTGKTI	7
cluster-14_47	QRLIFAGKQLEDGRT	7
cluster-14_26	SDTIENVKAKIQDKE	7
cluster-14_10	FVKTLTGKTITLEVE	7
cluster-8_175	MGTLLISKIREEYPD	7
cluster-20_150	DYPxKxPKVxFxTxI	7
cluster-35_197	QAHSxVEKAxxxxxV	7
cluster-38_423	CGKGFYRKDHLRKHT	7
cluster-38_418	HVCIECGKGFYRKDH	7
cluster-1_1927	EQLENEGKERLLQQK	7
cluster-1_1422	LEEETRQKLGLSSKL	7
cluster-1_1202	ATKATAQKAQRELES	7
cluster-12_213	xLxxxxxKPxxxQxE	6
cluster-43_6	xMPKCDVKTRYIPAT	6
cluster-12_67	xxVTxAVKxAIDxGY	6
cluster-12_191	LVExGLxKSIGVSNF	6
cluster-39_1701	xxxxAxxKGSxxELx	6
cluster-48_196	VLVATPGKPNTSYKV	6
cluster-44_772	EVEKRVFKNLELFME	6
cluster-40_586	LVxxSTNKxLxxIFx	6
cluster-40_517	DEExxFPKGTDQTxL	6
cluster-40_204	xEAFGNAKTxRNDNS	6
cluster-40_182	YLAAISGKHSWIEQQ	6
cluster-33_289	KEAKRANKQKNLTGE	6
cluster-9_7088	PDEPGQPKVIDWDSG	6
cluster-9_1822	GNLKLIIKDSVLDDA	6
cluster-10_347	LVLHGRMKEKEARVK	6
cluster-37_255	PKxxxNxKxAxLxxx	6
cluster-34_773	NDGVALKKADIGIAM	6
cluster-29_43	xEQxxxxKxxxxLxD	6
cluster-50_634	GWFETSAKENINIDE	6
cluster-42_209	VQAHQRLKITKDHTI	6
cluster-36_439	VGPPGTGKTMLAKAV	6
cluster-47_653	AVHDMFRKQPDVSRI	6
cluster-38_299	ASGKKTKKKKPPKEK	6
cluster-46_425	MQHCSEHKLEPVNAA	6
cluster-1_1112	TLAEEEEKAKHLAKL	6
cluster-79_135	AWxNTPRKxGGLGxx	5
cluster-67_165	LGGxxGSKxPVHPND	5
cluster-76_138	GxLTGxxKxxxAxxY	5
cluster-75_230	xDENFxLKHxxxGxL	5
cluster-8_356	NAAxxxIKxKRxIQF	5
cluster-77_72	SSLLAIKKYITATYK	5
cluster-77_38	SAGTKAKKASATPSH	5
cluster-77_21	APPATVEKKVVQKKA	5
cluster-77_199	KTGIIKSKPAATKAK	5
cluster-77_138	KVLSAEKKVQSKKVA	5
cluster-77_115	KGASGSFKLSASAKK	5
cluster-77_106	NGKLIQTKGKGASGS	5
cluster-58_461	NAQTRALKLELENRR	5
cluster-18_754	TQVKQEVKPIIIPHH	5
cluster-45_498	MHYPSYFKDGKxxxx	5
cluster-63_671	YQCSYCDKRFRTPGQ	5
cluster-63_628	IEKPKVSKKPKKNQS	5
cluster-44_420	KRQKAKAKVEEEEVW	5
cluster-51_2620	QLSDEEQKFKSRHDS	5
cluster-51_1927	QRHEKEKKERQEKRE	5
cluster-81_149	xxxExSAKxxxNVxx	5
cluster-66_246	LIGRIIGKSGNTIKR	5
cluster-60_462	LRPSANNKNLVWEEI	5
cluster-41_1580	DKDKDSEKEKDKTSA	5
cluster-41_1230	FGTEDLFKEDDKEEA	5
cluster-71_45	SPNxxxxKxILxRYx	5
cluster-56_810	KEKETIIKEKEQELQ	5
cluster-56_698	NDKEQLEKQISDLKQ	5
cluster-56_1556	GASSRSGKGDEVESL	5
cluster-56_1427	KLEQAQQKERTLQEE	5
cluster-56_1324	VKVEELVKVLEEKLQ	5
cluster-56_1270	SNVQLENKTSCLKET	5
cluster-56_1050	AEGERKEKSFEESIK	5
cluster-9_6476	AGPGHPSKPSDPMTA	5
cluster-9_2984	LPSSSEIKNIPYNTK	5
cluster-9_2849	DNQSISLKWAAPNND	5
cluster-59_533	KKQEKQEKQEDQESA	5
cluster-3_592	QxxxIxAKNxLESYC	5
cluster-68_441	KDLAICIKGNINAVT	5
cluster-52_2623	PRRRTQIKRYGHEDV	5
cluster-34_329	VKDHSNMKNIAFMGT	5
cluster-65_259	IGHVDSGKSTTTGHL	5
cluster-74_41	ESGPTMGKRLQDIGV	5
cluster-74_27	QKIVAPGKGILAADE	5
cluster-74_214	TVLAAVYKALSDHHV	5
cluster-74_155	RCVLKIGKNTPSYQS	5
cluster-74_107	KGIILGIKVDKGVVP	5
cluster-80_67	EFAKRNTKCLAHSVD	5
cluster-80_63	VHQPEFAKRNTKCLA	5
cluster-55_809	NNYSEVAKLFLQQHP	5
cluster-61_873	PWRTLPIKPAAPEPS	5
cluster-61_425	VEAELKLKQVYIPQY	5
cluster-53_1099	SRFNSLTKQMSSSES	5
cluster-57_780	PSLCEAMKPTKGADL	5
cluster-47_516	VKFGRMSKKQREKVE	5
cluster-31_984	AAESEVEKLQTRLER	5
cluster-31_1651	KARDKHEKLLKEVDR	5
cluster-62_889	xxPFGGxKxSGxGRE	5
cluster-1_1732	MEMHNKVKEDALKHA	5
cluster-49_289	KPSSSGIKQERPPSR	5
cluster-91_980	EDLVQQHKKQQEELA	4
cluster-91_934	TIKELELKDFVMKHR	4
cluster-91_580	TETENTQKLKKHNAE	4
cluster-40_817	MVRCRTIKLQALSRG	4
cluster-127_86	IAKLAELKEVFSLFD	4
cluster-92_897	VKFFHRYKLLNSLTW	4
cluster-54_886	NGGLSPSKSPTSDTG	4
cluster-54_853	ANPTAARKASGLLGV	4
cluster-54_700	LEAFGNTKTCLNSNA	4
cluster-99_641	SGLTEECKVVKNNAK	4
cluster-20_227	xIARLWTKRYAxxxx	4
cluster-75_257	QFFICTxKTxWLDNK	4
cluster-8_390	VPGGDLAKVQRAVCM	4
cluster-8_324	EPANQMVKCDPRxGK	4
cluster-77_60	DASIKNLKERGGSSL	4
cluster-124_74	RLNExAQKFLADLDx	4
cluster-125_224	VIPALNGKLTGMAFR	4
cluster-125_216	GAAKAVGKVIPALNG	4
cluster-125_212	PASTGAAKAVGKVIP	4
cluster-125_191	TVDGPSGKLWRDGRG	4
cluster-125_159	NCLAPLAKVINDNFE	4
cluster-125_114	THLKGGAKKVIISAP	4
cluster-104_683	MNLREVLKKYGKNVG	4
cluster-119_277	xxHYSxxKxAxxxGx	4
cluster-103_438	AQRQAAAKMALRKQL	4
cluster-102_798	MDGVEERKGVYILAA	4
cluster-102_708	CGPPGCGKTLLAKAI	4
cluster-123_350	xxNANKPKPQPRSKL	4
cluster-18_296	TSLERHMKRHSTDKP	4
cluster-129_43	LxGxxGRKxGxAAGx	4
cluster-18_508	FKCTYCTKAFTRKDH	4
cluster-18_268	QDLTRHGKIHIGGPM	4
cluster-39_1584	KLETFTFKITDLEEV	4
cluster-39_1428	SKLEEVKKTLEQMIN	4
cluster-108_138	xIxxxxxKxxxxLxI	4
cluster-108_166	NNLGTIAKSGTxxFx	4
cluster-84_409	LERHQEHKGEIDARE	4
cluster-86_1242	RKELAQVKSVIEAQT	4
cluster-86_1071	KLKSSDEKIAQIKET	4
cluster-94_643	VVREAQLKEEDDDSA	4
cluster-82_55	KDIAAxIKKExFDKK	4
cluster-87_1080	KDMEKQAKEKEKLEA	4
cluster-87_947	TPKSHLKKWVEELED	4
cluster-87_1503	DKERLESKRKLDQIK	4
cluster-87_1107	KKSAEKSKSSLEKEI	4
cluster-109_363	SEEEAPKKAAPANAT	4
cluster-109_281	AKLAPAKKGASSSDD	4
cluster-109_251	PAAKPAPKAAASSSE	4
cluster-109_239	DDEPAAKKPAVQPAA	4
cluster-109_155	PVKAPPAKAAPAKKV	4
cluster-109_145	SEEEAPKKAAPVKAP	4
cluster-109_113	DSDSEEEKKPAAKAT	4
cluster-97_758	RSHTTIAKYAQYQAS	4
cluster-122_340	YFDDYIAKQRELEHV	4
cluster-118_255	FGGAGVGKTVLIMEL	4
cluster-118_244	APYAKGGKIGLFGGA	4
cluster-118_241	DLLAPYAKGGKIGLF	4
cluster-41_687	SKKGRKSKLKVEDDE	4
cluster-41_1658	TEEKEKEKVDDKKPI	4
cluster-41_1328	GKGKRVRKQVNYTDG	4
cluster-3_306	KKDLxxNKRALRRLR	4
cluster-25_39	EGDPEFIKRQDQKRS	4
cluster-85_1400	AAAAKDIKLNGQRSS	4
cluster-0_358	PFMETSAKTGLNVEL	4
cluster-113_456	FACPVCNKRFMRSDH	4
cluster-113_239	PFNAVTHKEAASVNS	4
cluster-69_378	IRASVHIKVPKLASN	4
cluster-69_281	IDDHFLFKEGDRFLQ	4
cluster-89_1019	SPQKSKSKSKVDESS	4
cluster-65_678	TVAVGVIKxVNFKxx	4
cluster-65_269	TTGHLIYKCGGIDKR	4
cluster-65_419	EVSSYIKKIGYNPAx	4
cluster-65_385	LAFTLGVKQLIVGVN	4
cluster-74_242	AGxQSAKKNTPEEIA	4
cluster-105_720	KSLEVEVKNLSIRLE	4
cluster-115_175	RGPMTSLKEEPLGSR	4
cluster-1_820	PDFKMRYKIMCPKLL	4
cluster-95_472	TVNSAMVKVAEWNDD	4
cluster-114_380	HKCQTCGKAFNRSST	4
cluster-114_313	PGSASGGKPKTFSCL	4
cluster-114_267	LQANLKRKRSPQDQG	4
cluster-114_265	SGLQANLKRKRSPQD	4
cluster-112_666	RKHPFFAKLDWKELE	4
cluster-110_528	FGPPGNGKTLLARAV	4
cluster-120_217	xxLRKAMKGFGTDEx	4
cluster-128_122	xxxLxxKKxExxxxx	4
cluster-106_98	AGHQDIVKMLLMHSP	4
cluster-93_963	AEMETRRKAAEAQRL	4
cluster-93_744	NLSAKDFKFGITKVF	4
cluster-93_713	ADLYSMYKSVLPPEL	4
cluster-93_536	DEESKLPKPSYSHFT	4
cluster-93_402	QSKGGGFKGTVIMVP	4
cluster-93_397	VSRVMQSKGGGFKGT	4
cluster-93_195	LEAFGNAKTTRNNNS	4
cluster-101_609	FKCNSCYKCFSDEPS	4
cluster-117_262	LSxxYxAKLxQSLQE	4
cluster-90_877	CHNRFTLKANLERHV	4
cluster-90_1040	SSQQQQQKGSAATPT	4
cluster-98_411	KAAEEKRKKEEEQKK	4
cluster-62_783	xGKKEGAKLxAGGxR	4
cluster-88_1854	DPVPEYFKSPNFLEQ	4
cluster-88_1750	NNTAQLVKWFSNFRE	4
cluster-83_4995	VSETVSEKITDEKAE	4
cluster-83_4894	KKAKVLEKKSIEEEK	4
cluster-83_4876	EKAQESQKKEVKDSE	4
cluster-83_4836	KKSIEEEKLEDKKEK	4
cluster-83_4711	EAKLEDKKETQTDSA	4
cluster-83_4400	AIDEKSQKAEVSEIV	4
cluster-83_4161	EKAQESQKEEVKDSE	4
cluster-83_4096	EKAQESQKKEVKDSE	4
cluster-83_4060	EEEKLEDKKEKQTES	4
cluster-83_3866	EEKLEDKKEKQTESA	4
cluster-83_3840	ESQKEEVKDSEAKPK	4
cluster-83_3710	ESQKEEVKDSEAKPK	4
cluster-83_3650	EVKDSEAKPKKAKVL	4
cluster-83_3608	KLEDKKEKQTESAID	4
cluster-148_624	GGDRPSIKNEPAWLE	3
cluster-190_2	xxxxxMSKPGTPKHG	3
cluster-186_359	xLxxDxxKxNVxGGA	3
cluster-201_117	LASESxIKQIPRLLG	3
cluster-62_668	TGSTxxGKxxxxxxx	3
cluster-152_873	HMRNEIAKEEERRME	3
cluster-188_147	HGPPGCGKTLIAKAx	3
cluster-79_110	xxxAEFxKIxxEVIG	3
cluster-150_1037	CQRRFGSKSSLRLHL	3
cluster-177_363	xxGxAxxKNKGxxSR	3
cluster-185_92	xGxVxLGKVxCDxEx	3
cluster-196_83	xxTNNxxKTRxELxx	3
cluster-134_1873	QDESSQEKSENKDRI	3
cluster-67_304	PFVxAPNKFEALAAR	3
cluster-159_387	xGPPGxGKTLLAKAx	3
cluster-90_990	KGKQRFPKTSEExDM	3
cluster-10_582	LVLHGRMKEKxxEAR	3
cluster-187_304	YSITEIMKSPSKVVL	3
cluster-64_538	FLGYVDQKASSKKVV	3
cluster-141_824	LEQELSVKQWNVERL	3
cluster-203_73	xYPxxPPKxKFxxxx	3
cluster-154_812	CAKGFYEKNRFTDHM	3
cluster-154_807	FHCPICAKGFYEKNR	3
cluster-149_564	VSPNPDIKPPMDNSE	3
cluster-171_563	CNKTFALKSYLNKHL	3
cluster-171_558	FKCHRCNKTFALKSY	3
cluster-171_549	MQTHSGDKNFKCHRC	3
cluster-171_470	LDSQSAKKCNTCGKA	3
cluster-202_137	xxLxLxNKxDxPxxx	3
cluster-165_342	DKNFTFLKVDYHPNA	3
cluster-178_83	xxPIKLAKVDxTxxG	3
cluster-192_350	KxAxxxTKKxxxxxx	3
cluster-140_1580	LVNAMGMKLGPALKI	3
cluster-77_188	KTEKAKAKDAKKTGI	3
cluster-193_40	IIGVPFAKGQAKQGV	3
cluster-197_57	LQVQxxSKQIxxDxx	3
cluster-197_37	GxSAAxxKTAVAPIE	3
cluster-125_142	DAYxPDMKVVSNASC	3
cluster-184_411	KLTKLTEKQATYLGV	3
cluster-161_554	xGAPNSGKxALAAxL	3
cluster-161_256	LVEQLGxKHVKGILL	3
cluster-45_563	YPCPECGKRFRQQSH	3
cluster-139_744	KDLITKAKVEDDEYR	3
cluster-139_1368	GRGSRQRKEVDYTDS	3
cluster-139_1055	SEKGKHGKGGAKALM	3
cluster-18_563	PHRCSYCKKTFTRKE	3
cluster-18_513	CTKAFTRKDHMVNHV	3
cluster-18_502	HTGETPFKCTYCTKA	3
cluster-146_1088	LIPDITKKPQETSTQ	3
cluster-108_693	xxxYxxxKKxLEINP	3
cluster-108_604	KxxxxVxKEGxxLxE	3
cluster-100_286	YSCENCSKVFCDPSN	3
cluster-45_466	PGEDNDTKGDIAGTG	3
cluster-29_56	FDxxGxGKIxxxxxG	3
cluster-86_1628	TAYEQINKLENRCQE	3
cluster-86_1570	TKLSDDLKLQKEDAQ	3
cluster-86_1522	SAIGAQTKLSDDLEC	3
cluster-86_1480	SVIEAQTKLSDDLQR	3
cluster-86_1458	QQLVDNLKVELDKER	3
cluster-132_1610	NDGTSMIKMEIKTED	3
cluster-153_234	DDLINTPKPDERAIM	3
cluster-137_562	SEPTLRVKSHRRHKR	3
cluster-133_1205	ARTIAAQKKKSVPAE	3
cluster-133_1195	AKTKSLVKPTARTIA	3
cluster-173_274	LLASIAAKRAPNAIA	3
cluster-173_211	ATSVKSTKGSAKSAQ	3
cluster-181_18	EVSKLVDKLNLDSKS	3
cluster-157_631	APTQPYLKSFSLSPT	3
cluster-157_494	FNSELSIKQEPQNLT	3
cluster-135_1797	QxLASNQKRARTRIT	3
cluster-200_80	QxQIAEFKEAFxxxD	3
cluster-204_56	REIRRYQKSTELLIR	3
cluster-204_37	PxTGGVKKPHRYRPG	3
cluster-204_115	NLCAIHAKRVTIMPK	3
cluster-144_1231	YLCTFCGKGFNDTFD	3
cluster-116_483	WSGKWCIKDDHKLLA	3
cluster-74_341	NGxAxxGKYVxGSxx	3
cluster-61_49	QTGNVEAKVMCFYRR	3
cluster-142_608	LRSLGSAKTTTNSES	3
cluster-142_592	GPETDAFKHLAAAFT	3
cluster-69_96	xDAAVLAKLEEGYAK	3
cluster-89_522	ESKNVRKKAKKDKKK	3
cluster-89_483	KKESKSKKKRSRKRK	3
cluster-89_469	ASPERKKKKKSKKHK	3
cluster-37_344	DLKxxxxKAxGxAxx	3
cluster-182_265	VKIHTGEKPFECVIC	3
cluster-182_218	YKCNVCDKTFRQSST	3
cluster-164_377	PGAFGCGKTVISQAL	3
cluster-156_635	AEMCFSLKLKNRKLP	3
cluster-191_260	ExWxxxxKQVxxxxx	3
cluster-191_146	QxxxxILKxxxPKLV	3
cluster-179_94	IGHVDHGKTTLTAAI	3
cluster-37_55	xKxxLGPKGxDKIxV	3
cluster-78_164	GNHTDSKKTGNAGGR	3
cluster-155_303	ATATPITKAASAASK	3
cluster-138_526	DEECRMPKGSDESWA	3
cluster-138_328	QQIADIVKILAGILH	3
cluster-138_210	MEAFGNAKTTRNDNS	3
cluster-130_598	TWGFFNSKFQLTDTK	3
cluster-130_2035	LIQESSVKRSGIDLV	3
cluster-195_53	NSIQTAIKATSSAVR	3
cluster-183_108	ASPVKGGKGPAGGDV	3
cluster-172_34	EPVNIGVKRGSDELL	3
cluster-199_171	PILFYGNKMDMEDSL	3
cluster-167_149	LGHMEGGKGDGQTGN	3
cluster-167_130	AAASARLKSEDLQEP	3
cluster-151_509	KFFSNTTKAIVWGMQ	3
cluster-3_477	NTxIPTKKSQVFSTA	3
cluster-11_287	ETDATIKKERPYSCD	3
cluster-169_571	NNSIKTFKEKKLEEQ	3
cluster-147_526	TELAVTPKESETRDK	3
cluster-158_301	HCSLEQAKTAENIEL	3
cluster-120_491	SLxSWIxKxDxxxxx	3
cluster-160_322	xxPTPxQKxxIPxIx	3
cluster-162_186	AEEKRPSKPSEVSKT	3
cluster-131_243	AEDVHTHKPDNKSIQ	3
cluster-101_600	SRCHQTDKPFKCNSC	3
cluster-166_334	KFSNLGGKLPKGVLL	3
cluster-145_1036	EKQTKVKKAPHERKN	3
cluster-163_88	SQQSAVIKQDLSCPS	3
cluster-163_194	SGSQIDSKQNIECVV	3
cluster-163_162	QDMLTSIKGQPTGCG	3
cluster-163_108	SGHHPGIKEDLSSSL	3
cluster-47_431	NNSSGSIKAQIEIIP	3
cluster-47_404	MWSSVTSKLEAHANN	3
cluster-198_119	xAxxxESKVFYxKMK	3
cluster-31_804	LAMAAKMKTLEEQHQ	3
cluster-176_246	DVPGREGKFCRSPLT	3
cluster-62_779	GxIxxGKKxGAKLxA	3
cluster-39_1744	ELQNMVDKERKLNSS	2
cluster-39_1652	SGRDSEIKQLRSELK	2
cluster-39_1406	xxxESSYKEKLRQAE	2
cluster-39_1151	ELQKKLEKxxxxxQS	2
cluster-242_122	NSYFDGLKDLLPKRK	2
cluster-18_305	xxxxxxFKCTQCQKT	2
cluster-18_405	FTQNSSLKQHLHEHT	2
cluster-18_11	NVDQRPVKDEPPQED	2
cluster-310_413	MLTHTGEKPHGCDIC	2
cluster-310_399	CGKRLTQKSGYKKHM	2
cluster-310_394	FECSICGKRLTQKSG	2
cluster-310_319	LSTNNSFKYHMQLHG	2
cluster-218_903	STTSEPTKTTQNITT	2
cluster-218_620	RPRTTSQKTTTASTT	2
cluster-218_1011	STTRTTPKVTTVIVS	2
cluster-9_650	PVIKDKPKIIKIIKK	2
cluster-212_312	LSRCDFKKVLLIRQI	2
cluster-212_265	FVIDGVFKVISSILW	2
cluster-212_146	xxxxGNAKTTRNDNS	2
cluster-14_199	QRLIFAGKQLEDGRT	2
cluster-14_178	SDSIENVKARIHDKE	2
cluster-14_162	FVKTLTGKTITLEVE	2
cluster-14_157	GGMQIFVKTLTGKTI	2
cluster-296_442	KISHTGKKAFTCEIC	2
cluster-296_423	YACDLCDKAYYDSSS	2
cluster-296_342	EECGKRLKHLRNYKE	2
cluster-293_374	FQCEYCQKAYYKNFS	2
cluster-345_61	PxWxxCNKGRRQSPx	2
cluster-231_81	LNCKVEGKPEPTIEW	2
cluster-89_736	SKEKHRPKDEQQSVD	2
cluster-243_890	xDLVSYTKQSSTKRI	2
cluster-268_672	CDYPQCNKSFVARNS	2
cluster-268_631	GGGxDIAKPYGCDVC	2
cluster-359_78	DFPLTPPKAYFLTKI	2
cluster-244_149	SSSSSRMKAERALYY	2
cluster-346_169	TNDSMEIKTTITRKL	2
cluster-335_308	CGKCFARKAHLTRHK	2
cluster-335_303	HICEECGKCFARKAH	2
cluster-335_172	VIEDESAKQDLGQEK	2
cluster-12_161	xDNxLxPKxxxxxxx	2
cluster-107_484	CDHASHNKQALxNHV	2
cluster-107_471	LTHTKEKKxxCRQCD	2
cluster-245_589	NDTNVAIKEENHISA	2
cluster-245_506	QNHNGQLKGEVQRYK	2
cluster-274_445	REKLSLLKRENDNET	2
cluster-223_1033	PTTPPTDKPEPERGP	2
cluster-186_252	xTxEGxxKLxxxFxK	2
cluster-186_227	EIxPxxxKxxxxxxx	2
cluster-237_448	SKPMVKEKEKSHSPV	2
cluster-237_239	KRGTEDRKAEPEGYQ	2
cluster-237_229	SRREENSKTDKRGTE	2
cluster-37_302	xxVxxIxKxxCNVxx	2
cluster-300_177	HFGKIAWKNHKHSVN	2
cluster-189_77	KEVAAKFKDLLSKLE	2
cluster-62_854	LAxxVFTKDxxKAxx	2
cluster-73_218	CxxKECPKTFLVASE	2
cluster-37_456	xxxxxxGKExxxIxA	2
cluster-288_130	NGRELVVKEDHGEQR	2
cluster-337_279	CxxxFxxKxxLxxHx	2
cluster-348_55	SPINLHVKGALKGEF	2
cluster-170_408	xxCxxCxKxFxxxxx	2
cluster-10_342	ELFxxLVKNGRMRER	2
cluster-369_6	xMxxxIKKxIPMLDR	2
cluster-369_38	LPExxVxKxxxGxVx	2
cluster-211_1413	QRSSLGLKVVELTGD	2
cluster-194_78	SHIxxxxKxxGFxGx	2
cluster-219_1668	NRTAKPFKCEYCPKA	2
cluster-219_1577	ETHDLKPKCCPYCCD	2
cluster-219_1562	CGEVLPSKARFLWHK	2
cluster-219_1520	HTGQTPLKCKICGKK	2
cluster-219_1483	KNFSLHLKRHLGWKE	2
cluster-219_1436	LEQKAMEKSIFLCYV	2
cluster-339_260	xxCEICxKSFxxxxx	2
cluster-307_307	xxxxxxxKxRxxxSx	2
cluster-364_130	PxLIxxNKxDxxxxx	2
cluster-111_139	GGKLGSHKGINLPGV	2
cluster-252_665	QQQPQLGKRAEDSDD	2
cluster-352_75	LGGPGAGKGTQCSRI	2
cluster-352_63	xxSVEKPKIVFVLGG	2
cluster-76_291	ExVAxQGKAKxxxxx	2
cluster-228_677	ATFITLDKIEHHRRE	2
cluster-228_466	TLNEELEKQQAELTK	2
cluster-355_30	xGxPGSGKGTxxxLx	2
cluster-126_112	xxLxxxxKxxxxxGx	2
cluster-150_856	NQVPEGGKCLVEGCM	2
cluster-1_1310	LENLRKAKTVLEKAK	2
cluster-177_40	xxxxxxxKxNxxxKL	2
cluster-278_376	FICVYCEKPFLSRQE	2
cluster-278_179	RSHAYELKVDNNQEL	2
cluster-317_50	QSGTNGLKSSPSVSP	2
cluster-317_22	GVSILHIKQEVDTPS	2
cluster-309_267	AHPFLDLKTFPTEHT	2
cluster-366_77	NQEDLFFKNLEVQFD	2
cluster-64_537	AFHGYADKGASEQKL	2
cluster-205_946	FDQLLNSKEMSHEKQ	2
cluster-205_1102	DNADLEQKVQELTSQ	2
cluster-205_1034	REALRVSKSLVAQQV	2
cluster-225_1542	LLEHNFCKYGRDECS	2
cluster-287_560	DEFxxxxKHxxxxxV	2
cluster-67_289	FAEKCAAKIAELTSL	2
cluster-356_44	LGGPGCGKGTQCAKI	2
cluster-326_159	ANVWRNLKFKMNRKR	2
cluster-326_329	FQCSVCQKKFMRSDH	2
cluster-326_201	CIKEEEIKPILTPIY	2
cluster-246_860	QARLECMKSVNSEAI	2
cluster-174_398	VTSTNAAKIFNIYPQ	2
cluster-257_529	QLSAEELKARIRRSK	2
cluster-89_999	KKEISPRKESRVSVK	2
cluster-13_272	TSNEITIKGDQVPTP	2
cluster-215_1184	GRPTMKEKITGFTDA	2
cluster-215_1096	AGEEDDSKDWDDIIP	2
cluster-215_1027	FGAEELFKDEQEHDD	2
cluster-215_1019	DDLSAILKFGAEELF	2
cluster-306_90	xxxxxYxKxxxxFxV	2
cluster-222_917	VIPFIEIKTEVMSEP	2
cluster-303_252	DSFVDQLKNEGEKIA	2
cluster-12_56	xxxLxxxKxxxxxxx	2
cluster-347_302	APAGTTYKVTGLNAT	2
cluster-295_505	CPKDFxxKxDLxDHx	2
cluster-295_500	FKCxMCPKDFxxKxD	2
cluster-261_648	AQFDAGPKELLVSLF	2
cluster-333_200	QLKGSTPKRTVPSSS	2
cluster-333_175	FECIQCTKKFSRSDH	2
cluster-236_624	FPCLECGKTFGSRSS	2
cluster-236_615	HSTTTPGKLFPCLEC	2
cluster-236_502	HARFPPFKCVLCGIS	2
cluster-236_388	SSLQEHQKTHQFEES	2
cluster-299_279	PAAEELVKPFQCSVC	2
cluster-299_262	HQRVQISKTLYSGSY	2
cluster-299_204	FTCNICAKDFRQQST	2
cluster-299_161	TTLRNHMKIHTDERP	2
cluster-299_147	KKQCHVCKNKFRQLT	2
cluster-327_31	EAPKKDVKGTYVSIH	2
cluster-327_27	VENQEAPKKDVKGTY	2
cluster-273_324	MKVLIGRKITGPGNF	2
cluster-128_98	RNDEELNKLLSGVTI	2
cluster-128_5	xxMSGRGKGxxxGKV	2
cluster-178_446	ISSFPTIKYFRKEDx	2
cluster-192_272	xYPFxPPKIxFKTxI	2
cluster-361_71	TYPFNPPKVRFITRI	2
cluster-277_451	IEQIQFAKIFGVAHI	2
cluster-277_266	INEDLSNKQFASIND	2
cluster-349_79	AVLQKRLKVPPPIHQ	2
cluster-140_1003	GAIFQTAKPGTCSSS	2
cluster-363_130	xxxVLxNKxDxxGxx	2
cluster-314_35	xGxPxGxKDAxQTVG	2
cluster-250_364	KTxKxxxKQxxxxxx	2
cluster-3_186	AExYLGxKVxxAVVT	2
cluster-324_90	GRRSNWFKIHCLLQE	2
cluster-209_891	FSDKQIAKYIKSTEL	2
cluster-209_878	TDAALLLKAKRFGFS	2
cluster-209_809	PDVVPLNKEQLAEQL	2
cluster-209_728	GLPLPDIKNSVTGNT	2
cluster-209_474	HYVEQVIKSERPNGV	2
cluster-209_430	YSGSQAIKAMRESNI	2
cluster-209_344	EGIVHASKPYFSVQF	2
cluster-209_284	AIGCSTYKMKYGNRG	2
cluster-209_262	KVIEEGQKPVFGICL	2
cluster-209_124	PDWLKQHKVPGIQDI	2
cluster-343_315	ASGKVNVKRLVTHHx	2
cluster-351_162	xxxETSxKxxxNVxx	2
cluster-111_340	xIxxPxEKxFxxQKx	2
cluster-266_140	KNELKHVKYCAFAFD	2
cluster-24_321	LDGFEATKNIKVIMA	2
cluster-216_798	RADLLAAKESENHQK	2
cluster-216_696	SKSTQEAKNATERNI	2
cluster-216_1024	EEREKSRKANDSCLV	2
cluster-267_652	FLKEGAQKNEFISEY	2
cluster-267_361	KRRYPELKPFAEPCS	2
cluster-121_418	EKPYKCDKCDSAFSR	2
cluster-121_384	RRTHTGEKPFQCQTC	2
cluster-121_280	xFKCVDCKATFDVDR	2
cluster-121_275	AxxxxxFKCVDCKAT	2
cluster-2_3181	PVTDPNLKVEWFKNG	2
cluster-312_36	NNSSFSPKAESPVPF	2
cluster-312_15	SFRLSHIKEEVKPDI	2
cluster-224_933	RTSTVTMKCQSLPVF	2
cluster-224_314	AIVRLQLKSEPDKPS	2
cluster-224_1506	RALANVPKGTFVGSY	2
cluster-45_535	VRCPICDKEFKQKTT	2
cluster-45_508	KxxxxGQKILPEVLQ	2
cluster-96_1122	DCHELWSKKRRRQMR	2
cluster-96_1099	LRSPWLRKINPDEMP	2
cluster-321_339	CNAGFKNKARLRVHS	2
cluster-321_309	DHCGKGLKTFTSLVE	2
cluster-321_247	PDDNAKSKQDDKTSE	2
cluster-263_770	LSPEDQKKFIEMRKR	2
cluster-263_739	RRVEAAKKKADEEVK	2
cluster-180_5	xxMAETEKIEVRDVT	2
cluster-332_367	ISSYGCVKSEKSSPN	2
cluster-284_338	SIFHTIGKALFDEHL	2
cluster-275_90	ENLYQMIKDRDTHLP	2
cluster-323_303	SQEAKPYKNDPEILA	2
cluster-78_8	xxxxxVVKAVCVING	2
cluster-262_563	DVASPTTKETVAWRY	2
cluster-175_474	YKCDQCGKGFSANQS	2
cluster-175_465	LRIHTGEKPYKCDQC	2
cluster-175_437	QRTHSGIKPFKCEEC	2
cluster-175_390	FKCELCGKGFVQNQH	2
cluster-175_378	KLHSRLHKEERPFKC	2
cluster-175_366	DCPQTFAKNSGLKLH	2
cluster-175_306	FKCPLCPKAYTHGPT	2
cluster-175_300	HTGERPFKCPLCPKA	2
cluster-305_290	MQRHTAVKTHVCEVC	2
cluster-305_403	SHVEHCAKCPVDGDK	2
cluster-305_389	EGCHDFFKIKVELQS	2
cluster-330_128	RRSRYQRKPPEEHKK	2
cluster-330_279	DMRTHKLKLHPLESS	2
cluster-330_186	CIQRFAQKYNLKVHE	2
cluster-290_207	IGHVDAGKSTIGGQI	2
cluster-290_367	KILPYLKKLGFNPAK	2
cluster-290_333	LAKTAGVKHLVVLVN	2
cluster-269_438	SPSDSSIKSEPVSPS	2
cluster-286_369	IGGPGSNKATLCLKA	2
cluster-87_1389	SDDDDKSKIAYLEQQ	2
cluster-87_1353	KKDRDAFKQMLEVAQ	2
cluster-239_964	KLMEHSPKQVKDNLI	2
cluster-272_2	xxxxxMSKMKMLPVQ	2
cluster-304_295	FGPPGTGKTLIAKSI	2
cluster-365_88	NYPHEPPKVKCATQV	2
cluster-240_952	HQCDICKKRFSSTSN	2
cluster-240_918	HSGERPFKCNVCTKS	2
cluster-240_1009	VCQGCDKKYISASGL	2
cluster-289_470	SDAAVPSKRQRLSST	2
cluster-108_154	DTGIGMTKSDLVNNL	2
cluster-108_674	ANMERIMKAxxxQAL	2
cluster-108_592	EYVIQHLKEYKGKQL	2
cluster-350_257	AYSDFLSKPTPRLHA	2
cluster-311_482	IRTHTGEKPYTCPYC	2
cluster-311_468	CEKSFSVKDYLTKHI	2
cluster-311_463	xHCGYCEKSFSVKDY	2
cluster-311_385	GTLAMHRKIHTGEAD	2
cluster-311_294	KVPPLTVKLNKNANG	2
cluster-214_1641	YLIKSFKKTLSDNLY	2
cluster-45_329	HSDLRLFKCLTCGKD	2
cluster-29_84	DVKxxxxKCTHQLKP	2
cluster-217_393	PSAGVFVKTETKEEF	2
cluster-217_247	ELQGSSLKIPMVERK	2
cluster-143_412	PPPPPPPKVKHASSS	2
cluster-117_309	RTSNSTHKSIEELRS	2
cluster-117_292	IQSLYEDKIQRLQEA	2
cluster-342_72	FTLAGHTKAVSAVKF	2
cluster-259_305	SSVAHLNKEQQQQPL	2
cluster-87_1510	KRKLDQIKRATEEEM	2
cluster-260_512	EQAASEEKPGDQTNN	2
cluster-291_235	SYSPDIPKADPEDDE	2
cluster-247_667	KKFAQDVKYGHTKIF	2
cluster-247_634	DKFLLRYKMISQYTW	2
cluster-247_459	EACLSVGKVTDDTLL	2
cluster-247_324	AGGNVMQKDHNATQA	2
cluster-247_149	LETFGNAKTNRNDNS	2
cluster-362_28	RATKSVKKKPFTEVE	2
cluster-181_62	LSLDIQQKNPNSPLH	2
cluster-301_324	AKWRREEKMRTQRRS	2
cluster-270_24	TDEVKIFKDEGDRED	2
cluster-230_555	CEYPGCSKAFSNASD	2
cluster-230_498	TRGEKPFKAQYMLVV	2
cluster-302_131	PDFIRYHKLFGGERS	2
cluster-265_33	SDLMSLAKKRKKPQT	2
cluster-40_541	HKNYLKPKSDINTSF	2
cluster-40_337	HCGNIKYKATVVDNL	2
cluster-40_335	LLHCGNIKYKATVVD	2
cluster-40_323	QEIWEIIKLLAALLH	2
cluster-210_421	DNTLVIKKLILDDAA	2
cluster-210_1008	YTVRYQVKDRPDTLK	2
cluster-72_362	LxxxPVDKWKELIYK	2
cluster-96_904	KKLMDKKKDVFTPQL	2
cluster-319_166	NSIARGQKIPIFSAA	2
cluster-316_393	DLTVTNPKRIATAVE	2
cluster-316_186	GVSLAVAKAGAAKKG	2
cluster-353_208	SVLAIDFKPNGIEIG	2
cluster-353_170	KACSVGAKTLEANSY	2
cluster-358_182	NLVECSAKKKQNLQQ	2
cluster-3_586	RNEDEKQKETIAAKN	2
cluster-338_241	EVTPNAKKIEQHRLK	2
cluster-276_81	AAARGKKKQPKDTDE	2
cluster-229_216	DRERDEDKNRRSNNH	2
cluster-191_100	QHGSNFLKNPQITAS	2
cluster-315_341	ECERCHMKFRRRHHL	2
cluster-315_331	MLVHNGEKPFECERC	2
cluster-315_256	FECPECHKRFTRDHH	2
cluster-315_164	KARKLSVKKEFQTEI	2
cluster-107_403	FRCPxALKKHMYKHx	2
cluster-357_151	QYYDISAKSNYNFEK	2
cluster-292_372	ATARKAKKIDSPVLN	2
cluster-329_308	PQIYPWMKRVHLGTS	2
cluster-105_441	SSSLHNVKRQLSTLN	2
cluster-105_570	KTNIDLQKVIKKQSL	2
cluster-105_431	NQLTRENKKLGDDLH	2
cluster-105_346	VNNLEKMKTRLASEV	2
cluster-105_320	EVEEIRRKYQVRITE	2
cluster-105_233	LDTVSFSKSQVISQL	2
cluster-105_190	SISELNVKIEELNRT	2
cluster-105_175	KEKIVSEKHISKLEV	2
cluster-105_168	SQIESYNKEKIVSEK	2
cluster-105_147	KNKARAEKDKAKFQT	2
cluster-368_110	DFGQVEVKPEMIGHY	2
cluster-213_291	QLFANKPKVHPVNPA	2
cluster-37_301	TQMVKQVKDAGATLA	2
cluster-207_425	SHRNANSKIQEPLPD	2
cluster-256_755	MSDGDTSKPIFILAA	2
cluster-256_662	YGPPGTGKTLVAKAV	2
cluster-47_366	TSQEGSLKRTKERTP	2
cluster-255_380	LSVLDPAKIEIGSAN	2
cluster-344_240	CDKKFSHKRNVLRHM	2
cluster-344_235	LECRYCDKKFSHKRN	2
cluster-264_785	VGRYEVPKALSVKYD	2
cluster-340_174	DMKTAIEKLDDTELN	2
cluster-271_45	LAHIDAGKTTTTERM	2
cluster-283_99	AGHLGIVKMLVRRGA	2
cluster-367_58	GTKKRNEKKIKLDEF	2
cluster-367_48	PTLALIEKLGGTKKR	2
cluster-279_363	QIINLLPKRRQTMLF	2
cluster-248_231	GNAAEAAKLLINNGA	2
cluster-249_806	LQQIKLKKNKVTTSA	2
cluster-221_89	DDNQSRDKAASTPAD	2
cluster-320_146	PPETASQKSSSSESP	2
cluster-334_302	CEFPGCQKSFTSSSS	2
cluster-294_260	LCLQYDDKVIISGSS	2
cluster-294_210	NCRSENSKGVYCLQY	2
cluster-297_90	KCINAVAKYDNKKEL	2
cluster-128_7	MAGGKAGKDSGKAKA	2
cluster-128_116	GVIPHIHKSLIGKKE	2
cluster-280_471	YRCPDCNKSFSQAAN	2
cluster-280_452	YARPSTLKTHLRTHS	2
cluster-280_395	QGYTPPHKSPTSYQA	2
cluster-238_289	QQKKQEQKQQQAAAA	2
cluster-285_79	EAVRAHLKSPFERNV	2
cluster-253_774	EPPVKASKKEQGKAA	2
cluster-253_389	VKSESKDKERSSSKK	2
cluster-253_343	VKHTASPKPGKPNEM	2
cluster-253_299	ERDKEKSKKDKSRDK	2
cluster-370_91	MDVVYALKRQGRTLY	2
cluster-370_77	VTYTEHAKRKTVTAM	2
cluster-370_5	xxMTGRGKGGKGLGK	2
cluster-36_532	GGGEEQAKVVMVLAA	2
cluster-208_1652	SPRTANVKPMSGSAT	2
cluster-328_39	VLADVGQKEDFTAAE	2
cluster-328_119	LAHGATGKGNDQVRF	2
cluster-168_458	GSNCLDVKPVRTKPR	2
cluster-235_674	SSSKSLSKSLIAKGL	2
cluster-336_232	CSFEGCQKAYSNSSD	2
cluster-341_189	TEGFSVIKDEPVNQA	2
cluster-313_36	KQGNFQIKPSSKIAE	2
cluster-31_1644	RAHIEREKARDKHEK	2
cluster-31_1353	VTEVEILKEKLDKAL	2
cluster-331_87	EGAPTKNKRTPGEWI	2
cluster-233_504	PKSAPEPKSEPEPTS	2
cluster-233_330	PKSEPEPKSEPEPKS	2
cluster-233_324	EASVPEPKSEPEPKS	2
cluster-234_632	SRMEKELKDSEELIY	2
cluster-234_554	KQKELDKKNQEVHRV	2
cluster-234_499	ELYESATKNIDQQAI	2
cluster-234_482	TSMQDLKKLEKEINE	2
cluster-234_1061	LDFHSVSKEKVNLTK	2
cluster-206_2028	PVIPLPDKIDVKTGE	2
cluster-254_438	IRTHTGEKPFDCDLC	2
cluster-254_367	YHLKRHQKYSSCSSN	2
cluster-254_345	EQHKSRGKPYACKIC	2
cluster-254_299	PDCPKSFKTQTSYER	2
cluster-254_270	KDAVVMEKKDICFCC	2
cluster-254_260	DMLKNLEKIEKDAVV	2
cluster-31_1069	EEQTTLHKTTFGRTT	2
cluster-31_201	FWSPELKKERALRKE	2
cluster-360_194	DGYILEGKELEFYLK	2
cluster-258_570	ATTSPSEKIIKQELA	2
cluster-62_480	LAVKAAKKAFHRDSE	2
cluster-251_753	TPGAPLNKQYTEENL	2
cluster-241_757	MEEFAAIKDEVPATI	2
cluster-241_602	GGLELGDKSGLTGIK	2
cluster-241_435	QEFSSSAKEDMEDNV	2
cluster-241_388	DNDMMPIKGGTMTDL	2
cluster-232_298	YQCQFCEKTFPRLGY	2
cluster-325_280	DPFDALPKGTFNFDD	2
cluster-308_280	YCPRCPEKNFKLQSQ	1
cluster-25_138	MLQAMKDKDKKGPNF	1
cluster-107_563	ERALETYKQVQxxxx	1
cluster-107_283	QRRIANDKRKLFRLM	1
cluster-107_252	xxxxEEEKKESEGFN	1
cluster-189_74	VDVTEMAKKYERIMS	1
cluster-257_626	xxxxxxxKRLSRKER	1
cluster-18_106	TCKSKIAKKRPLRKQ	1
cluster-18_101	PSKLKTCKSKIAKKR	1
cluster-18_91	GKDLEPVKGVPSKLK	1
cluster-18_614	HAGKEPLKCSQCSAT	1
cluster-18_390	KHEKRPHKCSHCSKT	1
cluster-86_1573	SDDLKLQKEDAQREV	1
cluster-86_1500	QQLVDNLKVELDKER	1
cluster-2_19177	VEFIKDGKARRLVIR	1
cluster-89_911	SPEAPPKKSVPTPAF	1
cluster-175_423	CHKKFATKHSLQVHA	1
cluster-175_418	FKCTHCHKKFATKHS	1
cluster-136_1190	EEPNEEPKPKVGRGR	1
cluster-11_332	CGKSFAHKHCLNTHL	1
cluster-11_327	HICTHCGKSFAHKHC	1
cluster-45_538	PICDKEFKQKTTLLQ	1
cluster-174_8	STSPKPVKKVPIHLQ	1
cluster-318_264	IQMYRQPKEEIIDID	1
cluster-18_76	xxxxSEIKIENFCSY	1
cluster-18_654	CSKSFFKKSHLVEHQ	1
cluster-18_649	YKCAECSKSFFKKSH	1
cluster-18_610	HLLEHAGKEPLKCSQ	1
cluster-18_586	HAGEDPFKCPHCSET	1
cluster-18_530	HQEARPFKCSHCSKS	1
cluster-9_7598	LCNPEWKKPESDGGA	1
cluster-9_4010	LVTDIPTKAKNPFDA	1
cluster-9_186	xxLKLIIKDSVLDDA	1
cluster-1_1486	AKELEEGKKRLNKDI	1
cluster-73_306	YVCQKHFKRISHLMT	1
cluster-73_140	SILCPEVKDLPMPSA	1
cluster-322_347	ICRYNCGKTFRFCSA	1
cluster-9_849	xxxxKKKKxxxxxxx	1
cluster-220_1484	PKGVKGAKGEQGAIG	1
cluster-318_406	CYWAFKQKHHLVRHM	1
cluster-136_1506	ASQEEQQKKHRPTLL	1
cluster-41_1656	PKTEEKEKEKVDDKK	1
cluster-34_194	xxDIPVFKKDVNGNA	1
cluster-31_1482	IRRAQGEKEHFQSEL	1
cluster-31_1092	RAQERADKASAELRR	1
cluster-31_1035	SADWESTKQRIARLE	1
cluster-31_1019	KSKAELEKATCEMGR	1
cluster-31_941	EAIGDKEKQMAQLRD	1
cluster-31_827	LKESLCAKEEHYNML	1
cluster-212_633	KDFIVRYKCLIKNKS	1
cluster-121_450	ATETTDLKDLQIKRV	1
cluster-36_402	FGPPGTGKSYLAKAV	1
cluster-12_3	xxxxMSSKIxxxxxx	1
cluster-126_96	LLARDGAKVIAVDRN	1
cluster-308_252	CCNVCNKKFTQVTSL	1
cluster-308_251	YCCNVCNKKFTQVTS	1
cluster-14_503	QRLIFAGKQLEDGRT	1
cluster-14_482	SDTIENVKAKIQDKE	1
cluster-14_466	FVKTLTGKTITLEVE	1
cluster-14_461	GGMQIFVKTLTGKTI	1
cluster-186_60	AIEAAIEKAGIAKTD	1
cluster-186_351	LVVLANIKKLDVDPA	1
cluster-293_202	DGSVKEVKPSEKMLE	1
cluster-121_370	CGYSCRNKETLRVHI	1
cluster-121_316	YKTRHELKRHQLKHT	1
cluster-121_241	KSAAQEYKCEHCGKI	1
cluster-121_200	TKVYQSRKVLERHIM	1
cluster-121_445	GIKKFKCKICGNAYA	1
cluster-121_238	FKKQRQPKDYNCPHC	1
cluster-121_233	EHQSVFKKQRQPKDY	1
cluster-354_131	HADLVPAKLANTRCP	1
cluster-281_463	YSCPECNKKIPTERK	1
cluster-282_428	CSKTFRTKFELSAHV	1
cluster-282_423	EVCDTCSKTFRTKFE	1
cluster-282_456	DSCGAKFKTKQNLLV	1
cluster-226_1508	CGRAFGGKSDLTRHL	1
cluster-194_269	SSLIKGIKGSKDECI	1
cluster-38_439	SHIARRVKAELNSHV	1
cluster-69_110	KLxxAESKSKSLLKK	1
cluster-107_606	MPSEDMLKACGGGTA	1
cluster-107_616	SGSSTIAKPSPHLRG	1
cluster-126_116	SALAELRKLNLNVHG	1
cluster-337_361	PHCASFYKQRKTLAR	1
cluster-337_342	SSTLKEHKLVHNAER	1
cluster-337_311	FAMKQHLKQHSRLHL	1
cluster-337_274	FKCSKCTKTFTRKFH	1
cluster-337_147	GKSDSxKKVAFECRE	1
cluster-337_146	DGKSDSxKKVAFECR	1
cluster-337_141	SAADDDGKSDSxKKV	1
cluster-326_96	QKLDDDQKAERVSVI	1
cluster-305_185	PCDLCDKKFARGGQL	1
cluster-305_184	YPCDLCDKKFARGGQ	1
cluster-305_175	MRLHSGEKPYPCDLC	1
cluster-305_121	HSDERPHKCKDCGKS	1
cluster-62_831	QLIRFxxKKLDEVIE	1
cluster-62_775	EKILGMIKTGKKQGA	1
cluster-62_745	RSAERAKKRTVGNPF	1
cluster-37_348	EDIEFVCKTLHCRPI	1
cluster-20_125	HVLVTGPKDSPFEGG	1
cluster-300_524	GNMGFAMKLMDLQRS	1
cluster-300_512	QKAFFQGKIKIQGNM	1
cluster-170_417	LSSATALKLHKEGIH	1
cluster-170_389	VHSMSALKEHVLKHT	1
cluster-170_261	GSSPSTEKAGEDAAD	1
cluster-136_327	ASQEEQQKKHRPTLL	1
cluster-62_878	VFVNVYNKTDVAAPF	1
cluster-62_795	GCRVPNLKGYFFTPT	1
cluster-185_114	ILKYPTIKIVRNGLI	1
cluster-73_308	CDRSFQRKAHLVTHT	1
cluster-73_247	FACRFCEKRYVSYMG	1
cluster-73_102	NSELESEKCAFSDFG	1
cluster-70_82	DRCLRSQKIFEESLV	1
cluster-70_139	xxxxxxIKLESLSNG	1
cluster-70_196	KSDSENPKKRRNRRN	1
cluster-70_185	SDTEVDAKQELKSDS	1
cluster-70_154	EDILNESKINEDEPN	1
cluster-70_422	QVLEQEQKRELKEEE	1
cluster-70_414	HLEKAEMKQVLEQEQ	1
cluster-70_359	YVCGTCGKAFTTGYI	1
cluster-37_249	AGFEMAPKSYDNCKI	1
cluster-337_384	GDQKLKLKxxxxxxx	1
cluster-337_283	FFNKSALKVHIHAHM	1
cluster-337_251	FTREQNLKAHLLIHA	1
cluster-337_225	TQSLDSHKCKDMQER	1
cluster-170_446	FNYITGLKDHKLVHT	1
cluster-170_428	EGIHNQIKPYVCDLC	1
cluster-170_344	YKCNICKKPYKKPKA	1
cluster-170_338	SEVPAMYKCNICKKP	1
cluster-180_229	xxYVPLPKGDVHKKK	1
cluster-180_1	xxxxxxMKIEExxxV	1
cluster-70_274	YACRFCSKTYRGCSS	1
cluster-70_221	DQCGGVFKSSTYLKL	1
cluster-70_109	LDKPDVEKLQQDLWD	1
cluster-322_290	HVCHICGKHLTTAFN	1
cluster-339_90	NVVKAEMKSEPTDEV	1
cluster-339_335	MLTHTGEKPFLCRVC	1
cluster-339_254	HMAEKPFKCEICSKS	1
cluster-339_186	VRKTRMTKRGRGRPR	1
cluster-73_193	CGRIINNKSNFQEHT	1
cluster-227_1337	FHCTVCGKDFARSDK	1
cluster-227_158	LTMIETVKLEMEPRS	1
cluster-69_88	RLRGQIKKSPEEYQE	1
cluster-79_152	PLLSDLTKKISADYD	1
cluster-194_159	IAAEILKKAGVYDPK	1
cluster-194_124	NVNAGIIKDISNSIA	1
cluster-101_654	YLQKHLQKHAEKAEK	1
cluster-101_640	HICNLCGKSYTQETY	1
cluster-307_301	SPKVETFKKKVGRKP	1
cluster-307_286	KCDRSGRKPVAYHKN	1
cluster-307_279	PTHAKPEKCDRSGRK	1
cluster-307_276	DYDPTHAKPEKCDRS	1
cluster-307_354	HKILLGDKKEFKYIC	1
cluster-307_275	IHARNATKRRVNPRR	1
cluster-72_125	DTLYNRLKSEVNPxx	1
cluster-364_57	PTAGFNIKSVAADGF	1
cluster-141_1405	GGGKAVKKPPPKSIA	1
cluster-141_1316	AEKAALDKRDISNAN	1
cluster-141_1301	LRHQRNLKDLKAAYD	1
cluster-206_2324	KAAEQQKKDSSESVF	1
cluster-227_889	AHQLEEHKWEEAVLV	1
cluster-227_1235	QCGLCTRKYNRKDRL	1
cluster-227_1221	EASGDEPKTEGQVFQ	1
cluster-227_1203	HMDLQHVKTEDQELD	1
cluster-227_1179	ENREKQFKCTRCGYK	1
cluster-62_794	GGQPLPDKGSLFYAP	1
cluster-62_432	xxxxxxDKALVDGAW	1
cluster-62_433	xxxxxYTKLFINNEF	1
cluster-152_733	DSPSKKRKDSDKKRQ	1
cluster-152_107	EDESFEKKHDRPFLL	1
cluster-228_1108	KPNLSCIKEFNEKRL	1
cluster-228_1056	QAQLAPLKLNEIPGE	1
cluster-27_79	KYVPEHTKSLVNPGY	1
cluster-298_364	FICPQCPKHNAFATE	1
cluster-298_262	IREHFKDKHPDERPY	1
cluster-70_302	FACQQCGKRFYTDHL	1
cluster-70_283	FTDQSNFKLHMLRHT	1
cluster-70_242	TTKPKRKKQYVTWKN	1
cluster-70_241	ATTKPKRKKQYVTWK	1
cluster-1_294	IEVVNGLKMVEVNSN	1
cluster-281_447	IDYHKLNKHVPKSEF	1
cluster-295_462	HTGHxxxKPYVCEHC	1
cluster-295_406	IGELPxFKCTLCDRS	1
cluster-18_750	AGVLTQVKQEVKPII	1
cluster-18_344	CAKTFTRKEHMVNHV	1
cluster-18_339	FRCQYCAKTFTRKEH	1
cluster-246_237	YKEREEVKQKLQVYS	1
cluster-116_479	YTNIWSGKWCIKDDH	1
cluster-54_1403	MLRAKLEKIECDRSE	1
cluster-257_675	NSSPQKLKPVPNPAT	1
cluster-203_48	ECAIPGKKSTPWEGG	1
cluster-203_47	WECAIPGKKSTPWEG	1
cluster-125_69	NNLVVNGKKIQLLKE	1
cluster-295_375	KSFRQKLKCEVCEHS	1
cluster-178_96	AGKETCSKYSVSGYP	1
cluster-236_212	ADSSSAIKFEHQTQR	1
cluster-72_128	TDLEVIIKDNKIIxx	1
cluster-92_754	KAPAHIKKIMLRDEF	1
cluster-92_409	LEAFGNAKTNRNDNS	1
cluster-7_421	CITIIGDKENNKNAC	1
cluster-202_64	PTLGFNIKTLEHNGY	1
cluster-168_252	TTHTSTPKQRExxxx	1
cluster-192_248	TGLLVPEKAPYNKGA	1
cluster-24_22	DDKDKKKKYEPPIPT	1
cluster-24_215	YYEEMGIKPPKGVIL	1
cluster-72_134	TDLYKLLKTQRLSND	1
cluster-3_583	EKFADEDKKLKERVE	1
cluster-3_69	YSCVGVYKNGRVEII	1
cluster-311_375	PDCPKTFKTPGTLAM	1
cluster-311_366	LAHKIRHKCPDCPKT	1
cluster-25_23	EETREETKPPQTPAE	1
cluster-143_438	TTVASSVKGEPELNI	1
cluster-220_509	IPGYPGLKGSKGERG	1
cluster-354_16	DNPESSAKVSDAEEE	1
cluster-343_161	SVGVHACKRAEVTLG	1
cluster-111_229	GGSLGSRKGVNLPGV	1
cluster-18_457	CSKTFTRKEHLLNHV	1
cluster-18_452	HRCDFCSKTFTRKEH	1
cluster-18_569	CKKTFTRKEHLTNHV	1
cluster-18_564	HRCSYCKKTFTRKEH	1
cluster-18_373	CKKSFTRKEHYVNHY	1
cluster-18_246	RRYHSERKPFMCQVC	1
cluster-0_177	FVMETSAKENMNVxx	1
cluster-41_724	EDQPVFLKEAGLKLH	1
cluster-25_22	EETREETKxPPQTPA	1
cluster-121_232	EEHQSVFKxxRQPKD	1
cluster-29_74	RALGFEPKKEEIKxx	1
cluster-29_31	GRKKSGPKFELSEAQ	1
cluster-182_299	DKVYVPVKIKTEEDE	1
cluster-18_541	CTKTFTRKEHLTNHV	1
cluster-18_536	HKCTYCTKTFTRKEH	1
cluster-305_271	FECEICHKMIEPDED	1
cluster-100_823	YSCKFCGKVFPRSAN	1
cluster-30_7896	RISQLQDKLNALHEQ	1
cluster-30_7305	LKELKDSKSKMGDMQ	1
cluster-311_372	HKCPDCPKTFKTPGT	1
cluster-25_16	RRRRLSRKPARRRKK	1
cluster-29_33	xxxxxHVKQTFTTLE	1
cluster-226_1475	FKCEFCGKAFKLRHH	1
cluster-229_39	EGAVGASKQRETPEK	1
cluster-229_25	ESTGNVRKPEKKPLE	1
cluster-42_817	NVTSTNPKTPSPSTH	1
cluster-107_609	NAADELLKVCAESVA	1
cluster-107_423	FPCNICGKRFVINSA	1
cluster-107_268	EEDEDGEKSxxxKSR	1
cluster-89_978	SPKPTPRKQKKRSKT	1
cluster-89_822	ERQPSKEKQRSRERQ	1
cluster-156_248	ANESCDAKKSKKGPA	1
cluster-298_431	CGSWHKNKHSLKKHV	1
cluster-298_209	KAKRTPCKAEGTPQK	1
cluster-191_306	ACVGTDMKGLNGIQD	1
cluster-207_2129	ETQTFSSKTEWRVRA	1
cluster-82_56	EHAAKIIKENMDKKF	1
cluster-93_1074	AQQQALGKQKYDLSK	1
cluster-34_260	RAVNQDKKNILFSGT	1
cluster-11_239	xxxFQVQKVIQGLED	1
cluster-49_309	SRSTPSLKTKDMEKP	1
cluster-98_721	LKKEQIRKDFLDMLR	1
cluster-31_1782	APHPQLEKHVQKLES	1
cluster-31_1533	KMRDRYEKSQVELRK	1
cluster-31_1375	DEKDTSNKEFEKMLE	1
cluster-31_1271	DTDRIREKLEKTQVQ	1
