cluster-0_16	AAPAPxEKxPxKKKA	4
cluster-5_161	xxxxGLxKxxGxSNF	3
cluster-20_163	EADLVxAKEANxKCP	3
cluster-0_65	VSLxALKKxLAAxGY	3
cluster-1_122	QAVLLPKKxxxxxxx	3
cluster-0_98	KGxLVQTKGTGAxGS	3
cluster-0_107	TGAxGSFKLNKKAxS	3
cluster-58_255	RQTASIFKQPVTKxT	2
cluster-4_27	xRIVAxGKGILAADE	2
cluster-4_107	KGxVVGIKxDxGxxP	2
cluster-56_173	PGxSxDVKPFxQxxY	2
cluster-57_159	DYTKHPxKPDPSGEC	2
cluster-42_15	xRxGxxMKEEPLGSG	2
cluster-46_46	VLALPIFKQExxxLS	2
cluster-31_399	DSExxPVKGGTxxDL	2
cluster-59_127	EDIAVFAKQxRAEKP	2
cluster-7_1025	DKVNTLTKxKxKLEQ	2
cluster-63_37	PxTGGVKKPHRYRPG	2
cluster-17_329	APSTMKIKIIAPPER	2
cluster-6_6	xMSxxxxKxxxExxG	2
cluster-17_114	TEAPLNPKANREKMT	2
cluster-61_22	GxAAAxSKTAVAPIE	2
cluster-0_161	KTPKKAKKPAAAxxx	2
cluster-0_53	TKAVAASKERSGVSL	2
cluster-12_212	xIRANGxKLExxxxx	2
cluster-0_118	KAASGEAKPxAKKAG	2
cluster-41_271	LEQTYxAKLxNAxLx	2
cluster-7_760	DIDHTQYKFGHTKVF	2
cluster-21_109	LLPGELAKHAVSEGT	2
cluster-19_51	xxDxSxIKIEFxxEQ	2
cluster-16_327	HPVxTxVKGxxGIxx	2
cluster-29_31	FCSxKKLKxEPSxxW	2
cluster-32_712	NDAPALKKxEIGIAM	2
cluster-14_450	xxHFYxxKLEGKVPM	2
cluster-14_39	xxxxxxIKxEPxSPx	2
cluster-13_77	xxxxSNVKVETQSDE	2
cluster-6_4	xxxMxxEKPKxxxxx	2
cluster-22_568	TWGITSCKAPGxAQF	2
cluster-27_12	AExAVLAKQETKQDC	1
cluster-33_316	DAPLAVVKREPADAP	1
cluster-18_213	EVVQSGGKNIELAVM	1
cluster-50_55	APAKKDVKGxxxxxx	1
cluster-50_51	DGTEAPAKKDVKGxx	1
cluster-52_8	ATVAATTKVPEIRDV	1
cluster-30_364	THRKIIAKGEELLSP	1
cluster-18_199	SALALAVKVLNKTMD	1
cluster-38_699	PNLPLKVKPTLMTVR	1
cluster-38_40	ANGNVEAKVVCLFRR	1
cluster-28_866	PLNLTFIKKEFSNSN	1
cluster-60_94	xPKLTAPKIPEGEKV	1
cluster-60_50	EAPEPEEKPRxxxxx	1
cluster-60_192	EDDMKKKKALSSMGA	1
cluster-18_171	KATAAGVKQTESTSF	1
cluster-5_24	LIGLGTWKSEPxxxG	1
cluster-5_157	ALEVLVAKGLVKALG	1
cluster-23_2119	SPSKSPAKLNQSGAS	1
cluster-23_1858	PVVQMPEKVELVTGE	1
cluster-23_1717	GGSNTEFKSIKDGFS	1
cluster-20_20	KQNGKSKKVEEAEPE	1
cluster-4_242	AGHACTKKYTPEQVA	1
cluster-4_214	KVLAAVYKALNDHHV	1
cluster-45_271	AEEYRDQKPEQTVCF	1
cluster-45_213	SELQGLLKMEDVAPV	1
cluster-45_175	EPVEPLLKQESLGSL	1
cluster-34_493	SAFPGGIKQEPDDGS	1
cluster-15_265	TTMQGLAKLKPAFKD	1
cluster-32_204	RAVNQDKKNMLFSGT	1
cluster-10_876	AAPFGGFKQSGFGKD	1
cluster-10_865	VFVNTYNKTDVAAPF	1
cluster-10_767	EYCQRGVKEGATLVC	1
cluster-15_74	AIQGAIEKAGIPKEE	1
cluster-38_351	AEAESKLKQVYIPNY	1
cluster-2_76	HTNAANIKLEQDDET	1
cluster-2_478	CEKAFSGKSDLISHQ	1
cluster-2_473	FKCLECEKAFSGKSD	1
cluster-15_372	ALDLDPSKTNVSGGA	1
cluster-15_364	PQFLSVQKALDLDPS	1
cluster-15_240	EMAPIEVKTKKGKQT	1
cluster-16_122	QHGSVFMKMPNIVCS	1
cluster-37_621	CITSQMIKWFSNFRE	1
cluster-33_435	DQKMSSVKEEQDIKP	1
cluster-33_231	TCKSEPVKEEGSELE	1
cluster-8_289	KEMKSTIKQEPTEKK	1
cluster-2_162	YTVERIYKTERCDED	1
cluster-26_12	QAKPRSVKVEEGEAS	1
cluster-30_319	KLGNIEFKPESRVNG	1
cluster-24_1674	KGTTEVEKVEEKSAV	1
cluster-24_1593	KIEENSLKEEESTEG	1
cluster-24_1249	FGTEELFKDEATDGG	1
cluster-9_418	LIIEGATKADSAEYS	1
cluster-39_651	KMTTSQLKEELLDGx	1
cluster-60_79	EGPVEDTKPKPSRLF	1
cluster-26_1176	RCSSCNVKFESESEL	1
cluster-1_98	RNDEELNKLLGKVTI	1
cluster-1_7	MSGxxRGKQGGKARA	1
cluster-36_651	FIKDPVQKNEFISEY	1
cluster-25_360	NKAGVSVKPFQVKNH	1
cluster-25_1259	DPDTTVVKVEFDEEF	1
cluster-28_555	PAPTNSCKSEKLPED	1
cluster-28_391	PLSVNQIKTEPVDYx	1
cluster-44_328	PAELPNIKREISxxx	1
cluster-50_25	SMSSLQIKEEKVKAD	1
cluster-62_109	PLLADVTKSLSQNYG	1
cluster-57_211	WDISAVPKEGKVVDA	1
cluster-57_101	ASHYDSEKGEFGGFG	1
cluster-9_872	LVIPFQGKPRPQVVW	1
cluster-9_322	KRILTINKCTLADDA	1
cluster-9_314	YVFENVGKKRILTIN	1
cluster-7_942	INAELTAKKRKLEDE	1
cluster-7_850	LKSAETEKEMANMKE	1
cluster-7_747	DSKKASEKLLGSIDI	1
cluster-7_72	GGATVTVKDDQVFSM	1
cluster-7_726	ADFKQRYKVLNASAI	1
cluster-7_643	GKKGGKKKGSSFQTV	1
cluster-7_637	EAEGGGGKKGGKKKG	1
cluster-7_617	LYQKSGLKTLAFLFS	1
cluster-7_572	FQKPKPAKGKAEAHF	1
cluster-7_544	EEECMFPKATDTSFK	1
cluster-7_415	VGNEYVTKGQTVQQV	1
cluster-7_399	LNSADLLKALCYPRV	1
cluster-7_385	DGTEVADKAAYLTSL	1
cluster-7_365	VMHYGNMKFKQKQRE	1
cluster-7_236	LEAFGNAKTVRNDNS	1
cluster-7_213	KEEATSGKMQGTLED	1
cluster-7_205	IAVTGDKKKEEATSG	1
cluster-7_1933	KSREVHTKVIxxxxS	1
cluster-7_1922	IAESQVNKLRVKSRE	1
cluster-7_1898	QSNVNLAKFRKIQHE	1
cluster-7_1834	NEVENEQKRNIEAVK	1
cluster-7_1794	KNMEQTVKDLQHRLD	1
cluster-7_1572	QLELNQVKSEIDRKI	1
cluster-7_1506	ETLKRENKNLQQEIS	1
cluster-7_1421	CASLEKTKQRLQNEV	1
cluster-7_1395	ELEEAKKKLAQRLQD	1
cluster-7_1329	LEEESKAKNALAHAL	1
cluster-7_1308	VSQLSRGKQAFTQQI	1
cluster-7_1265	QLSEVKTKEEEQQRL	1
cluster-7_1250	KAKGNLEKMCRTLED	1
cluster-7_1243	SNMETVSKAKGNLEK	1
cluster-7_1168	SAQIEMNKKREAEFQ	1
cluster-7_1109	ALGMQLQKKIKELQA	1
cluster-7_1000	AKLTKEKKALQEAHQ	1
cluster-2_123	QxQNTPSKLSEQRVR	1
cluster-27_643	AKEVTIAKADTTSTV	1
cluster-49_393	SEEMRPIKTEPxGLS	1
cluster-8_118	ELQGSTLKIPVVERK	1
cluster-19_63	EEQIAEFKEAFSLFD	1
cluster-31_761	LEEFSKMKEEVPTAL	1
cluster-31_604	VPETAKGKPELQSSA	1
cluster-31_434	GNKGEQTKNPDLHED	1
cluster-12_64	xxxxxLPKVETEAPG	1
cluster-44_462	DLVNRIIKQEPxxxx	1
cluster-45_104	QLGPSTIKAEEDDEK	1
cluster-51_362	VDAKAQVKTETTGPQ	1
cluster-51_365	GPLRPQIKTEQLSPS	1
cluster-7_353	EEKAGVYKLTGAIMH	1
cluster-25_543	LKTLRYGKIMIMTDQ	1
cluster-25_520	AEINNIIKIVGLQYK	1
cluster-25_497	GVFPLRGKILNVREA	1
cluster-25_1239	PQVTVEMKAEAEKKI	1
cluster-63_56	REIRRYQKSTELLIR	1
cluster-63_115	NLCAIHAKRVTIMPK	1
cluster-3_54	IRTCLGPKSMMKMLL	1
cluster-3_295	NLVKQIKKTGCNVLL	1
cluster-3_449	YSRTIPGKQQLLIGA	1
cluster-21_6	xMPEVAVKGATISKK	1
cluster-5_3	xxxxMDSKQQTVRLS	1
cluster-5_38	SKATEATKIAIDAGF	1
cluster-5_185	KKPGLKYKPVCNQVE	1
cluster-5_131	PGENYLPKDENGKLI	1
cluster-9_643	SAMPAATKPEPPSEx	1
cluster-36_331	KRKNKEIKIEPEPCG	1
cluster-54_155	MGTLLISKIREEYPD	1
cluster-54_369	VPGGDLAKVQRAVCM	1
cluster-54_335	NAAIATIKTKRTIQF	1
cluster-54_303	EPANQMVKCDPRHGK	1
cluster-17_69	KRGILTLKYPIEHGI	1
cluster-17_51	VMVGMGQKDSYVGDE	1
cluster-17_327	ALAPSTMKIKIIAPP	1
cluster-17_316	GIADRMQKEITALAP	1
cluster-11_373	GGSTRIPKIQKLLQD	1
cluster-11_285	KKDISENKRAVRRLR	1
cluster-11_279	EFKRKHKKDISENKR	1
cluster-53_179	EVSAYIKKIGYNPAT	1
cluster-6_45	KRHTPLSKLMKAYCE	1
cluster-6_38	SVVQFKIKRHTPLSK	1
cluster-6_36	DGSVVQFKIKRHTPL	1
cluster-6_24	NNDHINLKVAGQDGS	1
cluster-6_14	xxEGxxVKTENNDHI	1
cluster-52_233	EEYVPLPKGDVHKKK	1
cluster-39_674	DIIAVCVKEEHQDIS	1
cluster-43_347	GIEIPAEKVFLAQKM	1
cluster-43_249	GGSLGSKKGVNLPGA	1
cluster-61_42	LQVQHASKQITADKQ	1
cluster-37_725	SEVPEIFKSPNCLQE	1
cluster-40_33	EVLRKAMKGLGTDED	1
cluster-10_816	VMQILKFKTxxIEEV	1
cluster-10_771	SGQQEGAKLLCGGGA	1
cluster-10_763	KKILGYIKSGQQEGA	1
cluster-12_33	SETRHSPKREEQLRE	1
cluster-12_288	HFPSRAIKSEYPDPY	1
cluster-0_35	KAAAPRKKPAGPSVS	1
cluster-8_291	CPPTVVVKEELGGDV	1
cluster-62_92	AWINTPKKQGGLGPM	1
cluster-62_67	DRADEFKKLNCQVIG	1
cluster-47_165	VSSSEDIKPLPGLPG	1
cluster-47_166	SGPPEDVKPPVLGVR	1
cluster-48_97	ANTNTCNKYGVSGYP	1
cluster-48_85	xxIVPLAKVDCTANT	1
cluster-10_841	LAAGLFTKDLDKAIT	1
cluster-10_782	GGGRWGNKGFFVQPT	1
cluster-10_733	RSVERAKKYVLGNPL	1
cluster-10_656	TGSTQVGKLIKEAAG	1
cluster-10_422	xxxxxxxKIFINNEW	1
cluster-11_452	NTVVPTKKSQIFSTA	1
cluster-11_164	AEAYLGKKVTHAVVT	1
cluster-23_2979	EDENFILKHTGPGIL	1
cluster-23_3006	QFFICTAKTEWLDGK	1
cluster-55_119	GVSLAVCKAGAAERD	1
cluster-55_325	DLTVTNPKRIAKAAS	1
cluster-11_567	NRDRVAAKNAVESYT	1
cluster-0_91	GLKSLVSKGILVQTK	1
cluster-40_305	KSLYSMIKNDTSGEY	1
cluster-41_241	RQIEYEYKLAQALHE	1
cluster-41_145	YEAALNSKDAALATA	1
cluster-3_248	PKRIVNAKIACLDFS	1
cluster-21_117	HAVSEGTKAVTKYTS	1
cluster-53_438	TVAVGVIKAVDKKAA	1
cluster-53_29	TTGHLIYKCGGIDKR	1
cluster-53_19	IGHVDSGKSTTTGHL	1
cluster-53_145	LAYTLGVKQLIVGVN	1
cluster-1_116	GVIPHIHKSLIGKKG	1
cluster-48_460	VHSFPTLKFFPASAD	1
cluster-35_679	GNMERIMKAQAYQTG	1
cluster-35_139	HINLIPSKQDRTLTI	1
cluster-35_698	TMGYMAAKKHLEINP	1
cluster-35_609	KTLVSVTKEGLELPE	1
cluster-35_597	EYCVQQLKEFEGKTL	1
cluster-35_167	NNLGTIAKSGTKAFM	1
cluster-35_155	DTGIGMTKADLINNL	1
cluster-34_681	TKKxxKIKGIxxxxx	1
cluster-34_495	LSQQQDQKPVFxNVI	1
cluster-34_427	xxxxxVIKQEKLGPV	1
cluster-34_399	SVALPQVKTEKDDFI	1
cluster-19_102	PTNAEVKKVLGNPSN	1
cluster-19_78	RTxxGECKITLSQVG	1
cluster-19_199	INYEAFVKHIMSVxx	1
cluster-19_115	SNEEMNAKKIEFEQF	1
cluster-4_41	ESTGSIAKRLQSIGT	1
cluster-4_341	NSLACQGKYTPSGQS	1
cluster-16_125	SLFLSTPKIVFGKDY	1
cluster-16_317	RSILKNLKRVHPVTT	1
cluster-16_281	EHWKNVHKQVVEGGY	1
cluster-16_167	QRNVAIMKAIVPGIV	1
cluster-49_280	PASSFTPKQRSKARS	1
cluster-13_91	DRDENIMKPEPMGDA	1
cluster-13_271	xxEARHIKAEMGSER	1
cluster-13_119	YSDYESIKLERHVPY	1
cluster-14_116	xGEQGSGKLVLSSLP	1
cluster-13_47	SGAQQNSKSDRGMAx	1
cluster-13_397	DNLLLLSKAKSVSSE	1
cluster-13_273	EMAEDLCKIGAERSL	1
cluster-13_259	PGMYPVIKEETNHNE	1
cluster-24_1325	EIEREIIKQEENVDP	1
cluster-22_2045	GVNSVSIKRGLSVDS	1
cluster-4_155	RCVLKIGKHTPSALA	1
