GO_F_term	Count	% Proportion
ATP binding	383	8.60
RNA polymerase II cis-regulatory region sequence-specific DNA binding	218	4.89
DNA-binding transcription factor activity, RNA polymerase II-specific	205	4.60
zinc ion binding	205	4.60
metal ion binding	137	3.08
DNA binding	137	3.08
DNA-binding transcription factor activity	127	2.85
sequence-specific DNA binding	109	2.45
GTP binding	106	2.38
GTPase activity	100	2.25
RNA binding	92	2.07
ATPase activity	91	2.04
RNA polymerase II transcription regulatory region sequence-specific DNA binding	62	1.39
actin filament binding	53	1.19
transcription regulatory region sequence-specific DNA binding	48	1.08
chromatin binding	43	0.97
mRNA binding	42	0.94
RNA helicase activity	38	0.85
actin binding	37	0.83
calcium ion binding	34	0.76
motor activity	34	0.76
microtubule binding	34	0.76
DNA-binding transcription activator activity, RNA polymerase II-specific	33	0.74
protein serine/threonine kinase activity	32	0.72
unfolded protein binding	31	0.70
protein serine kinase activity	30	0.67
protein threonine kinase activity	30	0.67
nucleic acid binding	27	0.61
DNA-binding transcription repressor activity, RNA polymerase II-specific	26	0.58
protein heterodimerization activity	25	0.56
nuclear receptor activity	25	0.56
magnesium ion binding	24	0.54
isomerase activity	23	0.52
transcription coregulator activity	22	0.49
histone binding	22	0.49
protein kinase activity	21	0.47
structural constituent of ribosome	21	0.47
DNA topoisomerase type I (single strand cut, ATP-independent) activity	21	0.47
ubiquitin-protein transferase activity	20	0.45
nucleosome-dependent ATPase activity	20	0.45
actin-dependent ATPase activity	19	0.43
structural constituent of cytoskeleton	19	0.43
D-threo-aldose 1-dehydrogenase activity	18	0.40
RNA polymerase II transcription factor binding	17	0.38
microfilament motor activity	17	0.38
chromatin DNA binding	17	0.38
structural constituent of muscle	17	0.38
signaling receptor activity	17	0.38
transferase activity	17	0.38
ligand-gated ion channel activity	16	0.36
transcription factor binding	16	0.36
heat shock protein binding	16	0.36
helicase activity	16	0.36
protein homodimerization activity	15	0.34
protein dimerization activity	15	0.34
heme binding	15	0.34
SUMO ligase activity	14	0.31
protein kinase binding	14	0.31
translation elongation factor activity	14	0.31
peptidyl-prolyl cis-trans isomerase activity	14	0.31
ubiquitin conjugating enzyme activity	14	0.31
ubiquitin protein ligase binding	14	0.31
misfolded protein binding	13	0.29
calcium transmembrane transporter activity, phosphorylative mechanism	13	0.29
protein folding chaperone	13	0.29
identical protein binding	13	0.29
microtubule-severing ATPase activity	13	0.29
alditol:NADP+ 1-oxidoreductase activity	13	0.29
calmodulin binding	12	0.27
NAD binding	12	0.27
ATP-dependent microtubule motor activity, plus-end-directed	12	0.27
ATPase-coupled intramembrane lipid transporter activity	12	0.27
carbonate dehydratase activity	11	0.25
extracellular matrix structural constituent	11	0.25
tau-protein kinase activity	11	0.25
mRNA 3'-UTR binding	11	0.25
cyclin-dependent protein serine/threonine kinase activity	11	0.25
oxidoreductase activity, acting on the aldehyde or oxo group of donors, NAD or NADP as acceptor	10	0.22
hydro-lyase activity	10	0.22
kinase activity	10	0.22
pyridoxal phosphate binding	10	0.22
cis-regulatory region sequence-specific DNA binding	10	0.22
MAP-kinase scaffold activity	9	0.20
DNA-dependent ATPase activity	9	0.20
chitin binding	9	0.20
AMP deaminase activity	9	0.20
transcription corepressor activity	9	0.20
kainate selective glutamate receptor activity	8	0.18
proton-transporting ATP synthase activity, rotational mechanism	8	0.18
double-stranded DNA binding	8	0.18
cyclosporin A binding	8	0.18
proteasome-activating ATPase activity	8	0.18
dynein light intermediate chain binding	8	0.18
chaperone binding	8	0.18
myosin binding	8	0.18
small GTPase binding	8	0.18
transcription coactivator activity	7	0.16
nucleotide binding	7	0.16
peroxidase activity	7	0.16
histone deacetylase binding	7	0.16
NADP binding	7	0.16
proton-transporting ATPase activity, rotational mechanism	7	0.16
G protein-coupled receptor activity	7	0.16
ATPase-coupled cation transmembrane transporter activity	7	0.16
cell adhesion molecule binding	7	0.16
enzyme regulator activity	7	0.16
chromatin insulator sequence binding	7	0.16
palmitoyltransferase activity	7	0.16
protein tag	7	0.16
cation channel activity	7	0.16
nucleosomal DNA binding	7	0.16
protein disulfide isomerase activity	7	0.16
calcium channel activity	7	0.16
ubiquitin protein ligase activity	6	0.13
indanol dehydrogenase activity	6	0.13
histone demethylase activity	6	0.13
GDP binding	6	0.13
metalloendopeptidase activity	6	0.13
myosin light chain binding	6	0.13
Rho-dependent protein serine/threonine kinase activity	6	0.13
protein-cysteine S-palmitoyltransferase activity	6	0.13
GTPase activator activity	6	0.13
steroid hormone receptor activity	6	0.13
creatine kinase activity	6	0.13
repressing transcription factor binding	6	0.13
arginine kinase activity	6	0.13
DNA helicase activity	6	0.13
NAD-dependent histone deacetylase activity (H3-K14 specific)	6	0.13
ionotropic glutamate receptor activity	6	0.13
histone deacetylase activity	6	0.13
ion channel activity	5	0.11
myosin light chain kinase activity	5	0.11
peptide disulfide oxidoreductase activity	5	0.11
isocitrate dehydrogenase (NADP+) activity	5	0.11
histone acetyltransferase activity	5	0.11
electron transfer activity	5	0.11
peroxiredoxin activity	5	0.11
iron ion binding	5	0.11
NMDA glutamate receptor activity	5	0.11
fructose-bisphosphate aldolase activity	5	0.11
UMP kinase activity	5	0.11
glutamate-ammonia ligase activity	5	0.11
thioredoxin peroxidase activity	5	0.11
ATP-dependent peptidase activity	5	0.11
phosphoglycerate mutase activity	5	0.11
fumarate hydratase activity	5	0.11
bisphosphoglycerate mutase activity	5	0.11
RNA polymerase II CTD heptapeptide repeat kinase activity	5	0.11
serine-type endopeptidase inhibitor activity	5	0.11
proton-exporting ATPase activity, phosphorylative mechanism	5	0.11
manganese transmembrane transporter activity, phosphorylative mechanism	5	0.11
long-chain fatty acid-CoA ligase activity	5	0.11
ankyrin binding	5	0.11
MAP kinase activity	5	0.11
protein-containing complex binding	5	0.11
mechanosensitive ion channel activity	5	0.11
nucleosome binding	5	0.11
methyltransferase activity	4	0.09
carboxy-lyase activity	4	0.09
signaling receptor binding	4	0.09
cytidylate kinase activity	4	0.09
calcium-dependent phospholipid binding	4	0.09
myosin heavy chain binding	4	0.09
monooxygenase activity	4	0.09
adenylate kinase activity	4	0.09
snoRNA binding	4	0.09
protein domain specific binding	4	0.09
oxidoreductase activity	4	0.09
glutamate receptor activity	4	0.09
L-malate dehydrogenase activity	4	0.09
glyceraldehyde-3-phosphate dehydrogenase (NAD+) (phosphorylating) activity	4	0.09
hydrolase activity	4	0.09
potassium ion binding	4	0.09
preribosome binding	4	0.09
histone demethylase activity (H3-K27 specific)	4	0.09
molecular adaptor activity	4	0.09
transmitter-gated ion channel activity involved in regulation of postsynaptic membrane potential	4	0.09
oxidoreductase activity, acting on paired donors, with incorporation or reduction of molecular oxygen	4	0.09
dioxygenase activity	4	0.09
transcription coactivator binding	4	0.09
pyruvate kinase activity	4	0.09
aldehyde dehydrogenase (NAD+) activity	4	0.09
methylated histone binding	4	0.09
histone-lysine N-methyltransferase activity	4	0.09
long-chain fatty acid transporter activity	4	0.09
RNA polymerase II complex binding	4	0.09
ATP:ADP antiporter activity	3	0.07
dynein intermediate chain binding	3	0.07
peptidyl-cysteine S-nitrosylase activity	3	0.07
Hsp70 protein binding	3	0.07
L-lactate dehydrogenase activity	3	0.07
core promoter sequence-specific DNA binding	3	0.07
5'-3' DNA helicase activity	3	0.07
structural molecule activity	3	0.07
calcium-dependent ATPase activity	3	0.07
calcium-dependent protein kinase C activity	3	0.07
sodium:potassium:chloride symporter activity	3	0.07
ecdysone binding	3	0.07
histone acetyltransferase activity (H3-K27 specific)	3	0.07
DNA-(apurinic or apyrimidinic site) endonuclease activity	3	0.07
extracellular ligand-gated ion channel activity	3	0.07
phosphatase activity	3	0.07
very long-chain fatty acid-CoA ligase activity	3	0.07
lyase activity	3	0.07
acetyl-CoA C-acetyltransferase activity	3	0.07
double-stranded RNA binding	3	0.07
potassium:chloride symporter activity	3	0.07
cAMP response element binding protein binding	3	0.07
amino acid transmembrane transporter activity	3	0.07
MAP kinase kinase kinase activity	3	0.07
estradiol 17-beta-dehydrogenase activity	3	0.07
adenosylhomocysteinase activity	3	0.07
glutamate-gated calcium ion channel activity	3	0.07
glyceraldehyde-3-phosphate dehydrogenase (NAD+) (non-phosphorylating) activity	3	0.07
superoxide dismutase activity	3	0.07
thiol-dependent ubiquitin-specific protease activity	3	0.07
ATP citrate synthase activity	3	0.07
histone methyltransferase binding	3	0.07
dihydropyrimidinase activity	3	0.07
fructose 1,6-bisphosphate 1-phosphatase activity	3	0.07
tropomyosin binding	3	0.07
nuclear receptor coactivator activity	3	0.07
translation repressor activity, mRNA regulatory element binding	3	0.07
TBP-class protein binding	3	0.07
calmodulin-dependent protein kinase activity	3	0.07
histone acetyltransferase activity (H3-K18 specific)	3	0.07
histidine decarboxylase activity	3	0.07
steroid binding	3	0.07
acetyl-CoA C-acyltransferase activity	3	0.07
lipid binding	3	0.07
uridylate kinase activity	3	0.07
microtubule motor activity	3	0.07
ubiquitin activating enzyme binding	2	0.04
RNA polymerase II C-terminal domain phosphoserine binding	2	0.04
arginase activity	2	0.04
I-SMAD binding	2	0.04
U3 snoRNA binding	2	0.04
proteasome binding	2	0.04
protein serine/threonine/tyrosine kinase activity	2	0.04
transmembrane receptor protein tyrosine kinase activity	2	0.04
nuclear hormone receptor binding	2	0.04
integrin binding	2	0.04
gluconolactonase activity	2	0.04
manganese ion binding	2	0.04
histone demethylase activity (H3-trimethyl-K4 specific)	2	0.04
SUMO transferase activity	2	0.04
copper ion binding	2	0.04
testosterone 17-beta-dehydrogenase (NADP+) activity	2	0.04
catalase activity	2	0.04
protein tyrosine kinase activity	2	0.04
phosphatidylinositol-4,5-bisphosphate binding	2	0.04
dihydroorotase activity	2	0.04
L-iditol 2-dehydrogenase activity	2	0.04
glutathione transferase activity	2	0.04
tyrosine decarboxylase activity	2	0.04
endonuclease activity	2	0.04
aspartate 1-decarboxylase activity	2	0.04
pseudouridine synthase activity	2	0.04
cyclin binding	2	0.04
long-chain-3-hydroxyacyl-CoA dehydrogenase activity	2	0.04
glutamate decarboxylase activity	2	0.04
anaphase-promoting complex binding	2	0.04
enoyl-CoA hydratase activity	2	0.04
oxidoreductase activity, acting on the CH-OH group of donors, NAD or NADP as acceptor	2	0.04
SUMO-specific isopeptidase activity	2	0.04
acylphosphatase activity	2	0.04
cysteine-type peptidase activity	2	0.04
rRNA binding	2	0.04
SNARE binding	2	0.04
phosphopyruvate hydratase activity	2	0.04
3'-5' DNA helicase activity	2	0.04
protein-macromolecule adaptor activity	2	0.04
carbohydrate binding	2	0.04
dCMP kinase activity	2	0.04
dynein complex binding	2	0.04
p53 binding	2	0.04
rDNA binding	2	0.04
enzyme activator activity	2	0.04
satellite DNA binding	2	0.04
mitogen-activated protein kinase kinase binding	2	0.04
carbamoyl-phosphate synthase (glutamine-hydrolyzing) activity	2	0.04
histone methyltransferase activity	2	0.04
SH3 domain binding	2	0.04
DNA N-glycosylase activity	2	0.04
methenyltetrahydrofolate cyclohydrolase activity	2	0.04
endopeptidase activity	2	0.04
formate-tetrahydrofolate ligase activity	2	0.04
translation release factor activity	2	0.04
CMP kinase activity	2	0.04
histone methyltransferase activity (H3-K4 specific)	2	0.04
damaged DNA binding	2	0.04
ubiquitin conjugating enzyme binding	2	0.04
myosin VI head/neck binding	2	0.04
ribosome binding	2	0.04
aspartate carbamoyltransferase activity	2	0.04
histone methyltransferase activity (H3-K36 specific)	2	0.04
structural constituent of chromatin	2	0.04
pre-mRNA intronic binding	2	0.04
translation termination factor activity	2	0.04
alpha-tubulin binding	2	0.04
nuclear receptor binding	2	0.04
primary miRNA binding	2	0.04
U5 snRNA binding	2	0.04
methylenetetrahydrofolate dehydrogenase (NADP+) activity	2	0.04
spectrin binding	2	0.04
histone methyltransferase activity (H3-K9 specific)	2	0.04
structural constituent of nuclear pore	2	0.04
RNA polymerase binding	2	0.04
phosphatidylinositol 3-kinase catalytic subunit binding	2	0.04
disordered domain specific binding	2	0.04
microtubule plus-end binding	2	0.04
fatty acid transmembrane transporter activity	2	0.04
U1 snRNA binding	1	0.02
glucose-6-phosphate isomerase activity	1	0.02
NEDD8 transferase activity	1	0.02
histone demethylase activity (H3-K36 specific)	1	0.02
DNA topoisomerase binding	1	0.02
NEDD8 conjugating enzyme activity	1	0.02
RNA polymerase II transcription corepressor binding	1	0.02
ATPase activator activity	1	0.02
ubiquitin-like protein ligase binding	1	0.02
3-hydroxyacyl-CoA dehydrogenase activity	1	0.02
signaling adaptor activity	1	0.02
histone acetyltransferase activity (H3-K23 specific)	1	0.02
glutamine binding	1	0.02
protein phosphatase 1 binding	1	0.02
RNA polymerase II C-terminal domain binding	1	0.02
HMG box domain binding	1	0.02
fatty acid ligase activity	1	0.02
scaffold protein binding	1	0.02
glycine binding	1	0.02
lysine-acetylated histone binding	1	0.02
beta-tubulin binding	1	0.02
cAMP response element binding	1	0.02
RNA polymerase II repressing transcription factor binding	1	0.02
glutathione peroxidase activity	1	0.02
PDZ domain binding	1	0.02
cadherin binding	1	0.02
methyl-CpG binding	1	0.02
single-stranded DNA binding	1	0.02
phosphodiesterase I activity	1	0.02
protein phosphatase activator activity	1	0.02
aminoacylase activity	1	0.02
phosphoprotein binding	1	0.02
bHLH transcription factor binding	1	0.02
amino acid binding	1	0.02
endopeptidase inhibitor activity	1	0.02
protein phosphatase 2A binding	1	0.02
quinone binding	1	0.02
hydroxymethyl-, formyl- and related transferase activity	1	0.02
catalytic activity	1	0.02
ribosomal small subunit binding	1	0.02
nuclear localization sequence binding	1	0.02
protein serine/threonine phosphatase activity	1	0.02
S-(hydroxymethyl)glutathione dehydrogenase NAD activity	1	0.02
disulfide oxidoreductase activity	1	0.02
RNA polymerase I transcription regulatory region sequence-specific DNA binding	1	0.02
beta-N-acetylglucosaminidase activity	1	0.02
U6 snRNA binding	1	0.02
delta3,5-delta2,4-dienoyl-CoA isomerase activity	1	0.02
urate oxidase activity	1	0.02
protein threonine phosphatase activity	1	0.02
snRNA binding	1	0.02
large ribosomal subunit rRNA binding	1	0.02
S-(hydroxymethyl)glutathione dehydrogenase NADP activity	1	0.02
extracellular phenylacetaldehyde-gated ion channel activity	1	0.02
isocitrate dehydrogenase activity	1	0.02
RNA polymerase II transcription coactivator binding	1	0.02
protein N-terminus binding	1	0.02
hydroxymethylglutaryl-CoA synthase activity	1	0.02
S-nitrosoglutathione reductase activity	1	0.02
thiamine transmembrane transporter activity	1	0.02
NADHX epimerase activity	1	0.02
S-adenosyl-L-methionine binding	1	0.02
ligase activity	1	0.02
exonuclease activity	1	0.02
transcription corepressor binding	1	0.02
NADP+-protein-arginine ADP-ribosyltransferase activity	1	0.02
ubiquitin ligase-substrate adaptor activity	1	0.02
transferase activity, transferring acyl groups	1	0.02
7SK snRNA binding	1	0.02
molybdopterin synthase activity	1	0.02
histone threonine kinase activity	1	0.02
Golgi transport complex binding	1	0.02
ATP-dependent protein binding	1	0.02
ATP-dependent microtubule motor activity, minus-end-directed	1	0.02
chromo shadow domain binding	1	0.02
alcohol dehydrogenase activity, zinc-dependent	1	0.02
myosin VI light chain binding	1	0.02
dodecenoyl-CoA delta-isomerase activity	1	0.02
DNA topoisomerase activity	1	0.02
double-stranded telomeric DNA binding	1	0.02
phosphoserine residue binding	1	0.02
S-(hydroxymethyl)glutathione dehydrogenase activity	1	0.02
antiporter activity	1	0.02
PRC1 complex binding	1	0.02
3',5'-cyclic-GMP phosphodiesterase activity	1	0.02
H2A histone acetyltransferase activity	1	0.02
CoA-ligase activity	1	0.02
aromatic-L-amino-acid decarboxylase activity	1	0.02
hydrolase activity, acting on carbon-nitrogen (but not peptide) bonds	1	0.02
peroxisome matrix targeting signal-2 binding	1	0.02
uroporphyrinogen decarboxylase activity	1	0.02
euchromatin binding	1	0.02
SUMO conjugating enzyme activity	1	0.02
deaminase activity	1	0.02
STAT family protein binding	1	0.02
promoter-specific chromatin binding	1	0.02
protein kinase C activity	1	0.02
four-way junction DNA binding	1	0.02
kinesin binding	1	0.02
structural constituent of cuticle	1	0.02
histone demethylase activity (H4-R3 specific)	1	0.02
flavin adenine dinucleotide binding	1	0.02
metallopeptidase activity	1	0.02
RNA polymerase II core promoter sequence-specific DNA binding	1	0.02
myosin V binding	1	0.02
ribonucleoprotein complex binding	1	0.02
adenylate cyclase inhibiting G protein-coupled glutamate receptor activity	1	0.02
monosaccharide binding	1	0.02
muscle alpha-actinin binding	1	0.02
nucleoside triphosphate adenylate kinase activity	1	0.02
class II DNA-(apurinic or apyrimidinic site) endonuclease activity	1	0.02
G-quadruplex DNA binding	1	0.02
acetyltransferase activator activity	1	0.02
propionyl-CoA C2-trimethyltridecanoyltransferase activity	1	0.02
myosin VI heavy chain binding	1	0.02
sulfotransferase activity	1	0.02
argininosuccinate synthase activity	1	0.02
cAMP binding	1	0.02
protein self-association	1	0.02
cysteine-type endopeptidase activity	1	0.02
protein serine phosphatase activity	1	0.02
NAD+-protein-arginine ADP-ribosyltransferase activity	1	0.02
DNA topoisomerase type II (double strand cut, ATP-hydrolyzing) activity	1	0.02
SMAD binding	1	0.02
DNA polymerase processivity factor activity	1	0.02
glutamate-tRNA ligase activity	1	0.02
endopeptidase activator activity	1	0.02
carbonyl reductase (NADPH) activity	1	0.02
octanol dehydrogenase activity	1	0.02
NAD+ binding	1	0.02
SUMO activating enzyme activity	1	0.02
histone acetyltransferase binding	1	0.02
4 iron, 4 sulfur cluster binding	1	0.02
G-protein gamma-subunit binding	1	0.02
oxidoreductase activity, acting on NAD(P)H, quinone or similar compound as acceptor	1	0.02
ephrin receptor binding	1	0.02
JUN kinase binding	1	0.02
propanoyl-CoA C-acyltransferase activity	1	0.02
proline-tRNA ligase activity	1	0.02
3'-5'-exoribonuclease activity	1	0.02
N-acetyl-beta-D-galactosaminidase activity	1	0.02
guanyl-nucleotide exchange factor activity	1	0.02
metallocarboxypeptidase activity	1	0.02
single-stranded telomeric DNA binding	1	0.02
1-pyrroline-5-carboxylate dehydrogenase activity	1	0.02
histone methyltransferase activity (H3-K27 specific)	1	0.02
NEDD8 activating enzyme activity	1	0.02
H4 histone acetyltransferase activity	1	0.02
heparin binding	1	0.02
L-dopa decarboxylase activity	1	0.02
protein phosphatase inhibitor activity	1	0.02
actinin binding	1	0.02
ADP binding	1	0.02
ATP-dependent microtubule motor activity	1	0.02
CRD domain binding	1	0.02
GTPase binding	1	0.02
3-keto sterol reductase activity	1	0.02
acetaldehyde dehydrogenase (acetylating) activity	1	0.02
ubiquitin ligase activator activity	1	0.02
succinate-semialdehyde dehydrogenase (NAD+) activity	1	0.02
co-receptor binding	1	0.02
3-chloroallyl aldehyde dehydrogenase activity	1	0.02
double-stranded DNA 3'-5' exodeoxyribonuclease activity	1	0.02
argininosuccinate lyase activity	1	0.02
DNA-directed 5'-3' RNA polymerase activity	1	0.02
cAMP-dependent protein kinase regulator activity	1	0.02
alcohol dehydrogenase (NAD+) activity	1	0.02
formyltetrahydrofolate dehydrogenase activity	1	0.02
succinate-CoA ligase (GDP-forming) activity	1	0.02
isopeptidase activity	1	0.02
histone demethylase activity (H3-K9 specific)	1	0.02
transferase activity, transferring acyl groups other than amino-acyl groups	1	0.02
threonine-type endopeptidase activity	1	0.02
3'-tyrosyl-DNA phosphodiesterase activity	1	0.02
malate dehydrogenase activity	1	0.02
kinase binding	1	0.02
DNA polymerase binding	1	0.02
U2 snRNA binding	1	0.02
TPR domain binding	1	0.02
WW domain binding	1	0.02
3'-5' exonuclease activity	1	0.02
histone demethylase activity (H3-K4 specific)	1	0.02
protein kinase activator activity	1	0.02
carnitine O-acetyltransferase activity	1	0.02
protein serine/threonine kinase activator activity	1	0.02
translation initiation factor binding	1	0.02
NADPHX epimerase activity	1	0.02
glycine N-methyltransferase activity	1	0.02
single-stranded RNA binding	1	0.02
SH2 domain binding	1	0.02
insulin receptor binding	1	0.02
signaling receptor complex adaptor activity	1	0.02
phospholipid transporter activity	1	0.02
succinate-CoA ligase (ADP-forming) activity	1	0.02
polyubiquitin modification-dependent protein binding	1	0.02
formaldehyde dehydrogenase activity	1	0.02
hormone binding	1	0.02
