GO_C_term	Count	% Proportion
nucleus	668	17.18
cytoplasm	357	9.18
cytosol	187	4.81
plasma membrane	127	3.27
integral component of membrane	95	2.44
mitochondrion	70	1.80
nucleoplasm	65	1.67
myosin complex	54	1.39
vesicle	52	1.34
precatalytic spliceosome	50	1.29
catalytic step 2 spliceosome	49	1.26
polytene chromosome	47	1.21
microtubule	45	1.16
chromosome	39	1.00
cell cortex	38	0.98
nucleolus	36	0.93
Golgi apparatus	36	0.93
centrosome	34	0.87
peroxisome	33	0.85
neuronal cell body	33	0.85
synapse	32	0.82
endomembrane system	31	0.80
Z disc	30	0.77
actin cytoskeleton	27	0.69
cytoskeleton	25	0.64
chromatin	24	0.62
nuclear speck	24	0.62
recycling endosome	23	0.59
trans-Golgi network	22	0.57
endosome	22	0.57
extracellular space	22	0.57
endoplasmic reticulum	21	0.54
protein-containing complex	20	0.51
perinuclear region of cytoplasm	18	0.46
heterochromatin	17	0.44
myofibril	17	0.44
postsynaptic membrane	17	0.44
membrane	17	0.44
polytene chromosome interband	17	0.44
neuromuscular junction	17	0.44
extracellular region	16	0.41
nucleosome	16	0.41
mitochondrial inner membrane	16	0.41
sarcomere	15	0.39
dendrite	15	0.39
integral component of plasma membrane	15	0.39
myosin filament	15	0.39
polytene chromosome puff	14	0.36
intracellular membrane-bounded organelle	14	0.36
nuclear envelope	14	0.36
transcription regulator complex	13	0.33
microvillus	13	0.33
lysosome	12	0.31
synaptic vesicle	12	0.31
germline ring canal	12	0.31
fusome	12	0.31
Golgi membrane	12	0.31
ribonucleoprotein complex	11	0.28
basolateral plasma membrane	11	0.28
cytosolic large ribosomal subunit	11	0.28
cilium	11	0.28
spliceosomal complex	11	0.28
extracellular matrix	11	0.28
NuRD complex	11	0.28
presynapse	11	0.28
histone deacetylase complex	11	0.28
autophagosome	10	0.26
apical cortex	10	0.26
histone methyltransferase complex	10	0.26
presynaptic active zone	10	0.26
microtubule organizing center	10	0.26
cytosolic small ribosomal subunit	10	0.26
spindle	10	0.26
spindle pole	10	0.26
axon	10	0.26
ionotropic glutamate receptor complex	10	0.26
basal cortex	9	0.23
kinetochore	9	0.23
brahma complex	9	0.23
cytosolic ribosome	9	0.23
I band	9	0.23
type I terminal bouton	9	0.23
proteasome regulatory particle, base subcomplex	8	0.21
early endosome	8	0.21
cleavage furrow	8	0.21
chaperonin-containing T-complex	8	0.21
nuclear pore	8	0.21
NuA4 histone acetyltransferase complex	8	0.21
troponin complex	8	0.21
mitochondrial matrix	8	0.21
meiotic nuclear membrane microtubule tethering complex	7	0.18
centriole	7	0.18
microtubule cytoskeleton	7	0.18
RSF complex	7	0.18
lipid droplet	7	0.18
SWI/SNF complex	7	0.18
Ino80 complex	7	0.18
MLL3/4 complex	7	0.18
nuclear outer membrane	7	0.18
insulin-responsive compartment	7	0.18
apical plasma membrane	7	0.18
cytoskeleton of presynaptic active zone	7	0.18
cation channel complex	7	0.18
cell leading edge	6	0.15
basal part of cell	6	0.15
cytosolic proteasome complex	6	0.15
transcriptionally active chromatin	6	0.15
sensory dendrite	6	0.15
spindle midzone	6	0.15
endoplasmic reticulum lumen	6	0.15
filamentous actin	6	0.15
histone acetyltransferase complex	6	0.15
axon cytoplasm	6	0.15
dynein complex	6	0.15
polytene chromosome band	6	0.15
endoplasmic reticulum membrane	6	0.15
zonula adherens	6	0.15
ubiquitin ligase complex	6	0.15
M band	6	0.15
Sin3-type complex	5	0.13
spanning component of plasma membrane	5	0.13
mitochondrial intermembrane space	5	0.13
euchromatin	5	0.13
spindle microtubule	5	0.13
proton-transporting ATP synthase complex, catalytic core F(1)	5	0.13
apical part of cell	5	0.13
spot adherens junction	5	0.13
myosin V complex	5	0.13
proteasome regulatory particle	5	0.13
endoplasmic reticulum exit site	5	0.13
Ada2/Gcn5/Ada3 transcription activator complex	5	0.13
cell-cell contact zone	5	0.13
nuclear lamina	5	0.13
Golgi stack	5	0.13
nuclear chromosome	5	0.13
midbody	5	0.13
RNA polymerase II transcription regulator complex	5	0.13
tricarboxylic acid cycle enzyme complex	5	0.13
microtubule associated complex	4	0.10
nuclear membrane	4	0.10
striated muscle myosin thick filament	4	0.10
cytoplasmic microtubule	4	0.10
SCF ubiquitin ligase complex	4	0.10
proteasome complex	4	0.10
COPII vesicle coat	4	0.10
polytene chromosome chromocenter	4	0.10
rhabdomere	4	0.10
respirasome	4	0.10
ESC/E(Z) complex	4	0.10
transcription factor TFIID complex	4	0.10
chromosome, telomeric region	4	0.10
small-subunit processome	4	0.10
PcG protein complex	4	0.10
extracellular exosome	4	0.10
U2-type prespliceosome	4	0.10
COPI vesicle coat	4	0.10
myosin VI complex	4	0.10
proton-transporting V-type ATPase, V1 domain	4	0.10
PRC1 complex	4	0.10
NSL complex	3	0.08
basal plasma membrane	3	0.08
lamellipodium	3	0.08
axonal growth cone	3	0.08
box C/D RNP complex	3	0.08
condensin complex	3	0.08
actomyosin contractile ring	3	0.08
Swr1 complex	3	0.08
U2 snRNP	3	0.08
axoneme	3	0.08
small nuclear ribonucleoprotein complex	3	0.08
P granule	3	0.08
Set1C/COMPASS complex	3	0.08
cytoplasmic vesicle	3	0.08
tricellular tight junction	3	0.08
Prp19 complex	3	0.08
trans-Golgi network transport vesicle	3	0.08
condensed chromosome, centromeric region	3	0.08
presynaptic membrane	3	0.08
extrinsic component of Golgi membrane	3	0.08
Seh1-associated complex	3	0.08
R2TP complex	3	0.08
Cdc73/Paf1 complex	3	0.08
proteasome core complex, alpha-subunit complex	3	0.08
Smc5-Smc6 complex	3	0.08
myosin II complex	3	0.08
U5 snRNP	3	0.08
apicomedial cortex	3	0.08
condensed nuclear chromosome	3	0.08
Myb complex	3	0.08
Cul4-RING E3 ubiquitin ligase complex	3	0.08
endosome membrane	3	0.08
sarcolemma	3	0.08
GATOR2 complex	3	0.08
nuclear inner membrane	3	0.08
condensed chromosome kinetochore	3	0.08
condensed chromosome outer kinetochore	3	0.08
vacuolar membrane	3	0.08
egg chorion	3	0.08
focal adhesion	3	0.08
mRNA cleavage factor complex	3	0.08
mitochondrial proton-transporting ATP synthase, catalytic core	3	0.08
apicolateral plasma membrane	2	0.05
growth cone	2	0.05
90S preribosome	2	0.05
omega speckle	2	0.05
small ribosomal subunit	2	0.05
exon-exon junction complex	2	0.05
CHRAC	2	0.05
endocytic vesicle	2	0.05
chromosome, centromeric region	2	0.05
MOZ/MORF histone acetyltransferase complex	2	0.05
activator ecdysone receptor complex	2	0.05
eukaryotic translation elongation factor 1 complex	2	0.05
FACT complex	2	0.05
Mre11 complex	2	0.05
postsynapse	2	0.05
cullin-RING ubiquitin ligase complex	2	0.05
MLL1/2 complex	2	0.05
nuclear exosome (RNase complex)	2	0.05
adherens junction	2	0.05
cyclin-dependent protein kinase holoenzyme complex	2	0.05
SAGA complex	2	0.05
microprocessor complex	2	0.05
cytoplasmic dynein complex	2	0.05
neuron projection	2	0.05
transcription factor TFIIF complex	2	0.05
phosphopyruvate hydratase complex	2	0.05
brush border	2	0.05
lysosomal membrane	2	0.05
nBAF complex	2	0.05
nuclear periphery	2	0.05
spindle envelope	2	0.05
striated muscle thin filament	2	0.05
mitotic spindle	2	0.05
cohesin complex	2	0.05
nuclear matrix	2	0.05
peroxisomal matrix	2	0.05
kinesin complex	2	0.05
npBAF complex	2	0.05
condensed chromosome	2	0.05
peroxisomal membrane	2	0.05
myosin VII complex	2	0.05
late endosome	2	0.05
dynactin complex	2	0.05
lamin filament	2	0.05
intermediate filament	2	0.05
lateral plasma membrane	2	0.05
phagocytic vesicle	2	0.05
spectrosome	2	0.05
endoplasmic reticulum chaperone complex	2	0.05
mitochondrial proton-transporting ATP synthase complex	2	0.05
ribosome	2	0.05
Golgi trans cisterna	2	0.05
transcription repressor complex	2	0.05
microtubule plus-end	2	0.05
terminal bouton	2	0.05
proteasome core complex	2	0.05
late endosome membrane	2	0.05
exosome (RNase complex)	2	0.05
nuclear proteasome complex	2	0.05
investment cone	2	0.05
perikaryon	2	0.05
RCAF complex	2	0.05
muscle cell postsynaptic specialization	2	0.05
translation release factor complex	2	0.05
super elongation complex	2	0.05
cell projection	2	0.05
repressor ecdysone receptor complex	2	0.05
COP9 signalosome	2	0.05
heteromeric SMAD protein complex	2	0.05
ecdysone receptor holocomplex	2	0.05
Golgi cis cisterna	2	0.05
post-mRNA release spliceosomal complex	2	0.05
Arp2/3 protein complex	2	0.05
proton-transporting V-type ATPase complex	2	0.05
ciliary cap	1	0.03
integrin complex	1	0.03
UBC13-UEV1A complex	1	0.03
succinate-CoA ligase complex (ADP-forming)	1	0.03
ACF complex	1	0.03
U2-type spliceosomal complex	1	0.03
cell pole	1	0.03
unconventional myosin complex	1	0.03
nuclear pore outer ring	1	0.03
mitotic spindle microtubule	1	0.03
RNA polymerase II transcription repressor complex	1	0.03
micropyle	1	0.03
U2-type catalytic step 2 spliceosome	1	0.03
t-UTP complex	1	0.03
mRNA cleavage and polyadenylation specificity factor complex	1	0.03
mitochondrial outer membrane	1	0.03
intrinsic component of plasma membrane	1	0.03
dystrophin-associated glycoprotein complex	1	0.03
ESCRT IV complex	1	0.03
transcriptionally silent chromatin	1	0.03
actomyosin contractile ring actin filament	1	0.03
subsynaptic reticulum	1	0.03
autolysosome	1	0.03
elongator holoenzyme complex	1	0.03
nuclear envelope lumen	1	0.03
nuclear pore cytoplasmic filaments	1	0.03
cellularization cleavage furrow invagination front	1	0.03
ciliary transition zone	1	0.03
spindle matrix	1	0.03
U2-type catalytic step 1 spliceosome	1	0.03
receptor complex	1	0.03
cis-Golgi network	1	0.03
U12-type spliceosomal complex	1	0.03
aminoacyl-tRNA synthetase multienzyme complex	1	0.03
7SK snRNP	1	0.03
A band	1	0.03
male germ cell nucleus	1	0.03
transcription factor AP-1 complex	1	0.03
extrinsic component of lysosome membrane	1	0.03
nuclear body	1	0.03
carboxy-terminal domain protein kinase complex	1	0.03
basement membrane	1	0.03
perichromatin fibrils	1	0.03
PCNA complex	1	0.03
U1 snRNP	1	0.03
polysomal ribosome	1	0.03
mitotic spindle pole	1	0.03
female germline ring canal outer rim	1	0.03
site of double-strand break	1	0.03
cytoplasmic side of plasma membrane	1	0.03
nuclear cyclin-dependent protein kinase holoenzyme complex	1	0.03
nuclear inclusion body	1	0.03
phagocytic vesicle membrane	1	0.03
chromocenter	1	0.03
MICOS complex	1	0.03
muscle tendon junction	1	0.03
rough endoplasmic reticulum	1	0.03
U4/U6 x U5 tri-snRNP complex	1	0.03
mediator complex	1	0.03
annulate lamellae	1	0.03
plasma membrane proton-transporting V-type ATPase complex	1	0.03
cytoplasmic exosome (RNase complex)	1	0.03
PML body	1	0.03
Flemming body	1	0.03
ciliary basal body	1	0.03
collagen type IV trimer	1	0.03
mitochondrial fatty acid beta-oxidation multienzyme complex	1	0.03
sperm individualization complex	1	0.03
Sin3 complex	1	0.03
heterotrimeric G-protein complex	1	0.03
RES complex	1	0.03
transcription elongation factor complex	1	0.03
integrator complex	1	0.03
actin cap	1	0.03
cell surface	1	0.03
RISC complex	1	0.03
protein phosphatase type 2A complex	1	0.03
cytoplasmic ribonucleoprotein granule	1	0.03
astral microtubule	1	0.03
CAF-1 complex	1	0.03
RNA polymerase III complex	1	0.03
RNA N6-methyladenosine methyltransferase complex	1	0.03
perivitelline space	1	0.03
female germ cell nucleus	1	0.03
axonemal dynein complex	1	0.03
ciliary rootlet	1	0.03
endosome to plasma membrane transport vesicle	1	0.03
cytoplasmic stress granule	1	0.03
pole plasm	1	0.03
filopodium	1	0.03
dendrite terminus	1	0.03
NURF complex	1	0.03
cell trailing edge	1	0.03
beta-catenin-TCF complex	1	0.03
germinal vesicle	1	0.03
anterior cell cortex	1	0.03
S bouton	1	0.03
transcription factor TFIIK complex	1	0.03
sarcoplasmic reticulum membrane	1	0.03
nascent polypeptide-associated complex	1	0.03
anaphase-promoting complex	1	0.03
presynaptic cytosol	1	0.03
recycling endosome membrane	1	0.03
protein-DNA complex	1	0.03
metaphase plate	1	0.03
cortical microtubule	1	0.03
vacuolar proton-transporting V-type ATPase, V1 domain	1	0.03
adhesive extracellular matrix	1	0.03
transcription export complex	1	0.03
neuromuscular junction of somatic muscle	1	0.03
muscle myosin complex	1	0.03
collagen-containing extracellular matrix	1	0.03
proteasome activator complex	1	0.03
host cell nucleus	1	0.03
protein kinase complex	1	0.03
endoplasmic reticulum-Golgi intermediate compartment	1	0.03
pericentric heterochromatin	1	0.03
actin filament	1	0.03
female germline ring canal inner rim	1	0.03
chaperone complex	1	0.03
SUMO activating enzyme complex	1	0.03
pericentriolar material	1	0.03
integral component of mitochondrial inner membrane	1	0.03
molybdopterin synthase complex	1	0.03
Slit-Robo signaling complex	1	0.03
Hedgehog signaling complex	1	0.03
Golgi cisterna membrane	1	0.03
intraciliary transport particle B	1	0.03
stress fiber	1	0.03
large ribosomal subunit	1	0.03
cAMP-dependent protein kinase complex	1	0.03
filopodium tip	1	0.03
posterior cell cortex	1	0.03
transcription factor TFIIH holo complex	1	0.03
RSC-type complex	1	0.03
cytoplasmic side of apical plasma membrane	1	0.03
cyclin/CDK positive transcription elongation factor complex	1	0.03
dendrite cytoplasm	1	0.03
