GO_P_term	Count	% Proportion
regulation of transcription by RNA polymerase II	252	3.61
regulation of transcription, DNA-templated	160	2.29
positive regulation of transcription by RNA polymerase II	86	1.23
negative regulation of transcription by RNA polymerase II	73	1.05
negative regulation of transcription, DNA-templated	60	0.86
mRNA splicing, via spliceosome	60	0.86
regulation of gene expression	57	0.82
vesicle-mediated transport	55	0.79
mitotic cell cycle	46	0.66
protein phosphorylation	41	0.59
dendrite morphogenesis	38	0.54
intracellular protein transport	37	0.53
imaginal disc-derived wing morphogenesis	37	0.53
positive regulation of transcription, DNA-templated	36	0.52
actin filament organization	34	0.49
compound eye development	32	0.46
Rab protein signal transduction	31	0.44
border follicle cell migration	31	0.44
determination of adult lifespan	29	0.42
oogenesis	29	0.42
protein folding	28	0.40
nervous system development	28	0.40
mesoderm development	28	0.40
cell division	25	0.36
sarcomere organization	25	0.36
cell differentiation	25	0.36
regulation of alternative mRNA splicing, via spliceosome	25	0.36
axon guidance	24	0.34
chromatin organization	23	0.33
locomotion	23	0.33
histone acetylation	23	0.33
DNA topological change	23	0.33
DNA repair	23	0.33
microtubule cytoskeleton organization	23	0.33
protein ubiquitination	23	0.33
spermatogenesis	22	0.32
defense response to Gram-negative bacterium	22	0.32
sensory perception of sound	21	0.30
neuron remodeling	21	0.30
compound eye morphogenesis	21	0.30
ovarian follicle cell development	21	0.30
chromatin remodeling	20	0.29
mushroom body development	20	0.29
vesicle transport along actin filament	20	0.29
glycolytic process	20	0.29
neurotransmitter secretion	20	0.29
regulation of chromatin silencing	20	0.29
synaptic growth at neuromuscular junction	20	0.29
intracellular signal transduction	20	0.29
chromosome condensation	19	0.27
multicellular organism development	19	0.27
central nervous system development	19	0.27
heterochromatin organization involved in chromatin silencing	19	0.27
long-term memory	19	0.27
dorsal closure	18	0.26
wing disc development	18	0.26
positive regulation of innate immune response	18	0.26
cytoplasmic translation	18	0.26
protein sumoylation	18	0.26
protein secretion	17	0.24
chaperone cofactor-dependent protein refolding	17	0.24
imaginal disc growth	17	0.24
ventral cord development	17	0.24
mitotic cytokinesis	17	0.24
negative regulation of gene expression	17	0.24
response to oxidative stress	17	0.24
ubiquitin-dependent protein catabolic process	17	0.24
regulation of RNA metabolic process	16	0.23
protein polyubiquitination	16	0.23
microtubule-based movement	16	0.23
chromatin silencing	16	0.23
positive regulation of gene expression	15	0.22
actin filament-based movement	15	0.22
tricarboxylic acid cycle	15	0.22
one-carbon metabolic process	15	0.22
adult locomotory behavior	15	0.22
cytoplasmic microtubule organization	15	0.22
nucleosome assembly	15	0.22
proteasome-mediated ubiquitin-dependent protein catabolic process	15	0.22
germarium-derived oocyte fate determination	15	0.22
actin cytoskeleton organization	15	0.22
double-strand break repair via homologous recombination	15	0.22
negative regulation of cell population proliferation	14	0.20
calcium ion transport	14	0.20
protein refolding	14	0.20
regulation of cell cycle	14	0.20
short-term memory	14	0.20
imaginal disc-derived wing vein morphogenesis	14	0.20
neuromuscular synaptic transmission	13	0.19
pole plasm oskar mRNA localization	13	0.19
regulation of pole plasm oskar mRNA localization	13	0.19
cellular response to unfolded protein	13	0.19
ribosome biogenesis	13	0.19
translation	13	0.19
protein localization to plasma membrane	13	0.19
imaginal disc-derived leg morphogenesis	13	0.19
response to starvation	13	0.19
cellular calcium ion homeostasis	13	0.19
multicellular organism reproduction	12	0.17
asymmetric neuroblast division	12	0.17
establishment of imaginal disc-derived wing hair orientation	12	0.17
sperm individualization	12	0.17
regulation of lipid storage	12	0.17
carbohydrate metabolic process	12	0.17
phospholipid translocation	12	0.17
sensory organ development	12	0.17
anatomical structure development	12	0.17
mitotic sister chromatid segregation	12	0.17
histone H3-K4 methylation	12	0.17
regulation of exocytosis	11	0.16
positive regulation of border follicle cell migration	11	0.16
female germline ring canal stabilization	11	0.16
negative regulation of neuroblast proliferation	11	0.16
positive regulation of dendrite morphogenesis	11	0.16
chromosome organization	11	0.16
sensory perception of touch	11	0.16
cell cycle	11	0.16
positive regulation of cell size	11	0.16
myoblast fusion	11	0.16
positive regulation of smoothened signaling pathway	11	0.16
muscle thin filament assembly	10	0.14
dendrite guidance	10	0.14
oocyte microtubule cytoskeleton organization	10	0.14
border follicle cell delamination	10	0.14
cilium assembly	10	0.14
cell adhesion	10	0.14
regulation of synaptic growth at neuromuscular junction	10	0.14
cytoplasmic transport, nurse cell to oocyte	10	0.14
cell redox homeostasis	10	0.14
protein localization	10	0.14
protein autophosphorylation	10	0.14
negative regulation of smoothened signaling pathway	10	0.14
histone deacetylation	10	0.14
cellular response to insulin stimulus	10	0.14
cellular response to starvation	10	0.14
protein peptidyl-prolyl isomerization	10	0.14
response to heat	10	0.14
vesicle docking involved in exocytosis	10	0.14
nuclear migration	10	0.14
flight	10	0.14
viral entry into host cell	10	0.14
ATP-dependent chromatin remodeling	10	0.14
peripheral nervous system development	10	0.14
AMP metabolic process	10	0.14
response to ecdysone	10	0.14
cation transport	10	0.14
maintenance of presynaptic active zone structure	10	0.14
hydrogen peroxide catabolic process	10	0.14
blastoderm segmentation	9	0.13
anterior/posterior axis specification, embryo	9	0.13
wound healing	9	0.13
pole plasm protein localization	9	0.13
autophagy	9	0.13
translational elongation	9	0.13
calcium-mediated signaling	9	0.13
regulation of polarized epithelial cell differentiation	9	0.13
microtubule cytoskeleton organization involved in establishment of planar polarity	9	0.13
locomotor rhythm	9	0.13
chemical synaptic transmission	9	0.13
axonogenesis	9	0.13
nucleus organization	9	0.13
IMP salvage	9	0.13
peptidyl-threonine phosphorylation	9	0.13
regulation of autophagy	9	0.13
neuroblast proliferation	9	0.13
regulation of actin cytoskeleton organization	9	0.13
regulation of synaptic plasticity	9	0.13
dorsal appendage formation	9	0.13
negative regulation of hippo signaling	9	0.13
imaginal disc-derived wing margin morphogenesis	9	0.13
axis specification	9	0.13
glucose homeostasis	9	0.13
visual perception	9	0.13
nucleus localization	9	0.13
rRNA 2'-O-methylation	9	0.13
mitotic spindle elongation	9	0.13
regulation of synaptic activity	8	0.11
positive regulation of synaptic growth at neuromuscular junction	8	0.11
R3/R4 cell fate commitment	8	0.11
cytoskeletal matrix organization at active zone	8	0.11
fatty acid beta-oxidation	8	0.11
dendrite development	8	0.11
IMP biosynthetic process	8	0.11
actomyosin structure organization	8	0.11
microtubule severing	8	0.11
regulation of neuroblast proliferation	8	0.11
cortical actin cytoskeleton organization	8	0.11
cell migration	8	0.11
gene silencing	8	0.11
metamorphosis	8	0.11
malate metabolic process	8	0.11
adult somatic muscle development	8	0.11
muscle cell cellular homeostasis	8	0.11
protein transport	8	0.11
male meiosis cytokinesis	8	0.11
imaginal disc-derived wing vein specification	8	0.11
'de novo' pyrimidine nucleobase biosynthetic process	8	0.11
regulation of neurogenesis	8	0.11
segment specification	8	0.11
germ cell development	8	0.11
positive regulation of autophagosome maturation	8	0.11
spiracle morphogenesis, open tracheal system	8	0.11
regulation of cytosolic calcium ion concentration	8	0.11
regulation of cell shape	8	0.11
establishment of mitotic spindle orientation	8	0.11
histone exchange	8	0.11
negative regulation of apoptotic process	7	0.10
Golgi organization	7	0.10
female germ-line stem cell population maintenance	7	0.10
regulation of mRNA splicing, via spliceosome	7	0.10
microtubule anchoring	7	0.10
mRNA processing	7	0.10
positive regulation of RNA polymerase II transcription preinitiation complex assembly	7	0.10
endoplasmic reticulum localization	7	0.10
lipid catabolic process	7	0.10
myofibril assembly	7	0.10
oocyte axis specification	7	0.10
negative regulation of chromatin silencing	7	0.10
establishment of planar polarity	7	0.10
heat shock-mediated polytene chromosome puffing	7	0.10
memory	7	0.10
protein import into nucleus	7	0.10
larval visceral muscle development	7	0.10
endoplasmic reticulum to Golgi vesicle-mediated transport	7	0.10
regulation of mitotic nuclear division	7	0.10
regulation of muscle contraction	7	0.10
mitochondrion localization	7	0.10
positive regulation of mitotic cell cycle	7	0.10
mRNA cis splicing, via spliceosome	7	0.10
fatty acid biosynthetic process	7	0.10
mRNA transport	7	0.10
anterior Malpighian tubule development	7	0.10
endosome transport via multivesicular body sorting pathway	7	0.10
oocyte microtubule cytoskeleton polarization	7	0.10
RNA splicing	7	0.10
adult feeding behavior	7	0.10
anesthesia-resistant memory	7	0.10
response to hypoxia	7	0.10
anatomical structure morphogenesis	7	0.10
larval somatic muscle development	7	0.10
wing disc dorsal/ventral pattern formation	7	0.10
hippo signaling	7	0.10
cellular response to heat	7	0.10
protein palmitoylation	7	0.10
negative regulation of Wnt signaling pathway	7	0.10
histone H3-K9 methylation	7	0.10
RNA interference	7	0.10
thermosensory behavior	7	0.10
nucleosome positioning	7	0.10
Ras protein signal transduction	7	0.10
mitotic metaphase plate congression	7	0.10
heart development	7	0.10
modulation of chemical synaptic transmission	7	0.10
proteolysis	7	0.10
Malpighian tubule morphogenesis	6	0.09
positive regulation of growth	6	0.09
intestinal stem cell homeostasis	6	0.09
negative regulation of histone H3-K27 methylation	6	0.09
MAPK cascade	6	0.09
ommochrome biosynthetic process	6	0.09
rRNA processing	6	0.09
melanosome organization	6	0.09
chitin-based cuticle development	6	0.09
histone H3 acetylation	6	0.09
defense response to fungus	6	0.09
modification-dependent protein catabolic process	6	0.09
positive regulation of cell population proliferation	6	0.09
neuroblast fate determination	6	0.09
embryonic morphogenesis	6	0.09
positive regulation of neuroblast proliferation	6	0.09
eye pigment granule organization	6	0.09
cellular response to mechanical stimulus	6	0.09
synaptic vesicle endocytosis	6	0.09
negative regulation of canonical Wnt signaling pathway	6	0.09
positive regulation of organ growth	6	0.09
lysosome organization	6	0.09
compound eye pigmentation	6	0.09
triglyceride homeostasis	6	0.09
cellular amino acid metabolic process	6	0.09
microtubule-based process	6	0.09
sex comb development	6	0.09
regulation of cell junction assembly	6	0.09
phosphocreatine biosynthetic process	6	0.09
endocytosis	6	0.09
protein-containing complex assembly	6	0.09
head involution	6	0.09
signaling	6	0.09
Rho protein signal transduction	6	0.09
synaptic transmission, glutamatergic	6	0.09
germ-line stem cell population maintenance	6	0.09
regulation of development, heterochronic	6	0.09
histone methylation	6	0.09
habituation	6	0.09
centriole replication	6	0.09
DNA replication	6	0.09
mechanosensory behavior	6	0.09
carboxylic acid metabolic process	6	0.09
neuroblast development	6	0.09
cytoskeleton-dependent intracellular transport	6	0.09
synapse assembly	6	0.09
meiotic cell cycle	6	0.09
spermatid development	6	0.09
epidermal growth factor receptor signaling pathway	6	0.09
cell morphogenesis	6	0.09
regulation of GTPase activity	6	0.09
isocitrate metabolic process	5	0.07
chaeta development	5	0.07
sensory perception of mechanical stimulus	5	0.07
startle response	5	0.07
chromatin-mediated maintenance of transcription	5	0.07
ganglion mother cell fate determination	5	0.07
ubiquitin-dependent ERAD pathway	5	0.07
regulation of hemocyte proliferation	5	0.07
negative regulation of DNA recombination	5	0.07
cellular response to DNA damage stimulus	5	0.07
alternative mRNA splicing, via spliceosome	5	0.07
imaginal disc-derived wing hair organization	5	0.07
establishment of ommatidial planar polarity	5	0.07
ATP metabolic process	5	0.07
cellular response to hypoxia	5	0.07
muscle organ development	5	0.07
photoreceptor cell differentiation	5	0.07
chitin-based larval cuticle pattern formation	5	0.07
positive regulation of axon regeneration	5	0.07
apical constriction involved in gastrulation	5	0.07
positive regulation of receptor localization to synapse	5	0.07
germarium-derived female germ-line cyst formation	5	0.07
NADP metabolic process	5	0.07
histone demethylation	5	0.07
fluid transport	5	0.07
somatic stem cell population maintenance	5	0.07
syncytial blastoderm mitotic cell cycle	5	0.07
fumarate metabolic process	5	0.07
regulation of neuron differentiation	5	0.07
male meiotic nuclear division	5	0.07
medium-term memory	5	0.07
sequestering of calcium ion	5	0.07
detection of mechanical stimulus involved in sensory perception	5	0.07
ecdysone biosynthetic process	5	0.07
female meiotic nuclear division	5	0.07
open tracheal system development	5	0.07
epithelium migration	5	0.07
phospholipase C-activating G protein-coupled receptor signaling pathway	5	0.07
germarium-derived egg chamber formation	5	0.07
rhabdomere development	5	0.07
embryonic pattern specification	5	0.07
chromosome segregation	5	0.07
cellular aldehyde metabolic process	5	0.07
ionotropic glutamate receptor signaling pathway	5	0.07
mitotic spindle organization	5	0.07
cellularization	5	0.07
positive regulation of cell-cell adhesion	5	0.07
response to auditory stimulus	5	0.07
protein stabilization	5	0.07
detection of mechanical stimulus involved in sensory perception of touch	5	0.07
cellular protein modification process	5	0.07
stem cell population maintenance	5	0.07
cell fate commitment	5	0.07
removal of superoxide radicals	5	0.07
muscle contraction	5	0.07
protein localization to cell cortex	5	0.07
DNA recombination	5	0.07
R7 cell fate commitment	5	0.07
cristae formation	5	0.07
response to insecticide	5	0.07
actin cytoskeleton reorganization	5	0.07
manganese ion transport	5	0.07
male germ-line stem cell population maintenance	5	0.07
regulation of neural precursor cell proliferation	5	0.07
gravitaxis	5	0.07
fructose 1,6-bisphosphate metabolic process	5	0.07
mitotic chromosome condensation	5	0.07
ecdysone receptor-mediated signaling pathway	5	0.07
Wnt signaling pathway	5	0.07
germ cell migration	5	0.07
calcium ion transmembrane transport	5	0.07
retrograde vesicle-mediated transport, Golgi to endoplasmic reticulum	5	0.07
positive regulation of TOR signaling	5	0.07
epidermis development	5	0.07
regulation of myoblast fusion	5	0.07
intra-Golgi vesicle-mediated transport	5	0.07
glyoxylate cycle	5	0.07
negative regulation of endopeptidase activity	5	0.07
nuclear axial expansion	5	0.07
epithelial cell-cell adhesion	5	0.07
positive regulation of wound healing	5	0.07
defense response to virus	5	0.07
glutamine biosynthetic process	5	0.07
regulation of mitotic cell cycle	4	0.06
microtubule anchoring at centrosome	4	0.06
pupariation	4	0.06
neuron development	4	0.06
negative regulation of response to wounding	4	0.06
signal transduction	4	0.06
photoreceptor cell axon guidance	4	0.06
positive regulation of JNK cascade	4	0.06
regulation of synapse structure or activity	4	0.06
regulation of RNA splicing	4	0.06
wing disc pattern formation	4	0.06
cell dedifferentiation	4	0.06
peroxisome organization	4	0.06
cellular response to oxidative stress	4	0.06
R7 cell differentiation	4	0.06
retrograde transport, endosome to Golgi	4	0.06
positive regulation of proteasomal ubiquitin-dependent protein catabolic process	4	0.06
histone H3-K27 demethylation	4	0.06
regulation of apoptotic process	4	0.06
mitotic chromosome movement towards spindle pole	4	0.06
neuron cellular homeostasis	4	0.06
asymmetric protein localization involved in cell fate determination	4	0.06
oocyte development	4	0.06
UDP biosynthetic process	4	0.06
ovarian follicle cell stalk formation	4	0.06
regulation of translation	4	0.06
ovarian nurse cell to oocyte transport	4	0.06
hemocyte migration	4	0.06
positive regulation of telomerase activity	4	0.06
positive regulation of GTPase activity	4	0.06
regulation of gene silencing	4	0.06
brain development	4	0.06
positive regulation of canonical Wnt signaling pathway	4	0.06
male courtship behavior, veined wing generated song production	4	0.06
cellular response to ecdysone	4	0.06
somatic muscle development	4	0.06
Notch signaling pathway	4	0.06
SCF-dependent proteasomal ubiquitin-dependent protein catabolic process	4	0.06
regulation of phosphorylation	4	0.06
chaeta morphogenesis	4	0.06
protein hexamerization	4	0.06
neurogenesis	4	0.06
larval locomotory behavior	4	0.06
mRNA polyadenylation	4	0.06
sister chromatid segregation	4	0.06
centrosome localization	4	0.06
salivary gland cell autophagic cell death	4	0.06
hormone-mediated signaling pathway	4	0.06
torso signaling pathway	4	0.06
glutathione metabolic process	4	0.06
eggshell chorion gene amplification	4	0.06
negative regulation of synaptic growth at neuromuscular junction	4	0.06
positive regulation of imaginal disc growth	4	0.06
imaginal disc-derived leg joint morphogenesis	4	0.06
imaginal disc-derived male genitalia morphogenesis	4	0.06
fibroblast growth factor receptor signaling pathway	4	0.06
positive regulation of hippo signaling	4	0.06
positive regulation of neuron remodeling	4	0.06
stem cell proliferation	4	0.06
mitochondrial protein processing	4	0.06
segment polarity determination	4	0.06
mitochondrion organization	4	0.06
regulation of defense response to virus	4	0.06
ecdysone-mediated induction of salivary gland cell autophagic cell death	4	0.06
Golgi to plasma membrane protein transport	4	0.06
proboscis morphogenesis	4	0.06
notum morphogenesis	4	0.06
formation of a compartment boundary	4	0.06
circadian regulation of gene expression	4	0.06
germarium-derived female germ-line cyst encapsulation	4	0.06
terminal branching, open tracheal system	4	0.06
periodic partitioning by pair rule gene	4	0.06
salivary gland morphogenesis	4	0.06
microtubule sliding	4	0.06
intracellular mRNA localization	4	0.06
nucleosome mobilization	4	0.06
maintenance of protein location in cell cortex	4	0.06
glucose metabolic process	4	0.06
cellular response to cadmium ion	4	0.06
regulation of tube diameter, open tracheal system	4	0.06
negative regulation of JNK cascade	4	0.06
CDP biosynthetic process	4	0.06
pyruvate metabolic process	4	0.06
histone H4-K8 acetylation	4	0.06
acetyl-CoA biosynthetic process	4	0.06
mucosal immune response	4	0.06
proton transmembrane transport	4	0.06
oocyte karyosome formation	4	0.06
epithelial cell migration, open tracheal system	4	0.06
positive regulation of transcription elongation from RNA polymerase II promoter	4	0.06
larval chitin-based cuticle development	4	0.06
negative regulation of cell differentiation	4	0.06
instar larval or pupal development	4	0.06
dorsal/ventral axis specification	4	0.06
cardiac cell fate specification	4	0.06
cellular response to arsenic-containing substance	4	0.06
mitochondrial fusion	4	0.06
male courtship behavior	4	0.06
positive regulation of Toll signaling pathway	4	0.06
mitochondrion transport along microtubule	4	0.06
metaphase/anaphase transition of mitotic cell cycle	4	0.06
response to endoplasmic reticulum stress	4	0.06
eye-antennal disc morphogenesis	4	0.06
establishment of protein localization	4	0.06
midgut development	4	0.06
regulation of axonogenesis	4	0.06
positive regulation of stress fiber assembly	4	0.06
positive regulation of microtubule depolymerization	4	0.06
response to hydrogen peroxide	4	0.06
cell fate determination	4	0.06
gluconeogenesis	4	0.06
instar larval development	4	0.06
response to unfolded protein	4	0.06
embryonic hindgut morphogenesis	4	0.06
regulation of protein stability	4	0.06
histone H3-K27 acetylation	4	0.06
actin filament capping	4	0.06
transcription initiation from RNA polymerase II promoter	4	0.06
nurse cell nucleus anchoring	4	0.06
morphogenesis of embryonic epithelium	4	0.06
sodium ion homeostasis	3	0.04
pupation	3	0.04
motor neuron axon guidance	3	0.04
dephosphorylation	3	0.04
positive regulation of pole plasm oskar mRNA localization	3	0.04
ecdysis, chitin-based cuticle	3	0.04
salivary gland development	3	0.04
protein neddylation	3	0.04
negative regulation of Toll signaling pathway	3	0.04
regulation of cell population proliferation	3	0.04
negative regulation of G1/S transition of mitotic cell cycle	3	0.04
synaptic vesicle endosomal processing	3	0.04
neuronal stem cell population maintenance	3	0.04
clathrin-dependent endocytosis involved in vitellogenesis	3	0.04
positive regulation of receptor signaling pathway via JAK-STAT	3	0.04
maintenance of cell polarity	3	0.04
brain morphogenesis	3	0.04
protein localization to Golgi apparatus	3	0.04
sister chromatid cohesion	3	0.04
protein K63-linked ubiquitination	3	0.04
negative regulation of neuron apoptotic process	3	0.04
histone H4-K12 acetylation	3	0.04
potassium ion transport	3	0.04
chloride ion homeostasis	3	0.04
potassium ion homeostasis	3	0.04
double-strand break repair	3	0.04
positive regulation of ERK1 and ERK2 cascade	3	0.04
gamete generation	3	0.04
positive regulation of antimicrobial peptide production	3	0.04
axo-dendritic transport	3	0.04
chloride transmembrane transport	3	0.04
lipid homeostasis	3	0.04
dendritic spine morphogenesis	3	0.04
pre-mRNA catabolic process	3	0.04
histone H4 acetylation	3	0.04
fructose metabolic process	3	0.04
transcription elongation from RNA polymerase II promoter	3	0.04
mitochondrial translational elongation	3	0.04
visual behavior	3	0.04
protein dephosphorylation	3	0.04
positive regulation of Ras protein signal transduction	3	0.04
glial cell development	3	0.04
autophagosome assembly	3	0.04
positive regulation of DNA-binding transcription factor activity	3	0.04
chloride transport	3	0.04
central nervous system projection neuron axonogenesis	3	0.04
negative regulation of oskar mRNA translation	3	0.04
glial cell migration	3	0.04
ommatidial rotation	3	0.04
protein import into peroxisome matrix	3	0.04
compound eye photoreceptor cell differentiation	3	0.04
spindle assembly involved in female meiosis II	3	0.04
regulation of chromatin organization	3	0.04
positive regulation of ATP-dependent microtubule motor activity, plus-end-directed	3	0.04
translational termination	3	0.04
regulation of cell migration	3	0.04
regulation of cytokinesis	3	0.04
negative regulation of autophagy	3	0.04
hemopoiesis	3	0.04
negative regulation of protein sumoylation	3	0.04
regulation of stem cell population maintenance	3	0.04
compartment boundary maintenance	3	0.04
embryonic development via the syncytial blastoderm	3	0.04
lumen formation, open tracheal system	3	0.04
regulation of ubiquitin-protein transferase activity	3	0.04
apoptotic process	3	0.04
spermatocyte division	3	0.04
basement membrane organization	3	0.04
negative regulation of cell migration	3	0.04
sevenless signaling pathway	3	0.04
defense response to bacterium	3	0.04
operant conditioning	3	0.04
anterograde axonal transport	3	0.04
antennal joint development	3	0.04
peptidyl-serine phosphorylation	3	0.04
maturation of SSU-rRNA from tricistronic rRNA transcript (SSU-rRNA, 5.8S rRNA, LSU-rRNA)	3	0.04
muscle attachment	3	0.04
histone H3-K18 acetylation	3	0.04
sperm axoneme assembly	3	0.04
germ-band shortening	3	0.04
chromatin assembly or disassembly	3	0.04
positive regulation of TORC1 signaling	3	0.04
segmentation	3	0.04
mitochondrial ATP transmembrane transport	3	0.04
sensory organ precursor cell fate determination	3	0.04
sucrose biosynthetic process	3	0.04
negative regulation of heterochromatin assembly	3	0.04
regulation of compound eye cone cell fate specification	3	0.04
positive regulation of cuticle pigmentation	3	0.04
locomotory behavior	3	0.04
positive regulation of protein catabolic process	3	0.04
nucleobase-containing compound metabolic process	3	0.04
mitochondrial ADP transmembrane transport	3	0.04
Malpighian tubule bud morphogenesis	3	0.04
pyrimidine nucleobase catabolic process	3	0.04
Golgi vesicle transport	3	0.04
chorion-containing eggshell formation	3	0.04
endoplasmic reticulum organization	3	0.04
glial cell differentiation	3	0.04
histone modification	3	0.04
regulation of centriole replication	3	0.04
nonassociative learning	3	0.04
photoreceptor cell morphogenesis	3	0.04
protein deubiquitination	3	0.04
cell fate specification	3	0.04
negative regulation of insulin receptor signaling pathway	3	0.04
cell volume homeostasis	3	0.04
regulation of protein localization	3	0.04
compound eye cone cell fate commitment	3	0.04
anterior/posterior pattern specification	3	0.04
tissue development	3	0.04
ATP synthesis coupled proton transport	3	0.04
sodium ion transmembrane transport	3	0.04
base-excision repair	3	0.04
fructose 6-phosphate metabolic process	3	0.04
cuticle pattern formation	3	0.04
negative regulation of proteolysis	3	0.04
RNA processing	3	0.04
phototaxis	3	0.04
SNARE complex disassembly	3	0.04
dorsal/ventral pattern formation	3	0.04
salivary gland boundary specification	3	0.04
negative regulation of axonogenesis	3	0.04
axonogenesis involved in innervation	3	0.04
amino acid transmembrane transport	3	0.04
positive regulation of filopodium assembly	3	0.04
positive regulation of autophagy	3	0.04
exosomal secretion	3	0.04
behavioral response to ethanol	3	0.04
phagocytosis	3	0.04
terminal region determination	3	0.04
regulation of R7 cell differentiation	3	0.04
positive regulation of histone H3-K9 dimethylation	3	0.04
telomere maintenance	3	0.04
leg disc development	3	0.04
citrate metabolic process	3	0.04
axonal fasciculation	3	0.04
histone H3-K27 methylation	3	0.04
Rap protein signal transduction	3	0.04
smoothened signaling pathway	3	0.04
negative regulation of protein phosphorylation	3	0.04
DNA replication checkpoint	3	0.04
termination of RNA polymerase II transcription	3	0.04
regulation of short-term neuronal synaptic plasticity	3	0.04
anaphase-promoting complex-dependent catabolic process	3	0.04
maturation of LSU-rRNA	3	0.04
centrosome cycle	3	0.04
potassium ion import across plasma membrane	3	0.04
vascular endothelial growth factor receptor signaling pathway	3	0.04
spindle assembly	3	0.04
regulation of innate immune response	3	0.04
nuclear polyadenylation-dependent rRNA catabolic process	2	0.03
sorbitol catabolic process	2	0.03
axon target recognition	2	0.03
COPII-coated vesicle cargo loading	2	0.03
sleep	2	0.03
kinetochore organization	2	0.03
centrosome separation	2	0.03
lipid droplet organization	2	0.03
cellular response to light intensity	2	0.03
lysosome localization	2	0.03
regulation of adult chitin-containing cuticle pigmentation	2	0.03
synaptic vesicle priming	2	0.03
positive regulation of BMP signaling pathway	2	0.03
regulation of cytokinesis, actomyosin contractile ring assembly	2	0.03
dosage compensation	2	0.03
actomyosin contractile ring assembly	2	0.03
regulation of mRNA 3'-end processing	2	0.03
chromosome separation	2	0.03
dsRNA transport	2	0.03
regulation of cell fate specification	2	0.03
tissue regeneration	2	0.03
circadian rhythm	2	0.03
juvenile hormone mediated signaling pathway	2	0.03
engulfment of apoptotic cell	2	0.03
protein localization to cilium	2	0.03
small GTPase mediated signal transduction	2	0.03
protein localization to euchromatin	2	0.03
regulation of embryonic cell shape	2	0.03
lymph gland crystal cell differentiation	2	0.03
endocytic recycling	2	0.03
regulation of mitochondrion organization	2	0.03
terminal button organization	2	0.03
response to ethanol	2	0.03
trunk segmentation	2	0.03
response to humidity	2	0.03
cuticle development	2	0.03
autophagy of mitochondrion	2	0.03
positive regulation of programmed cell death	2	0.03
nucleoside triphosphate biosynthetic process	2	0.03
larval lymph gland hemopoiesis	2	0.03
regulation of protein phosphorylation	2	0.03
transcription, DNA-templated	2	0.03
Golgi vesicle fusion to target membrane	2	0.03
transforming growth factor beta receptor signaling pathway	2	0.03
establishment or maintenance of epithelial cell apical/basal polarity	2	0.03
regulation of tube length, open tracheal system	2	0.03
DNA-templated transcription, initiation	2	0.03
protein monoubiquitination	2	0.03
G1/S transition of mitotic cell cycle	2	0.03
liquid clearance, open tracheal system	2	0.03
optomotor response	2	0.03
endosomal transport	2	0.03
negative regulation of innate immune response	2	0.03
peptidoglycan recognition protein signaling pathway	2	0.03
negative regulation of macroautophagy	2	0.03
embryonic heart tube development	2	0.03
mRNA export from nucleus	2	0.03
chromatin assembly	2	0.03
beta-alanine biosynthetic process	2	0.03
positive regulation of neuromuscular synaptic transmission	2	0.03
cellular response to transforming growth factor beta stimulus	2	0.03
sensory perception of taste	2	0.03
zygotic determination of anterior/posterior axis, embryo	2	0.03
mitochondrion morphogenesis	2	0.03
histone lysine methylation	2	0.03
DNA replication-independent nucleosome assembly	2	0.03
eye-antennal disc development	2	0.03
heterochromatin organization	2	0.03
eye development	2	0.03
positive regulation of cysteine-type endopeptidase activity involved in apoptotic process	2	0.03
mitotic sister chromatid cohesion	2	0.03
regulation of JNK cascade	2	0.03
chorion-containing eggshell pattern formation	2	0.03
animal organ morphogenesis	2	0.03
regulation of G2/M transition of mitotic cell cycle	2	0.03
cytoskeleton-dependent cytoplasmic transport, nurse cell to oocyte	2	0.03
positive regulation of photoreceptor cell differentiation	2	0.03
basal protein localization	2	0.03
positive regulation of apoptotic process	2	0.03
positive regulation of intracellular cholesterol transport	2	0.03
garland nephrocyte differentiation	2	0.03
regulation of terminal button organization	2	0.03
Arp2/3 complex-mediated actin nucleation	2	0.03
intrinsic apoptotic signaling pathway in response to endoplasmic reticulum stress	2	0.03
regulation of establishment of cell polarity	2	0.03
negative regulation melanotic encapsulation of foreign target	2	0.03
axonal transport	2	0.03
histone H3-K9 acetylation	2	0.03
S-adenosylmethionine cycle	2	0.03
innate immune response	2	0.03
regulation of synapse organization	2	0.03
regulation of ecdysteroid metabolic process	2	0.03
positive regulation of circadian sleep/wake cycle, sleep	2	0.03
positive regulation of extracellular matrix constituent secretion	2	0.03
histone monoubiquitination	2	0.03
Malpighian tubule development	2	0.03
tube formation	2	0.03
pseudouridine synthesis	2	0.03
determination of left/right symmetry	2	0.03
regulation of histone acetylation	2	0.03
regulation of growth	2	0.03
RNA export from nucleus	2	0.03
synaptic vesicle transport	2	0.03
transcription by RNA polymerase II	2	0.03
positive regulation of histone deacetylation	2	0.03
fat body development	2	0.03
arginine catabolic process to ornithine	2	0.03
cellular response to reactive oxygen species	2	0.03
pseudocleavage involved in syncytial blastoderm formation	2	0.03
cellular hyperosmotic salinity response	2	0.03
positive regulation of actin filament polymerization	2	0.03
positive regulation of transcription of nucleolar large rRNA by RNA polymerase I	2	0.03
regulation of filopodium assembly	2	0.03
protein modification by small protein conjugation	2	0.03
molting cycle, chitin-based cuticle	2	0.03
positive regulation of protein localization to nucleus	2	0.03
heart morphogenesis	2	0.03
positive regulation of RNA export from nucleus	2	0.03
positive regulation of small RNA loading onto RISC	2	0.03
hemocyte development	2	0.03
nuclear polyadenylation-dependent tRNA catabolic process	2	0.03
maturation of LSU-rRNA from tricistronic rRNA transcript (SSU-rRNA, 5.8S rRNA, LSU-rRNA)	2	0.03
UV protection	2	0.03
Golgi localization	2	0.03
neuron-neuron synaptic transmission	2	0.03
imaginal disc fusion, thorax closure	2	0.03
response to UV	2	0.03
developmental pigmentation	2	0.03
histone H3 deacetylation	2	0.03
nuclear pore localization	2	0.03
negative regulation of viral entry into host cell	2	0.03
cytoplasmic translational termination	2	0.03
regulation of chromatin assembly or disassembly	2	0.03
pole cell development	2	0.03
negative regulation of growth	2	0.03
cholesterol homeostasis	2	0.03
regulation of tube size, open tracheal system	2	0.03
exonucleolytic trimming to generate mature 3'-end of 5.8S rRNA from tricistronic rRNA transcript (SSU-rRNA, 5.8S rRNA, LSU-rRNA)	2	0.03
morphogenesis of an epithelial fold	2	0.03
axon development	2	0.03
'de novo' UMP biosynthetic process	2	0.03
gonad development	2	0.03
axon midline choice point recognition	2	0.03
positive regulation of cell migration	2	0.03
regulation of dendrite morphogenesis	2	0.03
oviposition	2	0.03
spermatid differentiation	2	0.03
negative regulation of glial cell proliferation	2	0.03
wing disc morphogenesis	2	0.03
regulation of cell growth	2	0.03
pole plasm assembly	2	0.03
regulation of transcriptional start site selection at RNA polymerase II promoter	2	0.03
regulation of endocytosis	2	0.03
larval feeding behavior	2	0.03
phosphorylation	2	0.03
ribosomal subunit export from nucleus	2	0.03
antennal development	2	0.03
cellular response to amino acid starvation	2	0.03
L-ascorbic acid biosynthetic process	2	0.03
germarium-derived oocyte differentiation	2	0.03
regulation of mRNA stability involved in response to oxidative stress	2	0.03
regulation of membrane potential in photoreceptor cell	2	0.03
regulation of tube architecture, open tracheal system	2	0.03
fusome organization	2	0.03
mitochondrial electron transport, ubiquinol to cytochrome c	2	0.03
uracil catabolic process	2	0.03
G1 to G0 transition	2	0.03
ADP biosynthetic process	2	0.03
ribosomal small subunit assembly	2	0.03
negative regulation of protein kinase B signaling	2	0.03
posterior head segmentation	2	0.03
proteasome assembly	2	0.03
membrane organization	2	0.03
dorsal closure, amnioserosa morphology change	2	0.03
protein ADP-ribosylation	2	0.03
positive regulation of somatic stem cell division	2	0.03
negative regulation of stem cell differentiation	2	0.03
transport along microtubule	2	0.03
positive regulation of protein secretion	2	0.03
photoreceptor cell development	2	0.03
glutamine metabolic process	2	0.03
BMP signaling pathway	2	0.03
regulation of cellular response to oxidative stress	2	0.03
trachea morphogenesis	2	0.03
intraciliary transport	2	0.03
gene silencing by miRNA	2	0.03
cytoplasmic sequestering of transcription factor	2	0.03
mitochondrial unfolded protein response	2	0.03
mitochondrial transport	2	0.03
entrainment of circadian clock	2	0.03
larval salivary gland morphogenesis	2	0.03
negative regulation of antimicrobial humoral response	2	0.03
enterocyte differentiation	2	0.03
positive regulation of synapse pruning	2	0.03
regulation of stem cell division	2	0.03
sperm chromatin decondensation	2	0.03
postreplication repair	2	0.03
urea cycle	2	0.03
oocyte differentiation	2	0.03
integrin-mediated signaling pathway	2	0.03
regulation of stem cell differentiation	2	0.03
compound eye photoreceptor fate commitment	2	0.03
ocellus development	2	0.03
oocyte anterior/posterior axis specification	2	0.03
box C/D snoRNP assembly	2	0.03
maintenance of protein location in cell	2	0.03
mitochondrial electron transport, cytochrome c to oxygen	2	0.03
intracellular transport	2	0.03
epithelial tube morphogenesis	2	0.03
protein desumoylation	2	0.03
protein linear polyubiquitination	2	0.03
protein localization to Golgi membrane	2	0.03
anterior head segmentation	2	0.03
gonad morphogenesis	2	0.03
cardiac muscle cell development	2	0.03
epithelial cell proliferation involved in Malpighian tubule morphogenesis	2	0.03
regulation of circadian rhythm	2	0.03
protein localization to cell surface	2	0.03
R1/R6 cell fate commitment	2	0.03
tetrahydrofolate interconversion	2	0.03
oocyte fate determination	2	0.03
regulation of proteolysis	2	0.03
mitochondrial ATP synthesis coupled proton transport	2	0.03
positive regulation of compound eye retinal cell programmed cell death	2	0.03
establishment or maintenance of apical/basal cell polarity	2	0.03
neuroblast differentiation	2	0.03
DNA duplex unwinding	2	0.03
negative regulation of peptidoglycan recognition protein signaling pathway	2	0.03
melanotic encapsulation of foreign target	2	0.03
lipid storage	2	0.03
plasma membrane to endosome transport	2	0.03
regulation of protein localization to nucleus	2	0.03
retinal ganglion cell axon guidance	2	0.03
fatty acid transport	2	0.03
dorsal closure, spreading of leading edge cells	2	0.03
vesicle-mediated transport in synapse	2	0.03
oxidative phosphorylation	2	0.03
imaginal disc morphogenesis	2	0.03
regulation of chromosome condensation	2	0.03
non-motile cilium assembly	2	0.03
establishment or maintenance of neuroblast polarity	2	0.03
regulation of DNA-binding transcription factor activity	2	0.03
myosin II filament assembly	2	0.03
larval midgut cell programmed cell death	2	0.03
positive regulation of protein phosphorylation	2	0.03
endosomal vesicle fusion	2	0.03
DNA endoreduplication	2	0.03
regulation of dendrite development	2	0.03
proteasomal ubiquitin-independent protein catabolic process	2	0.03
regulation of establishment of planar polarity	2	0.03
lymph gland plasmatocyte differentiation	2	0.03
histone H4 deacetylation	2	0.03
negative regulation of inflammatory response	2	0.03
nuclear pore complex assembly	2	0.03
asymmetric neuroblast division resulting in ganglion mother cell formation	2	0.03
spliceosomal complex assembly	2	0.03
leukocyte activation	2	0.03
negative regulation of hemocyte proliferation	2	0.03
microtubule depolymerization	2	0.03
response to stimulus	2	0.03
ribosome disassembly	2	0.03
oocyte localization involved in germarium-derived egg chamber formation	2	0.03
cardioblast cell fate determination	2	0.03
Golgi vesicle docking	2	0.03
primary miRNA processing	2	0.03
actin filament bundle assembly	2	0.03
snRNA 3'-end processing	2	0.03
retrograde axonal transport	2	0.03
ectoderm and mesoderm interaction	2	0.03
leg disc proximal/distal pattern formation	2	0.03
negative regulation of nurse cell apoptotic process	2	0.03
SMAD protein signal transduction	2	0.03
germarium-derived cystoblast division	2	0.03
branch fusion, open tracheal system	2	0.03
muscle fiber development	2	0.03
negative regulation of salivary gland boundary specification	2	0.03
regulation of heart morphogenesis	2	0.03
paracrine signaling	2	0.03
establishment of epithelial cell polarity	2	0.03
establishment of cell polarity	2	0.03
protein localization to cleavage furrow	2	0.03
phosphorylation of RNA polymerase II C-terminal domain	2	0.03
negative regulation of microtubule depolymerization	2	0.03
plasma membrane organization	2	0.03
germ-line stem cell division	2	0.03
endonucleolytic cleavage of tricistronic rRNA transcript (SSU-rRNA, 5.8S rRNA, LSU-rRNA)	1	0.01
positive regulation of epithelial cell differentiation	1	0.01
establishment of mitotic spindle localization	1	0.01
polarized secretion of basement membrane proteins in epithelium	1	0.01
heme biosynthetic process	1	0.01
regulation of pupariation	1	0.01
regulation of smoothened signaling pathway	1	0.01
DNA-dependent DNA replication	1	0.01
rhythmic excitation	1	0.01
subsynaptic reticulum organization	1	0.01
female meiosis chromosome segregation	1	0.01
epithelial cilium movement involved in determination of left/right asymmetry	1	0.01
ovarian fusome organization	1	0.01
maternal specification of dorsal/ventral axis, oocyte, germ-line encoded	1	0.01
response to anesthetic	1	0.01
regulation of heterochromatin assembly	1	0.01
positive regulation of mitochondrial fission	1	0.01
heterochromatin maintenance	1	0.01
antennal morphogenesis	1	0.01
collagen-activated tyrosine kinase receptor signaling pathway	1	0.01
larval central nervous system remodeling	1	0.01
entrainment of circadian clock by photoperiod	1	0.01
dopamine receptor signaling pathway	1	0.01
microtubule cytoskeleton organization involved in mitosis	1	0.01
sex determination	1	0.01
regulation of neurotransmitter secretion	1	0.01
inter-male aggressive behavior	1	0.01
negative regulation of neuromuscular synaptic transmission	1	0.01
regulation of cell-matrix adhesion	1	0.01
positive regulation of histone acetylation	1	0.01
regulation of compound eye pigmentation	1	0.01
trachea development	1	0.01
methylation	1	0.01
positive regulation of oxidative phosphorylation	1	0.01
piRNA metabolic process	1	0.01
phagocytosis, engulfment	1	0.01
tendon development	1	0.01
neuron recognition	1	0.01
negative regulation of DNA endoreduplication	1	0.01
positive regulation of insulin secretion	1	0.01
regulation of cellular protein localization	1	0.01
U1 snRNA 3'-end processing	1	0.01
positive regulation of female receptivity	1	0.01
positive regulation of nuclear cell cycle DNA replication	1	0.01
negative regulation of centriole elongation	1	0.01
regulation of stem cell proliferation	1	0.01
regulation of transcription from RNA polymerase II promoter in response to stress	1	0.01
mitotic cohesin unloading	1	0.01
endoplasmic reticulum unfolded protein response	1	0.01
regulation of peptidyl-cysteine S-nitrosylation	1	0.01
hematopoietic stem cell homeostasis	1	0.01
digestive tract morphogenesis	1	0.01
regulation of mitochondrial depolarization	1	0.01
negative regulation of R7 cell differentiation	1	0.01
flagellated sperm motility	1	0.01
female germ-line cyst formation	1	0.01
stem cell fate commitment	1	0.01
hindgut morphogenesis	1	0.01
adherens junction assembly	1	0.01
cytoskeleton organization	1	0.01
positive regulation of neuronal action potential	1	0.01
protein destabilization	1	0.01
intestinal epithelial structure maintenance	1	0.01
nuclear mRNA surveillance	1	0.01
negative regulation of melanization defense response	1	0.01
mesodermal cell fate commitment	1	0.01
skeletal muscle myosin thick filament assembly	1	0.01
histidine catabolic process	1	0.01
spliceosomal tri-snRNP complex assembly	1	0.01
negative regulation of antimicrobial peptide production	1	0.01
positive regulation of protein localization to plasma membrane	1	0.01
regulation of programmed cell death	1	0.01
dorsal vessel heart proper cell fate commitment	1	0.01
U5 snRNA 3'-end processing	1	0.01
cold acclimation	1	0.01
late endosomal microautophagy	1	0.01
histone H3-K23 acetylation	1	0.01
maintenance of imaginal histoblast diploidy	1	0.01
regulation of lamellipodium assembly	1	0.01
response to cocaine	1	0.01
regulation of gene expression by genetic imprinting	1	0.01
response to camptothecin	1	0.01
generation of neurons	1	0.01
regulation of proton transport	1	0.01
activin receptor signaling pathway	1	0.01
spectrosome organization	1	0.01
negative regulation of compound eye retinal cell programmed cell death	1	0.01
regulation of preblastoderm mitotic cell cycle	1	0.01
positive regulation of cysteine-type endopeptidase activity involved in apoptotic signaling pathway	1	0.01
cellular response to cAMP	1	0.01
positive regulation of establishment of protein localization	1	0.01
positive regulation of histone H3-K4 methylation	1	0.01
negative regulation of tumor necrosis factor-mediated signaling pathway	1	0.01
regulation of actin filament-based process	1	0.01
positive regulation of oskar mRNA translation	1	0.01
preblastoderm mitotic cell cycle	1	0.01
apical protein localization	1	0.01
substrate-dependent cell migration, cell extension	1	0.01
urate catabolic process	1	0.01
endonucleolytic cleavage to generate mature 5'-end of SSU-rRNA from (SSU-rRNA, 5.8S rRNA, LSU-rRNA)	1	0.01
ring gland development	1	0.01
gastrulation involving germ band extension	1	0.01
Toll signaling pathway	1	0.01
axon extension	1	0.01
regulation of proteasomal protein catabolic process	1	0.01
R8 cell-mediated photoreceptor organization	1	0.01
negative regulation of phosphoprotein phosphatase activity	1	0.01
axon ensheathment	1	0.01
formaldehyde catabolic process	1	0.01
positive regulation of transcription from RNA polymerase II promoter in response to heat stress	1	0.01
negative regulation of response to gamma radiation	1	0.01
catecholamine metabolic process	1	0.01
establishment of Golgi localization	1	0.01
Notch receptor processing	1	0.01
positive regulation of endocytosis	1	0.01
protein localization involved in establishment of planar polarity	1	0.01
asymmetric cell division	1	0.01
haltere morphogenesis	1	0.01
histone H2A-K119 monoubiquitination	1	0.01
R7 cell development	1	0.01
sensory perception of smell	1	0.01
jump response	1	0.01
positive regulation of neuron differentiation	1	0.01
meiosis I cytokinesis	1	0.01
labial disc development	1	0.01
negative regulation of receptor signaling pathway via JAK-STAT	1	0.01
activation of protein kinase activity	1	0.01
vesicle organization	1	0.01
positive regulation of translation	1	0.01
argininosuccinate metabolic process	1	0.01
pole cell formation	1	0.01
filopodium assembly	1	0.01
central nervous system neuron development	1	0.01
regulation of choline O-acetyltransferase activity	1	0.01
negative regulation of ecdysone receptor-mediated signaling pathway	1	0.01
adaptation of rhodopsin mediated signaling	1	0.01
mitotic G1/S transition checkpoint	1	0.01
syncytial nuclear migration	1	0.01
mitotic DNA replication checkpoint	1	0.01
oocyte nucleus migration involved in oocyte dorsal/ventral axis specification	1	0.01
cytoskeletal rearrangement involved in phagocytosis, engulfment	1	0.01
cell adhesion mediated by integrin	1	0.01
oviduct morphogenesis	1	0.01
rhodopsin mediated signaling pathway	1	0.01
cellular amino acid biosynthetic process	1	0.01
apoptotic cell clearance	1	0.01
oocyte dorsal/ventral axis specification	1	0.01
specification of segmental identity, head	1	0.01
activation of GTPase activity	1	0.01
muscle cell differentiation	1	0.01
haltere development	1	0.01
mitochondrial translation	1	0.01
Mo-molybdopterin cofactor biosynthetic process	1	0.01
presynaptic active zone organization	1	0.01
polarity specification of proximal/distal axis	1	0.01
positive regulation of insulin receptor signaling pathway	1	0.01
positive regulation of exocytosis	1	0.01
purine nucleobase metabolic process	1	0.01
homologous chromosome segregation	1	0.01
pattern specification process	1	0.01
nephrocyte diaphragm assembly	1	0.01
sterol biosynthetic process	1	0.01
response to red light	1	0.01
cellular response to gamma radiation	1	0.01
carnitine metabolic process, CoA-linked	1	0.01
exonucleolytic catabolism of deadenylated mRNA	1	0.01
microtubule polymerization	1	0.01
negative regulation of immune response	1	0.01
cilium-dependent cell motility	1	0.01
ovarian follicle cell migration	1	0.01
nucleic acid phosphodiester bond hydrolysis	1	0.01
zinc ion homeostasis	1	0.01
positive regulation of DNA methylation-dependent heterochromatin assembly	1	0.01
pericardial nephrocyte differentiation	1	0.01
S-adenosylmethionine catabolic process	1	0.01
neuron projection development	1	0.01
regulation of nitric oxide metabolic process	1	0.01
negative regulation of reproductive process	1	0.01
nuclear membrane organization	1	0.01
regulation of histone methylation	1	0.01
phospholipid transport	1	0.01
activation of MAPKK activity	1	0.01
histone H4-K16 acetylation	1	0.01
methionine biosynthetic process	1	0.01
regulation of postsynaptic membrane potential	1	0.01
histone H3-K36 dimethylation	1	0.01
ribosomal large subunit biogenesis	1	0.01
stress granule disassembly	1	0.01
mitotic nuclear envelope reassembly	1	0.01
cell elongation involved in imaginal disc-derived wing morphogenesis	1	0.01
male germ-line cyst encapsulation	1	0.01
regulation of multicellular organism growth	1	0.01
posttranscriptional gene silencing	1	0.01
glutamate catabolic process	1	0.01
positive regulation of histone H4-K16 acetylation	1	0.01
oenocyte differentiation	1	0.01
epidermal cell differentiation	1	0.01
regulation of ER to Golgi vesicle-mediated transport	1	0.01
nuclear-transcribed mRNA catabolic process, exonucleolytic, 3'-5'	1	0.01
wing disc anterior/posterior pattern formation	1	0.01
positive regulation of microtubule polymerization	1	0.01
alcohol metabolic process	1	0.01
regulation of embryonic development	1	0.01
negative regulation of triglyceride catabolic process	1	0.01
negative regulation of neuron projection development	1	0.01
glucose 6-phosphate metabolic process	1	0.01
insulin receptor signaling pathway	1	0.01
U4 snRNA 3'-end processing	1	0.01
NLS-bearing protein import into nucleus	1	0.01
protein localization to membrane	1	0.01
negative regulation of transposition	1	0.01
male germ-line stem cell asymmetric division	1	0.01
nuclear division	1	0.01
negative regulation of cell death	1	0.01
growth of a germarium-derived egg chamber	1	0.01
positive regulation of cellular protein catabolic process	1	0.01
regulation of neuron remodeling	1	0.01
protein localization to M-band	1	0.01
regulation of ephrin receptor signaling pathway	1	0.01
actin filament reorganization involved in cell cycle	1	0.01
arginine biosynthetic process via ornithine	1	0.01
aging	1	0.01
secretory granule organization	1	0.01
regulation of epithelial cell migration, open tracheal system	1	0.01
auditory behavior	1	0.01
spermathecum morphogenesis	1	0.01
response to hormone	1	0.01
pre-mRNA cleavage required for polyadenylation	1	0.01
regulation of circadian sleep/wake cycle, sleep	1	0.01
progression of morphogenetic furrow involved in compound eye morphogenesis	1	0.01
ovarian follicle cell-cell adhesion	1	0.01
grooming behavior	1	0.01
chromosome organization involved in meiotic cell cycle	1	0.01
male meiosis I	1	0.01
negative regulation of hemocyte differentiation	1	0.01
pole plasm mRNA localization	1	0.01
regulation of tube diameter	1	0.01
ciliary transition zone assembly	1	0.01
spermatid nucleus elongation	1	0.01
endosome to plasma membrane protein transport	1	0.01
ciliary basal body organization	1	0.01
follicle cell microvillus organization	1	0.01
positive regulation of transposon integration	1	0.01
positive regulation of microfilament motor activity	1	0.01
cellular response to ethanol	1	0.01
canonical Wnt signaling pathway	1	0.01
specification of segmental identity, antennal segment	1	0.01
axon regeneration	1	0.01
negative regulation of histone H3-K27 trimethylation	1	0.01
synapse maturation	1	0.01
transmembrane transport	1	0.01
histone H2A acetylation	1	0.01
tracheal pit formation in open tracheal system	1	0.01
prolyl-tRNA aminoacylation	1	0.01
regulation of compound eye retinal cell programmed cell death	1	0.01
negative regulation of developmental growth	1	0.01
DNA replication-independent nucleosome organization	1	0.01
regulation of mitochondrial membrane permeability	1	0.01
nuclear polyadenylation-dependent snoRNA catabolic process	1	0.01
histone deubiquitination	1	0.01
mitochondrial fission	1	0.01
meiotic DNA double-strand break processing involved in reciprocal meiotic recombination	1	0.01
positive regulation of cell growth	1	0.01
amyloid precursor protein metabolic process	1	0.01
oocyte construction	1	0.01
regulation of actin filament polymerization	1	0.01
ubiquitin-dependent protein catabolic process via the multivesicular body sorting pathway	1	0.01
endosome to lysosome transport via multivesicular body sorting pathway	1	0.01
regulation of transposition	1	0.01
xenobiotic metabolic process	1	0.01
synaptic vesicle to endosome fusion	1	0.01
fertilization, exchange of chromosomal proteins	1	0.01
fatty acid beta-oxidation using acyl-CoA dehydrogenase	1	0.01
axonal transport of mitochondrion	1	0.01
regulation of cell proliferation involved in compound eye morphogenesis	1	0.01
acetyl-CoA metabolic process	1	0.01
synaptonemal complex assembly	1	0.01
germ-line sex determination	1	0.01
morphogenesis of a polarized epithelium	1	0.01
GTP metabolic process	1	0.01
septate junction assembly	1	0.01
positive regulation of anaphase-promoting complex-dependent catabolic process	1	0.01
membrane bending	1	0.01
negative regulation of histone methylation	1	0.01
positive regulation of multicellular organism growth	1	0.01
negative regulation of photoreceptor cell differentiation	1	0.01
mRNA 3'-end processing by stem-loop binding and cleavage	1	0.01
puparial adhesion	1	0.01
response to temperature stimulus	1	0.01
histone phosphorylation	1	0.01
endodermal digestive tract morphogenesis	1	0.01
cell-cell junction maintenance	1	0.01
positive regulation of FACT complex assembly	1	0.01
translesion synthesis	1	0.01
nuclear migration along microtubule	1	0.01
gastrulation	1	0.01
larval development	1	0.01
regulation of oviposition	1	0.01
regulation of protein localization to chromatin	1	0.01
synaptic vesicle cycle	1	0.01
regulation of neuromuscular synaptic transmission	1	0.01
pole plasm RNA localization	1	0.01
telomere maintenance via recombination	1	0.01
glycoprotein metabolic process	1	0.01
protein localization to nuclear envelope	1	0.01
regulation of Malpighian tubule diameter	1	0.01
positive regulation of NF-kappaB transcription factor activity	1	0.01
regulation of light-activated channel activity	1	0.01
regulation of mitotic sister chromatid separation	1	0.01
muscle structure development	1	0.01
cell surface receptor signaling pathway	1	0.01
leading strand elongation	1	0.01
lymph gland development	1	0.01
oxaloacetate metabolic process	1	0.01
G2/M transition of mitotic cell cycle	1	0.01
negative regulation of fusion cell fate specification	1	0.01
regulation of catalytic activity	1	0.01
negative regulation of BMP signaling pathway	1	0.01
reciprocal meiotic recombination	1	0.01
positive regulation of gastrulation	1	0.01
sperm mitochondrion organization	1	0.01
response to toxic substance	1	0.01
mismatch repair	1	0.01
endoderm development	1	0.01
endoplasmic reticulum membrane organization	1	0.01
DNA damage checkpoint	1	0.01
regulation of microtubule depolymerization	1	0.01
positive regulation of cell projection organization	1	0.01
female gonad development	1	0.01
JNK cascade	1	0.01
negative regulation of protein export from nucleus	1	0.01
homophilic cell adhesion via plasma membrane adhesion molecules	1	0.01
eye photoreceptor cell differentiation	1	0.01
activation of cysteine-type endopeptidase activity involved in apoptotic process	1	0.01
purine nucleotide biosynthetic process	1	0.01
microtubule organizing center organization	1	0.01
regulation of cell size	1	0.01
histone H3-K36 methylation	1	0.01
mRNA methylation	1	0.01
maintenance of rDNA	1	0.01
eggshell chorion assembly	1	0.01
ARF protein signal transduction	1	0.01
myoblast fate specification	1	0.01
negative regulation of neuron projection arborization	1	0.01
neurotransmitter receptor metabolic process	1	0.01
muscle system process	1	0.01
head segmentation	1	0.01
plasma membrane tubulation	1	0.01
specification of segmental identity, intercalary segment	1	0.01
positive regulation of sevenless signaling pathway	1	0.01
deactivation of rhodopsin mediated signaling	1	0.01
cell death	1	0.01
positive regulation of MAP kinase activity	1	0.01
thiamine pyrophosphate transmembrane transport	1	0.01
rRNA catabolic process	1	0.01
translational initiation	1	0.01
assembly of apicomedial cortex actomyosin	1	0.01
regulation of G1/S transition of mitotic cell cycle	1	0.01
compound eye cone cell differentiation	1	0.01
negative regulation of synaptic vesicle exocytosis	1	0.01
pole cell migration	1	0.01
maintenance of imaginal disc-derived wing hair orientation	1	0.01
exit from mitosis	1	0.01
hatching	1	0.01
regulation of oskar mRNA translation	1	0.01
regulation of phosphorylation of RNA polymerase II C-terminal domain	1	0.01
protein homotetramerization	1	0.01
branching involved in open tracheal system development	1	0.01
protein K11-linked ubiquitination	1	0.01
sex differentiation	1	0.01
histone ubiquitination	1	0.01
regulation of neuron death	1	0.01
enteroendocrine cell differentiation	1	0.01
embryonic foregut morphogenesis	1	0.01
muscle organ morphogenesis	1	0.01
regulation of COPII vesicle coating	1	0.01
melanin biosynthetic process	1	0.01
female germ-line stem cell asymmetric division	1	0.01
heterophilic cell-cell adhesion via plasma membrane cell adhesion molecules	1	0.01
muscle cell fate specification	1	0.01
regulation of trehalose metabolic process	1	0.01
production of miRNAs involved in gene silencing by miRNA	1	0.01
oenocyte delamination	1	0.01
telomere maintenance via telomerase	1	0.01
positive regulation of Notch signaling pathway	1	0.01
heart formation	1	0.01
ventral furrow formation	1	0.01
regulation of ATPase activity	1	0.01
Roundabout signaling pathway	1	0.01
response to cold	1	0.01
positive regulation of torso signaling pathway	1	0.01
meiotic recombination checkpoint	1	0.01
nuclear envelope organization	1	0.01
inner dynein arm assembly	1	0.01
embryonic cleavage	1	0.01
microvillus organization	1	0.01
resolution of meiotic recombination intermediates	1	0.01
ethanol oxidation	1	0.01
vesicle transport along microtubule	1	0.01
retrograde axonal transport of mitochondrion	1	0.01
late endosome to lysosome transport	1	0.01
positive regulation of cytokinesis, actomyosin contractile ring assembly	1	0.01
larval behavior	1	0.01
mitotic G2 DNA damage checkpoint	1	0.01
anterior midgut development	1	0.01
acetaldehyde metabolic process	1	0.01
detection of chemical stimulus involved in sensory perception of smell	1	0.01
chaperone-mediated protein folding	1	0.01
nuclear retention of unspliced pre-mRNA at the site of transcription	1	0.01
imaginal disc-derived wing expansion	1	0.01
glutamyl-tRNA aminoacylation	1	0.01
nucleoside diphosphate phosphorylation	1	0.01
apoptotic signaling pathway	1	0.01
autophagosome-lysosome fusion	1	0.01
sulfation	1	0.01
cilium movement	1	0.01
S-adenosylmethionine metabolic process	1	0.01
head morphogenesis	1	0.01
negative regulation of lamellocyte differentiation	1	0.01
cell population proliferation	1	0.01
nuclear polyadenylation-dependent antisense transcript catabolic process	1	0.01
generation of catalytic spliceosome for first transesterification step	1	0.01
sarcosine metabolic process	1	0.01
positive regulation of spindle assembly	1	0.01
positive regulation of cell death	1	0.01
vacuole organization	1	0.01
regulation of actomyosin contractile ring localization	1	0.01
mitochondrial calcium ion homeostasis	1	0.01
calcium ion import across plasma membrane	1	0.01
regulation of mitotic spindle organization	1	0.01
nuclear polyadenylation-dependent mRNA catabolic process	1	0.01
positive regulation of RNA splicing	1	0.01
negative regulation of apoptotic signaling pathway	1	0.01
circadian temperature homeostasis	1	0.01
positive regulation of cell division	1	0.01
bicoid mRNA localization	1	0.01
regulation of developmental growth	1	0.01
behavioral response to cocaine	1	0.01
synaptonemal complex organization	1	0.01
mesodermal cell fate determination	1	0.01
negative regulation of lipid storage	1	0.01
regulation of cell differentiation involved in tissue homeostasis	1	0.01
specification of animal organ identity	1	0.01
regulation of synaptic vesicle fusion to presynaptic active zone membrane	1	0.01
photoreceptor cell fate determination	1	0.01
genital disc anterior/posterior pattern formation	1	0.01
proximal/distal pattern formation	1	0.01
positive regulation of G1/S transition of mitotic cell cycle	1	0.01
snRNA processing	1	0.01
positive regulation of translational elongation	1	0.01
mitotic cell cycle, embryonic	1	0.01
ciliary basal body-plasma membrane docking	1	0.01
positive regulation of mitochondrial fusion	1	0.01
neuroblast division	1	0.01
gamma-aminobutyric acid catabolic process	1	0.01
skeletal myofibril assembly	1	0.01
10-formyltetrahydrofolate catabolic process	1	0.01
receptor recycling	1	0.01
male meiosis chromosome segregation	1	0.01
cardioblast differentiation	1	0.01
positive regulation of autophagy of mitochondrion	1	0.01
COPII-coated vesicle budding	1	0.01
regulation of cell morphogenesis	1	0.01
unidimensional cell growth	1	0.01
activation of MAPKKK activity	1	0.01
sex determination, primary response to X:A ratio	1	0.01
phagosome-lysosome fusion	1	0.01
positive regulation of mitochondrial membrane potential	1	0.01
pupal development	1	0.01
regulation of response to drug	1	0.01
histone H3-K4 demethylation	1	0.01
canonical glycolysis	1	0.01
mitochondrial thiamine pyrophosphate transmembrane transport	1	0.01
nuclear-transcribed mRNA catabolic process, non-stop decay	1	0.01
post-embryonic digestive tract morphogenesis	1	0.01
zonula adherens assembly	1	0.01
anterograde dendritic transport of neurotransmitter receptor complex	1	0.01
RNA polymerase II preinitiation complex assembly	1	0.01
positive regulation of heart contraction	1	0.01
chaperone-mediated protein complex assembly	1	0.01
N-glycan processing	1	0.01
regulation of telomere maintenance	1	0.01
histone H3-K14 acetylation	1	0.01
nuclear RNA surveillance	1	0.01
response to sucrose	1	0.01
positive regulation of protein exit from endoplasmic reticulum	1	0.01
male genitalia development	1	0.01
S-adenosylhomocysteine catabolic process	1	0.01
basement membrane constituent secretion	1	0.01
genital disc development	1	0.01
positive regulation of response to oxidative stress	1	0.01
lipid oxidation	1	0.01
proteolysis involved in cellular protein catabolic process	1	0.01
germ-line stem-cell niche homeostasis	1	0.01
poly(A)+ mRNA export from nucleus	1	0.01
regulation of microtubule motor activity	1	0.01
cytosolic ciliogenesis	1	0.01
mitotic spindle assembly	1	0.01
cellular response to topologically incorrect protein	1	0.01
protein export from nucleus	1	0.01
determination of muscle attachment site	1	0.01
long-term strengthening of neuromuscular junction	1	0.01
protoporphyrinogen IX biosynthetic process	1	0.01
response to caffeine	1	0.01
negative regulation of compound eye photoreceptor development	1	0.01
ERK1 and ERK2 cascade	1	0.01
embryonic digestive tract development	1	0.01
protein localization to chromatin	1	0.01
hindgut development	1	0.01
somatic sex determination	1	0.01
cellular response to cold	1	0.01
determination of digestive tract left/right asymmetry	1	0.01
cell-matrix adhesion	1	0.01
positive regulation of hemocyte proliferation	1	0.01
protein homooligomerization	1	0.01
tube morphogenesis	1	0.01
tRNA wobble uridine modification	1	0.01
dsDNA loop formation	1	0.01
carbohydrate homeostasis	1	0.01
catecholamine biosynthetic process	1	0.01
basolateral protein secretion	1	0.01
molybdopterin cofactor biosynthetic process	1	0.01
single fertilization	1	0.01
regulation of protein exit from endoplasmic reticulum	1	0.01
positive regulation of ecdysteroid biosynthetic process	1	0.01
regulation of intracellular mRNA localization	1	0.01
positive regulation of histone H3-K9 trimethylation	1	0.01
spindle organization	1	0.01
meiotic spindle organization	1	0.01
positive regulation of axon extension involved in regeneration	1	0.01
tracheal outgrowth, open tracheal system	1	0.01
polyadenylation-dependent snoRNA 3'-end processing	1	0.01
regulation of epidermal growth factor receptor signaling pathway	1	0.01
regulation of glutamine family amino acid metabolic process	1	0.01
egg activation	1	0.01
protein import into mitochondrial intermembrane space	1	0.01
positive regulation of histone methylation	1	0.01
regulation of myosin II filament assembly	1	0.01
endosome to lysosome transport	1	0.01
reactive oxygen species metabolic process	1	0.01
cephalic furrow formation	1	0.01
action potential	1	0.01
presynaptic modulation of chemical synaptic transmission	1	0.01
transmission of nerve impulse	1	0.01
nuclear polyadenylation-dependent CUT catabolic process	1	0.01
regulation of gluconeogenesis	1	0.01
Golgi to lysosome transport	1	0.01
positive regulation of lamellipodium assembly	1	0.01
cardiac muscle tissue development	1	0.01
UTP biosynthetic process	1	0.01
positive regulation of locomotor rhythm	1	0.01
genitalia development	1	0.01
visceral muscle development	1	0.01
learning or memory	1	0.01
citrulline biosynthetic process	1	0.01
larval wandering behavior	1	0.01
histone H4-K20 methylation	1	0.01
left/right axis specification	1	0.01
endoderm formation	1	0.01
NADH metabolic process	1	0.01
embryonic organ development	1	0.01
negative regulation of muscle cell differentiation	1	0.01
compound eye photoreceptor development	1	0.01
post-Golgi vesicle-mediated transport	1	0.01
presynapse assembly	1	0.01
regulation of cardiac muscle contraction by calcium ion signaling	1	0.01
protein localization to nuclear pore	1	0.01
pigment cell differentiation	1	0.01
regulation of actin filament bundle assembly	1	0.01
positive regulation of histone H3-K4 trimethylation	1	0.01
negative regulation of neuron death	1	0.01
multicellular organism aging	1	0.01
biosynthetic process	1	0.01
nitrogen compound metabolic process	1	0.01
positive regulation of netrin-activated signaling pathway	1	0.01
mitotic cleavage furrow ingression	1	0.01
histone H3-K4 demethylation, trimethyl-H3-K4-specific	1	0.01
histone H4-K5 acetylation	1	0.01
positive regulation of mitotic cell cycle spindle assembly checkpoint	1	0.01
cell aging	1	0.01
regulation of cellular respiration	1	0.01
positive regulation of synaptic transmission, glutamatergic	1	0.01
response to alcohol	1	0.01
negative regulation of histone modification	1	0.01
positive regulation of axonogenesis	1	0.01
protein deneddylation	1	0.01
pericentric heterochromatin assembly	1	0.01
cellular response to nutrient	1	0.01
ectodermal digestive tract morphogenesis	1	0.01
cuticle pigmentation	1	0.01
ITP metabolic process	1	0.01
synaptic vesicle fusion to presynaptic active zone membrane	1	0.01
positive regulation of intracellular protein transport	1	0.01
actin filament bundle organization	1	0.01
response to osmotic stress	1	0.01
mitochondrion distribution	1	0.01
female pronucleus assembly	1	0.01
negative regulation of terminal cell fate specification, open tracheal system	1	0.01
morphogenesis of an epithelium	1	0.01
positive regulation of lipid metabolic process	1	0.01
embryo development ending in birth or egg hatching	1	0.01
non-sensory hair organization	1	0.01
electron transport chain	1	0.01
receptor signaling pathway via JAK-STAT	1	0.01
mitotic spindle assembly checkpoint	1	0.01
pronuclear migration	1	0.01
ecdysone-mediated polytene chromosome puffing	1	0.01
regulation of mitotic spindle assembly	1	0.01
immune response	1	0.01
visual learning	1	0.01
histoblast morphogenesis	1	0.01
salivary gland histolysis	1	0.01
positive regulation of mitotic cell cycle, embryonic	1	0.01
response to wounding	1	0.01
response to symbiont	1	0.01
regulation of translation by machinery localization	1	0.01
protein O-linked glycosylation	1	0.01
positive regulation of extent of heterochromatin assembly	1	0.01
metarhodopsin inactivation	1	0.01
neuroblast fate commitment	1	0.01
proline catabolic process to glutamate	1	0.01
nuclear polyadenylation-dependent snRNA catabolic process	1	0.01
transcription by RNA polymerase III	1	0.01
posterior midgut invagination	1	0.01
regulation of meiotic nuclear division	1	0.01
regulation of hormone levels	1	0.01
muscle tissue morphogenesis	1	0.01
hemocyte proliferation	1	0.01
G protein-coupled receptor signaling pathway	1	0.01
positive regulation of compound eye pigmentation	1	0.01
protein autoubiquitination	1	0.01
histamine biosynthetic process	1	0.01
meiotic DNA double-strand break formation involved in reciprocal meiotic recombination	1	0.01
nucleotide-excision repair	1	0.01
autophagosome maturation	1	0.01
positive regulation of endopeptidase activity	1	0.01
catecholamine catabolic process	1	0.01
regulation of protein autophosphorylation	1	0.01
age-dependent response to oxidative stress	1	0.01
vacuolar acidification	1	0.01
long-chain fatty acid metabolic process	1	0.01
chitin-based embryonic cuticle biosynthetic process	1	0.01
regulation of antibacterial peptide production	1	0.01
positive regulation of tumor necrosis factor-mediated signaling pathway	1	0.01
response to light stimulus	1	0.01
p38MAPK cascade	1	0.01
histone H3-K4 trimethylation	1	0.01
acyl-CoA metabolic process	1	0.01
intracellular distribution of mitochondria	1	0.01
somatic stem cell division	1	0.01
nucleocytoplasmic transport	1	0.01
dorsal closure, leading edge cell differentiation	1	0.01
histidine biosynthetic process	1	0.01
myosin filament organization	1	0.01
male gonad development	1	0.01
maintenance of neuroblast polarity	1	0.01
amnioserosa formation	1	0.01
positive regulation of stem cell proliferation	1	0.01
promoter clearance from RNA polymerase II promoter	1	0.01
vitelline membrane formation involved in chorion-containing eggshell formation	1	0.01
phototransduction	1	0.01
protein localization to nucleus	1	0.01
apoptotic mitochondrial changes	1	0.01
single strand break repair	1	0.01
positive regulation of carbohydrate metabolic process	1	0.01
outflow tract morphogenesis	1	0.01
positive regulation of ATP biosynthetic process	1	0.01
activation of JUN kinase activity	1	0.01
stem cell differentiation	1	0.01
histone H4-K20 trimethylation	1	0.01
synaptic vesicle exocytosis	1	0.01
regulation of autophagy of mitochondrion	1	0.01
Wnt signaling pathway, planar cell polarity pathway	1	0.01
suture of dorsal opening	1	0.01
metaphase plate congression	1	0.01
cellular response to light stimulus	1	0.01
positive regulation of autophagosome assembly	1	0.01
regulation of histone H3-K27 methylation	1	0.01
positive regulation of stress-activated MAPK cascade	1	0.01
insulin catabolic process	1	0.01
sarcosine biosynthetic process	1	0.01
positive regulation of glutamate secretion, neurotransmission	1	0.01
regulation of vacuole fusion, non-autophagic	1	0.01
anterograde axonal transport of mitochondrion	1	0.01
negative regulation of hypoxia-induced intrinsic apoptotic signaling pathway	1	0.01
regulation of basement membrane organization	1	0.01
morphogenesis of follicular epithelium	1	0.01
response to silver ion	1	0.01
allantoin biosynthetic process	1	0.01
mitochondrial large ribosomal subunit assembly	1	0.01
response to methyl methanesulfonate	1	0.01
thermotaxis	1	0.01
spliceosomal complex disassembly	1	0.01
response to nicotine	1	0.01
regulation of mRNA processing	1	0.01
protein localization to kinetochore	1	0.01
L-glutamine biosynthetic process	1	0.01
positive regulation of transcription by RNA polymerase I	1	0.01
S-adenosylhomocysteine metabolic process	1	0.01
negative regulation of mitochondrial fusion	1	0.01
regulation of DNA replication	1	0.01
positive regulation of epidermal growth factor receptor signaling pathway	1	0.01
positive regulation of mitotic metaphase/anaphase transition	1	0.01
positive regulation of cation channel activity	1	0.01
positive regulation of apical constriction involved in ventral furrow formation	1	0.01
syncytial embryo cellularization	1	0.01
farnesyl diphosphate biosynthetic process, mevalonate pathway	1	0.01
peptide catabolic process	1	0.01
positive regulation of apoptotic cell clearance	1	0.01
cell proliferation involved in compound eye morphogenesis	1	0.01
arginine biosynthetic process	1	0.01
positive regulation of axon extension involved in axon guidance	1	0.01
anterograde dendritic transport	1	0.01
imaginal disc-derived leg segmentation	1	0.01
regulation of histone H3-K4 methylation	1	0.01
flight behavior	1	0.01
myoblast development	1	0.01
positive regulation of transcription initiation from RNA polymerase II promoter	1	0.01
establishment of thoracic bristle planar orientation	1	0.01
histone mRNA catabolic process	1	0.01
R8 cell development	1	0.01
regulation of transcription from RNA polymerase II promoter in response to DNA damage	1	0.01
chorion micropyle formation	1	0.01
regulation of metaphase plate congression	1	0.01
negative regulation of transcription elongation from RNA polymerase II promoter	1	0.01
positive regulation of cell proliferation involved in compound eye morphogenesis	1	0.01
positive regulation of mitotic nuclear division	1	0.01
protein localization to organelle	1	0.01
programmed cell death	1	0.01
endonucleolytic cleavage in 5'-ETS of tricistronic rRNA transcript (SSU-rRNA, 5.8S rRNA, LSU-rRNA)	1	0.01
regulation of lamellocyte differentiation	1	0.01
protein exit from endoplasmic reticulum	1	0.01
epithelial cell morphogenesis	1	0.01
extracellular matrix organization	1	0.01
regulation of DNA binding	1	0.01
regulation of organ growth	1	0.01
positive regulation of translational termination	1	0.01
glial cell fate determination	1	0.01
fatty-acyl-CoA biosynthetic process	1	0.01
heterochromatin assembly	1	0.01
sperm aster formation	1	0.01
regulation of glycogen metabolic process	1	0.01
regulation of cyclin-dependent protein serine/threonine kinase activity	1	0.01
exocytosis	1	0.01
actin filament reorganization	1	0.01
