Accession	GO_C_term
Q9WUM5	mitochondrial inner membrane
Q9WUM5	mitochondrion
Q9WUM5	protein-containing complex
Q9WUM5	succinate-CoA ligase complex (ADP-forming)
Q9WUM5	succinate-CoA ligase complex (GDP-forming)
P68369	cytoplasm
P68369	cytoplasmic microtubule
P68369	cytoplasmic ribonucleoprotein granule
P68369	membrane raft
P68369	microtubule
P68369	microtubule cytoskeleton
P68369	myelin sheath
P68369	neuromuscular junction
P68369	recycling endosome
P53564	cytoplasm
P53564	neuron projection
P53564	nucleus
Q8BV16	None
P45481	chromatin
P45481	condensed chromosome outer kinetochore
P45481	cytoplasm
P45481	histone acetyltransferase complex
P45481	nuclear body
P45481	nucleoplasm
P45481	nucleus
P45481	PML body
P45481	protein-containing complex
P45481	RNA polymerase II transcription regulator complex
P45481	transcription regulator complex
Q8BQR4	actin cytoskeleton
Q8BQR4	cytosol
Q8BQR4	histone acetyltransferase complex
Q8BQR4	NSL complex
Q8BQR4	nucleoplasm
Q8BQR4	plasma membrane
Q9R190	histone deacetylase complex
Q9R190	nucleoplasm
Q9R190	nucleus
Q9R190	NuRD complex
Q9R190	transcription regulator complex
P61979	axon terminus
P61979	catalytic step 2 spliceosome
P61979	cell cortex
P61979	chromatin
P61979	cytoplasm
P61979	cytoplasmic stress granule
P61979	cytosol
P61979	dendritic spine
P61979	glutamatergic synapse
P61979	mitochondrion
P61979	nucleoplasm
P61979	nucleus
P61979	podosome
P61979	postsynapse
P61979	postsynaptic density
P61979	protein-DNA complex
P10126	cortical actin cytoskeleton
P10126	cytoplasm
P10126	cytosol
P10126	myelin sheath
P10126	nucleolus
P10126	nucleus
P10126	plasma membrane
P10126	ruffle membrane
P99029	cytoplasm
P99029	cytoplasmic vesicle
P99029	cytosol
P99029	intracellular membrane-bounded organelle
P99029	mitochondrion
P99029	nucleus
P99029	perinuclear region of cytoplasm
P99029	peroxisomal matrix
P99029	peroxisome
O70250	cytosol
O70250	nucleus
P55014	apical plasma membrane
P55014	cell surface
P55014	extracellular exosome
P55014	integral component of membrane
P55014	plasma membrane
Q9Z172	cytoplasm
Q9Z172	nuclear body
Q9Z172	nucleoplasm
Q9Z172	nucleus
Q9Z172	PML body
Q569Z6	mediator complex
Q569Z6	nuclear speck
Q569Z6	nucleoplasm
Q569Z6	nucleus
P00015	mitochondrial intermembrane space
P00015	mitochondrion
P00015	respirasome
P97371	cytoplasm
P97371	nucleoplasm
P97371	proteasome activator complex
Q8BII1	nucleus
P56376	None
P84228	chromatin
P84228	nuclear chromosome
P84228	nucleoplasm
P84228	nucleosome
P84228	nucleus
P84228	protein-containing complex
P60122	cytosol
P60122	Ino80 complex
P60122	MLL1 complex
P60122	NuA4 histone acetyltransferase complex
P60122	nuclear matrix
P60122	nucleoplasm
P60122	nucleus
P60122	protein-containing complex
P60122	R2TP complex
P60122	ribonucleoprotein complex
P60122	Swr1 complex
P0C0S6	euchromatin
P0C0S6	heterochromatin
P0C0S6	nucleosome
P0C0S6	nucleus
Q9JLV5	centrosome
Q9JLV5	Cul3-RING ubiquitin ligase complex
Q9JLV5	cullin-RING ubiquitin ligase complex
Q9JLV5	cytoplasm
Q9JLV5	Golgi apparatus
Q9JLV5	mitotic spindle
Q9JLV5	nucleus
Q9JLV5	plasma membrane
Q9JLV5	polar microtubule
Q9JLV5	sperm flagellum
Q9JLV5	spindle pole
Q61539	condensed chromosome
Q61539	cytoplasm
Q61539	cytosol
Q61539	nucleoplasm
Q61539	nucleus
Q6AXH7	nucleus
P70288	chromatin
P70288	cytoplasm
P70288	ESC/E(Z) complex
P70288	heterochromatin
P70288	histone deacetylase complex
P70288	nucleoplasm
P70288	nucleus
P70288	NuRD complex
P70288	protein-containing complex
P70288	replication fork
P70288	RNA polymerase II transcription repressor complex
P70288	Sin3 complex
P70288	transcription regulator complex
P70288	transcription repressor complex
P33242	cytosol
P33242	nucleoplasm
P33242	nucleus
P33242	RNA polymerase II transcription regulator complex
Q6PDQ2	centrosome
Q6PDQ2	cytoplasm
Q6PDQ2	nucleoplasm
Q6PDQ2	nucleus
Q6PDQ2	NuRD complex
Q6PDQ2	protein-containing complex
Q6PDQ2	protein-DNA complex
Q6PDQ2	RNA polymerase II transcription regulator complex
Q9Z2U0	cytoplasm
Q9Z2U0	cytosol
Q9Z2U0	nucleoplasm
Q9Z2U0	nucleus
Q9Z2U0	postsynapse
Q9Z2U0	proteasome complex
Q9Z2U0	proteasome core complex
Q9Z2U0	proteasome core complex, alpha-subunit complex
P48962	integral component of mitochondrial membrane
P48962	membrane
P48962	membrane raft
P48962	mitochondrial inner membrane
P48962	mitochondrial outer membrane
P48962	mitochondrial permeability transition pore complex
P48962	mitochondrion
P48962	myelin sheath
P97471	activin responsive factor complex
P97471	centrosome
P97471	chromatin
P97471	cytoplasm
P97471	cytosol
P97471	heteromeric SMAD protein complex
P97471	nucleoplasm
P97471	nucleus
P97471	protein-containing complex
P97471	RNA polymerase II transcription regulator complex
P97471	SMAD protein complex
P97471	transcription regulator complex
Q91V89	cytosol
Q91V89	nucleus
Q91V89	protein phosphatase type 2A complex
Q9WTM5	centrosome
Q9WTM5	cytoplasm
Q9WTM5	cytosol
Q9WTM5	euchromatin
Q9WTM5	Ino80 complex
Q9WTM5	MLL1 complex
Q9WTM5	NuA4 histone acetyltransferase complex
Q9WTM5	nucleoplasm
Q9WTM5	nucleus
Q9WTM5	R2TP complex
Q9WTM5	ribonucleoprotein complex
Q9WTM5	Swr1 complex
Q02650	cytosol
Q02650	fibrillar center
Q02650	intracellular membrane-bounded organelle
Q02650	nucleoplasm
Q02650	nucleus
Q02650	transcription regulator complex
Q8VCH0	mitochondrion
Q8VCH0	peroxisome
P62281	cytosol
P62281	cytosolic small ribosomal subunit
Q80XN4	nucleus
Q924W5	chromosome, centromeric region
Q924W5	chromosome, telomeric region
Q924W5	interchromatin granule
Q924W5	mitotic spindle pole
Q924W5	nuclear speck
Q924W5	nucleoplasm
Q924W5	nucleus
Q924W5	PML body
Q924W5	sex chromosome
Q924W5	site of double-strand break
Q924W5	Smc5-Smc6 complex
Q9QYG0	cytoplasm
Q9QYG0	glutamatergic synapse
Q9QYG0	Golgi apparatus
Q9QYG0	growth cone
Q9QYG0	nucleus
Q9QYG0	perinuclear region of cytoplasm
Q6NV66	nucleus
O09100	cytoplasm
O09100	nucleoplasm
O09100	nucleus
O09100	transcription regulator complex
P14733	cytoplasm
P14733	lamin filament
P14733	nuclear envelope
P14733	nuclear inner membrane
P14733	nuclear lamina
P14733	nuclear matrix
P14733	nuclear membrane
P14733	nucleoplasm
P14733	nucleus
Q9Z0Z7	Golgi apparatus
Q9Z0Z7	intracellular membrane-bounded organelle
Q9Z0Z7	nucleoplasm
Q9Z0Z7	nucleus
Q9Z0Z7	transcription regulator complex
Q8BSQ9	kinetochore
Q8BSQ9	nucleoplasm
Q8BSQ9	nucleus
Q8BSQ9	RSC-type complex
Q3UID0	nBAF complex
Q3UID0	npBAF complex
Q3UID0	SWI/SNF complex
Q99KZ6	nucleoplasm
Q99KZ6	nucleus
P06537	cytoplasm
P06537	cytosol
P06537	dendritic spine
P06537	glutamatergic synapse
P06537	membrane
P06537	microtubule organizing center
P06537	mitochondrion
P06537	neuron projection
P06537	nuclear speck
P06537	nucleoplasm
P06537	nucleus
P06537	postsynaptic density
P06537	postsynaptic density, intracellular component
P06537	protein-containing complex
P06537	spindle
Q80VM4	nucleus
E9Q3G8	annulate lamellae
E9Q3G8	cytosol
E9Q3G8	membrane
E9Q3G8	nuclear inclusion body
E9Q3G8	nuclear membrane
E9Q3G8	nuclear periphery
E9Q3G8	nuclear pore
E9Q3G8	nuclear pore nuclear basket
E9Q3G8	nucleolus
E9Q3G8	nucleoplasm
E9Q3G8	nucleoplasmic side of nuclear pore
E9Q3G8	protein-containing complex
P60335	cytoplasm
P60335	cytoplasmic ribonucleoprotein granule
P60335	cytosol
P60335	nuclear speck
P60335	nucleoplasm
P60335	nucleus
P62806	nuclear chromosome
P62806	nucleoplasm
P62806	nucleosome
P62806	nucleus
P62806	protein-containing complex
Q9QXD6	cytoplasm
Q9QXD6	cytosol
Q9QXD6	nucleus
Q91WG4	cytosol
Q91WG4	elongator holoenzyme complex
Q91WG4	nucleoplasm
Q91WG4	proteasome complex
Q91WG4	transcription elongation factor complex
P62192	cytosol
P62192	membrane
P62192	nucleoplasm
P62192	nucleus
P62192	proteasome accessory complex
P62192	proteasome complex
P62192	proteasome regulatory particle
P62192	proteasome regulatory particle, base subcomplex
P70697	cytosol
P70697	nucleoplasm
Q9R1Y5	chromatin
Q9R1Y5	nucleus
P25444	cytosol
P25444	cytosolic small ribosomal subunit
P25444	nucleoplasm
P25444	ribonucleoprotein complex
P25444	synapse
P45448	cytoplasm
P45448	cytosol
P45448	nucleus
P45448	RNA polymerase II transcription regulator complex
Q923D5	cytoplasm
Q923D5	cytosol
Q923D5	intracellular membrane-bounded organelle
Q923D5	nuclear speck
Q923D5	nucleoplasm
Q923D5	nucleus
Q923D5	spliceosomal complex
Q5SX39	myofibril
Q5SX39	myosin complex
Q5SX39	myosin filament
Q9CPS7	nucleolus
Q9CPS7	nucleoplasm
Q9D1M0	COPII vesicle coat
Q9D1M0	cytosol
Q9D1M0	endoplasmic reticulum
Q9D1M0	endoplasmic reticulum membrane
Q9D1M0	GATOR2 complex
Q9D1M0	intracellular membrane-bounded organelle
Q9D1M0	kinetochore
Q9D1M0	lysosomal membrane
Q9D1M0	nuclear envelope
Q9D1M0	nuclear pore
Q9D1M0	nuclear pore outer ring
Q9D1M0	nucleoplasm
Q9D1M0	protein-containing complex
P15066	nucleoplasm
P15066	nucleus
P15066	protein-containing complex
P15066	protein-DNA complex
P15066	transcription factor AP-1 complex
P15066	transcription regulator complex
Q8CHI8	NuA4 histone acetyltransferase complex
Q8CHI8	nuclear speck
Q8CHI8	nucleus
Q8CHI8	Swr1 complex
A0A1D5RLL4	Golgi apparatus
A0A1D5RLL4	histone acetyltransferase complex
P80315	cell body
P80315	centrosome
P80315	chaperonin-containing T-complex
P80315	cilium
P80315	cytosol
P80315	melanosome
P80315	microtubule
P80315	nucleoplasm
P80315	zona pellucida receptor complex
Q9D8E6	A band
Q9D8E6	cytosol
Q9D8E6	cytosolic large ribosomal subunit
Q9D8E6	large ribosomal subunit
Q9D8E6	nucleus
Q9D8E6	postsynaptic density
Q9D8E6	ribonucleoprotein complex
Q9D8E6	rough endoplasmic reticulum
Q8C827	nucleus
P41216	endoplasmic reticulum
P41216	endoplasmic reticulum membrane
P41216	integral component of membrane
P41216	membrane
P41216	mitochondrial outer membrane
P41216	mitochondrion
P41216	peroxisomal membrane
P41216	plasma membrane
P80318	cell body
P80318	chaperonin-containing T-complex
P80318	microtubule
P80318	myelin sheath
P80318	zona pellucida receptor complex
P06745	ciliary membrane
P06745	cytoplasm
P06745	cytosol
P06745	extracellular space
P06745	myelin sheath
P06745	neuron projection
P06745	nucleoplasm
P06745	plasma membrane
G3UZA7	nucleus
G3XA30	chromosome, telomeric region
G3XA30	nuclear body
G3XA30	nucleoplasm
G3XA30	nucleus
G3XA30	Smc5-Smc6 complex
P17156	CatSper complex
P17156	cell surface
P17156	cytoplasm
P17156	cytosol
P17156	male germ cell nucleus
P17156	meiotic spindle
P17156	mitochondrion
P17156	myelin sheath
P17156	nucleoplasm
P17156	nucleus
P17156	plasma membrane
P17156	synaptonemal complex
Q04750	cytoplasm
Q04750	dense fibrillar component
Q04750	fibrillar center
Q04750	nuclear chromosome
Q04750	nucleolus
Q04750	nucleoplasm
Q04750	nucleus
Q04750	P-body
Q04750	perikaryon
Q04750	protein-DNA complex
Q08943	FACT complex
Q08943	nucleolus
Q91VS7	apical part of cell
Q91VS7	endoplasmic reticulum
Q91VS7	endoplasmic reticulum membrane
Q91VS7	integral component of membrane
Q91VS7	mitochondrial inner membrane
Q91VS7	mitochondrial outer membrane
Q91VS7	mitochondrion
Q91VS7	nucleus
Q91VS7	peroxisomal membrane
Q8C854	cytoplasm
Q8C854	nucleus
Q8C854	post-mRNA release spliceosomal complex
Q8C854	ribonucleoprotein complex
Q9R0G7	chromatin
Q9R0G7	cytosol
Q9R0G7	nucleolus
Q9R0G7	nucleoplasm
Q9R0G7	nucleus
Q64442	extracellular exosome
Q64442	membrane
Q64442	mitochondrial membrane
Q64442	mitochondrion
Q64442	motile cilium
P16015	cytosol
Q64522	nucleosome
Q64522	nucleus
G5E8H3	None
Q5DW34	chromosome
Q5DW34	nuclear body
Q5DW34	nucleoplasm
Q5DW34	nucleus
Q9Z1N5	cytoplasm
Q9Z1N5	nuclear matrix
Q9Z1N5	nuclear speck
Q9Z1N5	nucleus
Q9Z1N5	protein-containing complex
Q9Z1N5	spliceosomal complex
Q9Z1N5	transcription export complex
Q9Z1N5	U4 snRNP
Q9Z1N5	U6 snRNP
Q8BTS0	cytoplasm
Q8BTS0	spliceosomal complex
Q9WTI7	actin cytoskeleton
Q9WTI7	basal plasma membrane
Q9WTI7	brush border
Q9WTI7	cytoplasm
Q9WTI7	cytoplasmic vesicle
Q9WTI7	cytoplasmic vesicle membrane
Q9WTI7	cytosol
Q9WTI7	filamentous actin
Q9WTI7	lateral plasma membrane
Q9WTI7	membrane
Q9WTI7	membrane raft
Q9WTI7	microvillus
Q9WTI7	myosin complex
Q9WTI7	nuclear body
Q9WTI7	nuclear pore
Q9WTI7	nucleolus
Q9WTI7	nucleus
Q9WTI7	phagocytic vesicle
Q9WTI7	plasma membrane
Q9WTI7	ruffle membrane
Q9WTI7	stereocilium
Q9WTI7	stereocilium bundle
Q9WTI7	stereocilium membrane
Q9WTI7	vesicle
Q9CW03	basement membrane
Q9CW03	chromatin
Q9CW03	chromosome, centromeric region
Q9CW03	cohesin complex
Q9CW03	lateral element
Q9CW03	meiotic cohesin complex
Q9CW03	mitotic spindle pole
Q9CW03	nuclear matrix
Q9CW03	nuclear meiotic cohesin complex
Q9CW03	nucleoplasm
Q9CW03	nucleus
Q8CIE6	axon
Q8CIE6	cell body
Q8CIE6	COPI vesicle coat
Q8CIE6	COPI-coated vesicle
Q8CIE6	cytoplasm
Q8CIE6	extracellular space
Q8CIE6	Golgi apparatus
Q8CIE6	Golgi membrane
Q8CIE6	growth cone
Q9D411	acrosomal vesicle
Q9D411	cytoplasm
Q9D411	motile cilium
Q9D411	nucleus
Q9D411	sperm flagellum
Q8CIE2	mitochondrion
Q8CIE2	nuclear replication fork
Q8CIE2	nucleoplasm
Q8CIE2	nucleus
Q3UEB3	cell junction
Q3UEB3	nucleoplasm
Q8BGJ5	nucleus
Q8K4Z3	cell body
Q8K4Z3	cilium
Q8K4Z3	extracellular region
Q8K4Z3	extracellular space
Q8K4Z3	membrane
Q8K4Z3	mitochondrion
Q5NCR9	nuclear speck
Q5NCR9	nucleoplasm
Q5NCR9	nucleus
Q5NCR9	ribonucleoprotein complex
Q6ZWV7	cytosol
Q6ZWV7	cytosolic large ribosomal subunit
P62843	cytosol
P62843	cytosolic small ribosomal subunit
P62843	nucleoplasm
P62843	synapse
Q3UH06	fibrillar center
Q3UH06	nuclear speck
Q3UH06	nucleus
Q9DBF1	cytosol
Q9DBF1	mitochondrion
Q9DBF1	nucleus
Q8VCE0	calyx of Held
Q8VCE0	dendritic spine head
Q8VCE0	dendritic spine neck
Q8VCE0	integral component of presynaptic membrane
Q8VCE0	myelin sheath
Q8VCE0	sodium:potassium-exchanging ATPase complex
P70351	chromosome, telomeric region
P70351	ESC/E(Z) complex
P70351	nucleoplasm
P70351	nucleus
P16125	cytosol
P16125	membrane raft
P16125	mitochondrion
P16125	myelin sheath
Q5XJF6	cytosolic large ribosomal subunit
Q5XJF6	polysomal ribosome
Q9CR57	cytosol
Q9CR57	cytosolic large ribosomal subunit
Q9CR57	postsynaptic density
H7BXB1	None
Q8BR65	cytosol
Q8BR65	nuclear body
Q8BR65	nucleus
Q8BR65	Sin3 complex
Q8BR65	Sin3-type complex
P24549	cytoplasm
P24549	cytosol
P24549	nucleus
Q60665	acrosomal vesicle
Q60665	cytoplasm
Q60665	nucleus
Q60665	PML body
Q60665	protein-containing complex
Q60665	transcription regulator complex
Q99JF8	heterochromatin
Q99JF8	nuclear periphery
Q99JF8	nucleoplasm
Q99JF8	nucleus
Q99JF8	transcriptionally active chromatin
O88491	chromatin
O88491	histone methyltransferase complex
O88491	nucleus
Q8BU04	cytoplasm
P31257	nuclear body
P31257	nucleoplasm
P31257	nucleus
Q9Z2D8	chromatin
Q9Z2D8	cytoplasm
Q9Z2D8	heterochromatin
Q9Z2D8	nucleoplasm
Q9Z2D8	nucleus
Q9Z2D8	NuRD complex
Q9Z2D8	protein-containing complex
Q61136	catalytic step 2 spliceosome
Q61136	chromosome
Q61136	nuclear speck
Q61136	nucleus
Q505F1	nucleoplasm
Q505F1	nucleus
Q505F1	PML body
Q3TUQ5	catalytic step 2 spliceosome
Q3TUQ5	desmosome
Q3TUQ5	exon-exon junction complex
Q3TUQ5	nuclear speck
Q9QUM9	cytoplasm
Q9QUM9	cytosol
Q9QUM9	myofibril
Q9QUM9	nuclear matrix
Q9QUM9	nucleoplasm
Q9QUM9	nucleus
Q9QUM9	P-body
Q9QUM9	polysome
Q9QUM9	proteasome complex
Q9QUM9	proteasome core complex
Q9QUM9	proteasome core complex, alpha-subunit complex
Q9QUM9	sarcomere
Q8CGC7	aminoacyl-tRNA synthetase multienzyme complex
Q8CGC7	cytoplasm
Q8CGC7	cytosol
Q8CGC7	GAIT complex
Q8CGC7	plasma membrane
Q8CGC7	ribonucleoprotein complex
Q80TS5	nucleoplasm
Q80TS5	nucleus
I7HFT9	nucleosome
I7HFT9	nucleus
Q61624	Golgi apparatus
Q61624	nucleoplasm
Q61624	nucleus
Q3UMP4	cytoplasm
Q3UMP4	nucleus
P28705	cytoplasm
P28705	nucleus
P28705	RNA polymerase II transcription regulator complex
P28704	cytoplasm
P28704	nucleoplasm
P28704	nucleus
P28704	RNA polymerase II transcription regulator complex
O70546	histone methyltransferase complex
O70546	MLL3/4 complex
O70546	nucleoplasm
O70546	nucleus
P27661	centrosome
P27661	chromatin
P27661	chromosome
P27661	chromosome, telomeric region
P27661	condensed nuclear chromosome
P27661	male germ cell nucleus
P27661	nuclear speck
P27661	nucleoplasm
P27661	nucleosome
P27661	nucleus
P27661	replication fork
P27661	site of DNA damage
P27661	site of double-strand break
P27661	XY body
Q8BJ37	intracellular membrane-bounded organelle
Q8BJ37	nucleoplasm
Q8BJ37	nucleus
Q8BJ37	plasma membrane
Q6P5E3	chromocenter
Q6P5E3	cytoplasm
Q6P5E3	heterochromatin
Q6P5E3	nucleus
Q91ZW3	chromatin silencing complex
Q91ZW3	condensed chromosome
Q91ZW3	cytosol
Q91ZW3	fibrillar center
Q91ZW3	intracellular membrane-bounded organelle
Q91ZW3	ISWI-type complex
Q91ZW3	nuclear replication fork
Q91ZW3	nucleoplasm
Q91ZW3	nucleus
Q91ZW3	NURF complex
Q91ZW3	RSF complex
O08580	cytoplasm
O08580	nucleus
Q5SQA2	nucleus
P59178	nucleus
Q7TQD7	actin filament
Q7TQD7	apical part of cell
Q7TQD7	brush border
Q7TQD7	early endosome
Q7TQD7	endosome membrane
Q7TQD7	filopodium
Q7TQD7	myosin complex
Q7TQD7	perinuclear region of cytoplasm
Q7TQD7	plasma membrane
Q7TQD7	trans-Golgi network membrane
P61222	cytoplasm
P61222	cytosol
P61222	mitochondrion
Q01320	centriole
Q01320	chromosome, centromeric region
Q01320	condensed chromosome
Q01320	cytoplasm
Q01320	DNA topoisomerase type II (double strand cut, ATP-hydrolyzing) complex
Q01320	nuclear chromosome
Q01320	nucleolus
Q01320	nucleoplasm
Q01320	nucleus
Q01320	protein-containing complex
Q01320	ribonucleoprotein complex
E9Q6J5	centrosome
E9Q6J5	condensed chromosome outer kinetochore
E9Q6J5	nucleoplasm
E9Q6J5	spindle microtubule
E9Q6J5	spindle pole
Q922P9	cytosol
Q922P9	nucleoplasm
Q922P9	nucleosome
Q91VW9	cytoplasm
Q91VW9	nucleoplasm
Q91VW9	nucleus
Q99NA9	nucleus
Q99NA9	PcG protein complex
Q99NA9	PRC1 complex
Q9D2U9	cytosol
Q9D2U9	nucleoplasm
Q9D2U9	nucleosome
Q9D2U9	nucleus
P54869	mitochondrial inner membrane
P54869	mitochondrial matrix
P54869	mitochondrion
P70670	cytoplasm
P70670	nascent polypeptide-associated complex
P70670	nucleus
Q3UXF4	nucleus
Q99LC5	mitochondrial electron transfer flavoprotein complex
Q99LC5	mitochondrion
P97360	cytosol
P97360	nucleolus
P97360	nucleus
E9Q7G0	cell cortex
E9Q7G0	cell cortex region
E9Q7G0	centrosome
E9Q7G0	chromosome
E9Q7G0	cortical microtubule
E9Q7G0	cytoplasmic microtubule bundle
E9Q7G0	cytosol
E9Q7G0	dendrite
E9Q7G0	extrinsic component of plasma membrane
E9Q7G0	Golgi membrane
E9Q7G0	lateral cell cortex
E9Q7G0	lateral plasma membrane
E9Q7G0	microtubule bundle
E9Q7G0	microtubule minus-end
E9Q7G0	microtubule plus-end
E9Q7G0	mitotic spindle
E9Q7G0	mitotic spindle astral microtubule
E9Q7G0	mitotic spindle midzone
E9Q7G0	mitotic spindle pole
E9Q7G0	neuronal cell body
E9Q7G0	nuclear matrix
E9Q7G0	nucleoplasm
E9Q7G0	nucleus
E9Q7G0	protein-containing complex
E9Q7G0	spindle microtubule
E9Q7G0	spindle pole
E9Q7G0	spindle pole centrosome
Q9WUK6	heterochromatin
Q9WUK6	nuclear speck
Q9WUK6	nucleoplasm
Q9WUK6	nucleus
Q9EQM6	cytoplasm
Q9EQM6	cytosol
Q9EQM6	microprocessor complex
Q9EQM6	nuclear body
Q9EQM6	nucleolus
Q9EQM6	nucleoplasm
Q9EQM6	nucleus
Q9EQM6	postsynaptic density
B1AR51	9+2 motile cilium
B1AR51	axoneme
B1AR51	distal portion of axoneme
B1AR51	dynein complex
B1AR51	microtubule
B1AR51	motile cilium
B1AR51	outer dynein arm
P63038	cell surface
P63038	clathrin-coated pit
P63038	coated vesicle
P63038	cytoplasm
P63038	cytosol
P63038	early endosome
P63038	extracellular exosome
P63038	extracellular space
P63038	Golgi apparatus
P63038	Golgi cisterna
P63038	intracellular membrane-bounded organelle
P63038	lipopolysaccharide receptor complex
P63038	membrane
P63038	membrane raft
P63038	mitochondrial crista
P63038	mitochondrial inner membrane
P63038	mitochondrial matrix
P63038	mitochondrion
P63038	myelin sheath
P63038	peroxisomal matrix
P63038	plasma membrane
P63038	protein-containing complex
P63038	rough endoplasmic reticulum
P63038	secretory granule
P63038	zymogen granule
P17742	cytoplasm
P17742	cytosol
P17742	extracellular region
P17742	extracellular space
P17742	intracellular membrane-bounded organelle
P17742	myelin sheath
P17742	nucleus
P17742	protein-containing complex
Q7M739	nucleus
O88665	cytosol
O88665	nucleoplasm
O88665	nucleus
P97807	cytoplasm
P97807	cytosol
P97807	mitochondrion
P97807	nucleus
P97807	site of double-strand break
P97807	tricarboxylic acid cycle enzyme complex
Q3U1M7	cytoplasm
Q3U1M7	dendritic shaft
Q3U1M7	dendritic spine
Q3U1M7	Golgi apparatus
Q3U1M7	nucleoplasm
Q3U1M7	nucleus
Q9R1C7	nuclear matrix
Q9R1C7	nuclear speck
Q9R1C7	nucleus
Q9R1C7	U1 snRNP
Q9R1C7	U2-type prespliceosome
Q3TLH4	cytoplasmic stress granule
Q3TLH4	cytosol
Q6P6L5	cytoskeleton
Q5NCH7	nucleus
Q08376	aggresome
Q08376	cytosol
Q08376	nucleolus
Q08376	nucleoplasm
Q08376	nucleus
Q8C7V3	cytoplasm
Q8C7V3	endoplasmic reticulum
Q8C7V3	fibrillar center
Q8C7V3	nucleolus
P63101	cell leading edge
P63101	cytosol
P63101	glutamatergic synapse
P63101	hippocampal mossy fiber to CA3 synapse
P63101	melanosome
P63101	mitochondrion
P63101	nucleus
P63101	perinuclear region of cytoplasm
P63101	postsynaptic density
P63101	protein-containing complex
P21619	lamin filament
P21619	nuclear envelope
P21619	nuclear inner membrane
P21619	nuclear membrane
P21619	nucleus
P12970	cytosol
P12970	cytosolic large ribosomal subunit
P12970	membrane
P12970	nucleolus
P12970	polysomal ribosome
P12970	ribosome
P12970	synapse
Q9R0I7	cytosol
Q9R0I7	nuclear speck
Q9R0I7	nucleoplasm
Q9R0I7	nucleus
Q80YR5	cytoplasm
Q80YR5	intracellular membrane-bounded organelle
Q80YR5	nuclear body
Q80YR5	nucleoplasm
Q80YR5	nucleus
P09542	A band
P09542	I band
P09542	myosin complex
Q3UQ17	cytosol
Q3UQ17	nuclear body
Q3UQ17	nuclear speck
Q3UQ17	nucleus
Q3UQ17	plasma membrane
Q3UQ17	PML body
Q3UQ17	protein-containing complex
Q3UQ17	transcription repressor complex
Q62203	catalytic step 2 spliceosome
Q62203	nucleus
Q62203	U2 snRNP
Q62203	U2-type precatalytic spliceosome
Q62203	U2-type prespliceosome
P08228	axon cytoplasm
P08228	cytoplasm
P08228	cytoplasmic vesicle
P08228	cytosol
P08228	dendrite cytoplasm
P08228	dense core granule
P08228	extracellular region
P08228	extracellular space
P08228	lysosome
P08228	mitochondrial intermembrane space
P08228	mitochondrion
P08228	myelin sheath
P08228	neuron projection
P08228	neuronal cell body
P08228	nucleoplasm
P08228	nucleus
P08228	peroxisome
P08228	plasma membrane
P08228	protein-containing complex
P08228	secretory granule
P70402	myosin filament
Q8BG30	cytosol
Q8BG30	NELF complex
Q8BG30	nuclear body
Q8BG30	nucleoplasm
Q8BG30	nucleus
Q8BG32	proteasome accessory complex
Q8BG32	proteasome complex
Q8BG32	proteasome regulatory particle
Q8BG32	proteasome regulatory particle, lid subcomplex
Q6PDM2	catalytic step 2 spliceosome
Q6PDM2	cytoplasm
Q6PDM2	nuclear speck
Q6PDM2	nucleoplasm
Q6PDM2	nucleus
P68134	actin cytoskeleton
P68134	actin filament
P68134	cell body
P68134	cytoplasm
P68134	dynactin complex
P68134	filopodium
P68134	lamellipodium
P68134	protein-containing complex
P68134	sarcomere
P68134	stress fiber
P68134	striated muscle thin filament
Q91WD1	cytosol
Q91WD1	nucleoplasm
Q91WD1	nucleus
Q91WD1	RNA polymerase III complex
E9Q6T9	None
B2RY56	cytoplasm
B2RY56	nuclear speck
P05977	contractile fiber
P05977	myofibril
P05977	myosin complex
A6ZI47	cytosol
E9Q532	nucleus
P16460	cell body fiber
P16460	cytoplasm
P16460	cytosol
P16460	endoplasmic reticulum
P16460	lysosome
P16460	mitochondrial outer membrane
P16460	mitochondrion
P16460	myelin sheath
P16460	neuron projection
P16460	neuronal cell body
P16460	nucleus
P16460	perikaryon
Q6P4T2	catalytic step 2 spliceosome
Q6P4T2	nucleoplasm
Q6P4T2	nucleus
Q6P4T2	spliceosomal complex
Q6P4T2	U2-type catalytic step 1 spliceosome
Q6P4T2	U2-type precatalytic spliceosome
Q6P4T2	U4/U6 x U5 tri-snRNP complex
Q6P4T2	U5 snRNP
Q99LQ1	Ada2/Gcn5/Ada3 transcription activator complex
Q99LQ1	cytosol
Q99LQ1	nucleolus
Q99LQ1	nucleoplasm
Q99LQ1	nucleus
F7C528	centriolar satellite
F7C528	centrosome
F7C528	cytoplasm
F7C528	nucleolus
F7C528	nucleoplasm
F7C528	nucleus
F7C528	NuRD complex
F7C528	PML body
E9PZA7	histone acetyltransferase complex
Q5XJY5	COPI vesicle coat
Q5XJY5	COPI-coated vesicle
Q5XJY5	cytosol
Q5XJY5	endoplasmic reticulum
Q5XJY5	Golgi apparatus
Q5XJY5	Golgi membrane
P52480	cilium
P52480	collagen-containing extracellular matrix
P52480	cytoplasm
P52480	cytosol
P52480	mitochondrion
P52480	myelin sheath
P52480	nucleus
P52480	photoreceptor inner segment
P52480	pyruvate kinase complex
P52480	rough endoplasmic reticulum
P00329	cytosol
P00329	mitochondrion
P00329	nucleoplasm
P00329	plasma membrane
Q61176	cytoplasm
Q61176	cytosol
Q61176	extracellular space
Q61176	mitochondrial outer membrane
Q61176	neuron projection
Q61176	neuronal cell body
Q61171	cytosol
Q61171	mitochondrion
Q61171	myelin sheath
Q8R3P7	centrosome
Q8R3P7	ciliary base
Q8R3P7	ciliary tip
Q8R3P7	cilium
Q8R3P7	intracellular membrane-bounded organelle
Q8R3P7	intraciliary transport particle A
Q8R3P7	intraciliary transport particle B
Q8R3P7	nucleoplasm
Q9Z125	chromatin
Q9Z125	cytosol
Q9Z125	endoplasmic reticulum
Q9Z125	endoplasmic reticulum membrane
Q9Z125	Golgi membrane
Q9Z125	integral component of endoplasmic reticulum membrane
Q9Z125	membrane
Q9Z125	nucleoplasm
Q9Z125	nucleus
P16858	cytoplasm
P16858	cytosol
P16858	GAIT complex
P16858	glutamatergic synapse
P16858	intracellular membrane-bounded organelle
P16858	late endosome lumen
P16858	lipid droplet
P16858	microtubule cytoskeleton
P16858	mitochondrion
P16858	myelin sheath
P16858	nuclear membrane
P16858	nucleus
P16858	plasma membrane
P16858	postsynaptic density, intracellular component
P16858	ribonucleoprotein complex
Q05CL8	7SK snRNP
Q05CL8	cytosol
Q05CL8	nucleoplasm
Q05CL8	nucleus
Q05CL8	ribonucleoprotein complex
Q6P3Z7	troponin complex
P48318	axon
P48318	axon terminus
P48318	cell cortex
P48318	clathrin-sculpted gamma-aminobutyric acid transport vesicle membrane
P48318	cytoplasm
P48318	inhibitory synapse
P48318	mitochondrion
P48318	neuron projection terminus
P48318	presynaptic active zone
P48318	synapse
Q9EQQ9	cytosol
Q9EQQ9	mitochondrion
Q9EQQ9	nucleus
Q8CAQ8	MICOS complex
Q8CAQ8	mitochondrial inner membrane
Q8CAQ8	mitochondrial intermembrane space
Q8CAQ8	mitochondrion
Q8CAQ8	myelin sheath
Q9D0M5	9+0 non-motile cilium
Q9D0M5	centrosome
Q9D0M5	cytoplasm
Q9D0M5	cytoplasmic dynein complex
Q9D0M5	dynein complex
Q9D0M5	glutamatergic synapse
Q9D0M5	microtubule
Q9D0M5	myosin V complex
Q9D0M5	postsynapse
Q9D0M5	postsynaptic density
P62631	cytoplasm
P62631	eukaryotic translation elongation factor 1 complex
P62631	myelin sheath
P62631	neuronal cell body
P62631	nucleus
P62631	synapse
Q64127	cytoplasm
Q64127	euchromatin
Q64127	nucleoplasm
Q64127	nucleus
Q64127	perichromatin fibrils
P08046	chromatin
P08046	cytoplasm
P08046	nucleoplasm
P08046	nucleus
Q6GT24	None
Q8BVP2	mitochondrion
O70230	nucleus
O70230	PcG protein complex
O70230	transcription regulator complex
Q01853	ATPase complex
Q01853	cytoplasm
Q01853	cytoplasmic stress granule
Q01853	cytosol
Q01853	Derlin-1 retrotranslocation complex
Q01853	endoplasmic reticulum
Q01853	endoplasmic reticulum membrane
Q01853	glutamatergic synapse
Q01853	intracellular membrane-bounded organelle
Q01853	lipid droplet
Q01853	myelin sheath
Q01853	nucleoplasm
Q01853	nucleus
Q01853	perinuclear region of cytoplasm
Q01853	proteasome complex
Q01853	protein-containing complex
Q01853	site of double-strand break
Q01853	synapse
Q01853	VCP-NPL4-UFD1 AAA ATPase complex
Q01853	VCP-NSFL1C complex
P61957	nucleoplasm
P61957	nucleus
P61957	PML body
Q3U319	axon terminus
Q3U319	cytosol
Q3U319	extrinsic component of membrane
Q3U319	HULC complex
Q3U319	neuron projection
Q3U319	nucleoplasm
Q3U319	nucleus
Q3U319	protein-containing complex
Q3U319	ubiquitin ligase complex
O88990	brush border
O88990	sarcomere
O88990	striated muscle thin filament
O88990	Z disc
Q8K366	nuclear exosome (RNase complex)
Q60973	cytosol
Q60973	ESC/E(Z) complex
Q60973	nucleoplasm
Q60973	nucleus
Q60973	NuRD complex
Q60972	CAF-1 complex
Q60972	chromatin
Q60972	cytosol
Q60972	ESC/E(Z) complex
Q60972	nucleoplasm
Q60972	nucleus
Q60972	NuRD complex
Q60972	NURF complex
Q60972	protein-containing complex
P97351	cytosol
P97351	cytosolic small ribosomal subunit
P97351	nucleus
P97351	ribonucleoprotein complex
P97351	small ribosomal subunit
P97351	synapse
P09103	cytoskeleton
P09103	cytosol
P09103	endoplasmic reticulum
P09103	endoplasmic reticulum chaperone complex
P09103	endoplasmic reticulum lumen
P09103	endoplasmic reticulum-Golgi intermediate compartment
P09103	external side of plasma membrane
P09103	lamellipodium
P09103	melanosome
P09103	procollagen-proline 4-dioxygenase complex
P09103	protein-containing complex
P14824	apical plasma membrane
P14824	collagen-containing extracellular matrix
P14824	cytoplasm
P14824	cytosol
P14824	focal adhesion
P14824	intercalated disc
P14824	late endosome membrane
P14824	lysosomal membrane
P14824	melanosome
P14824	membrane
P14824	mitochondrion
P14824	nucleus
P14824	perinuclear region of cytoplasm
P14824	protein-containing complex
P14824	sarcolemma
Q9CX00	centrosome
Q9CX00	chromatin
Q9CX00	cytoplasmic vesicle
Q9CX00	cytosol
Q9CX00	endoplasmic reticulum-Golgi intermediate compartment
Q9CX00	extracellular exosome
Q9CX00	Flemming body
Q9CX00	intracellular membrane-bounded organelle
Q9CX00	midbody
Q9CX00	nuclear envelope
P32020	cytoplasm
P32020	cytosol
P32020	endoplasmic reticulum
P32020	extrinsic component of membrane
P32020	extrinsic component of mitochondrial outer membrane
P32020	intracellular membrane-bounded organelle
P32020	membrane
P32020	mitochondrion
P32020	nucleoplasm
P32020	nucleus
P32020	peroxisomal matrix
P32020	peroxisome
P32020	protein-containing complex
Q91WR5	cytosol
Q8CID0	Ada2/Gcn5/Ada3 transcription activator complex
Q8CID0	cytoplasm
Q8CID0	nucleus
A2A7B5	Golgi apparatus
A2A7B5	nucleoplasm
A2A7B5	nucleus
A2A934	None
Q8K2I2	centriole
Q8K2I2	cytoplasm
Q8K2I2	cytosol
Q8K2I2	nucleus
Q03265	cell surface
Q03265	COP9 signalosome
Q03265	membrane
Q03265	membrane raft
Q03265	mitochondrial inner membrane
Q03265	mitochondrial proton-transporting ATP synthase complex
Q03265	mitochondrial proton-transporting ATP synthase complex, catalytic sector F(1)
Q03265	mitochondrion
Q03265	myelin sheath
Q03265	nucleus
Q03265	plasma membrane
Q03265	proton-transporting ATP synthase complex
Q03265	proton-transporting ATP synthase complex, catalytic core F(1)
P10922	actin cytoskeleton
P10922	chromatin
P10922	euchromatin
P10922	Golgi apparatus
P10922	nuclear body
P10922	nucleoplasm
P10922	nucleosome
P10922	nucleus
P10922	transcription repressor complex
Q5SXC4	nucleoplasm
Q5SXC4	nucleus
Q6YND2	extracellular region
Q6YND2	nucleus
P48036	axon terminus
P48036	cell projection
P48036	collagen-containing extracellular matrix
P48036	cytoplasm
P48036	cytosol
P48036	dendrite
P48036	endoplasmic reticulum
P48036	endothelial microparticle
P48036	external side of plasma membrane
P48036	extracellular space
P48036	intercalated disc
P48036	neuronal cell body
P48036	nucleus
P48036	perikaryon
P48036	plasma membrane
P48036	sarcolemma
P48036	synaptic vesicle
P48036	Z disc
Q9DAI4	nucleus
Q80Y84	cytosol
Q80Y84	histone methyltransferase complex
Q80Y84	nucleoplasm
Q80Y84	nucleus
P70694	cytoplasm
P70694	cytosol
P70694	nucleus
P70696	DNA packaging complex
P70696	extrinsic component of plasma membrane
P70696	nucleoplasm
P70696	nucleosome
P70696	nucleus
P24270	cytoplasm
P24270	cytosol
P24270	endoplasmic reticulum
P24270	extracellular space
P24270	Golgi apparatus
P24270	intracellular membrane-bounded organelle
P24270	lysosome
P24270	mitochondrial intermembrane space
P24270	mitochondrion
P24270	peroxisomal membrane
P24270	peroxisome
P24270	plasma membrane
P24270	protein-containing complex
P15105	axon terminus
P15105	cell body
P15105	cell projection
P15105	cytoplasm
P15105	cytosol
P15105	glial cell projection
P15105	intracellular membrane-bounded organelle
P15105	mitochondrion
P15105	myelin sheath
P15105	neuron projection
P15105	perikaryon
P15105	plasma membrane
P15105	protein-containing complex
P15105	rough endoplasmic reticulum
Q60980	nucleoplasm
O88844	cytoplasm
O88844	cytosol
O88844	mitochondrion
O88844	peroxisome
O88379	CHRAC
O88379	nuclear chromosome
Q8CF60	nucleus
P10853	cytosol
P10853	extracellular space
P10853	nucleoplasm
P10853	nucleosome
P10853	nucleus
P43274	nucleosome
P43274	nucleus
P43275	cell surface
P43275	nucleosome
P43275	nucleus
P43275	vesicle
P43276	nucleosome
P43276	nucleus
P43277	chromatin
P43277	euchromatin
P43277	nucleosome
P43277	nucleus
Q8K4B0	cytoplasm
Q8K4B0	cytosol
Q8K4B0	endoplasmic reticulum
Q8K4B0	Golgi apparatus
Q8K4B0	intracellular membrane-bounded organelle
Q8K4B0	microtubule
Q8K4B0	nuclear envelope
Q8K4B0	nucleoplasm
Q8K4B0	nucleus
Q8K4B0	NuRD complex
Q8BTI8	nuclear speck
Q8BTI8	nucleus
Q8BTI8	U2-type catalytic step 2 spliceosome
Q8BTI8	U2-type precatalytic spliceosome
Q9Z2E1	chromatin
Q9Z2E1	cytoplasm
Q9Z2E1	cytosol
Q9Z2E1	heterochromatin
Q9Z2E1	histone deacetylase complex
Q9Z2E1	nucleoplasm
Q9Z2E1	nucleus
Q61122	nucleus
P08074	mitochondrial matrix
P08074	mitochondrion
Q08874	cytoplasm
Q08874	nucleus
Q08874	protein-containing complex
Q80U93	cytoplasmic side of nuclear pore
Q80U93	nuclear envelope
Q80U93	nuclear pore
Q64092	cytoplasm
Q64092	cytosol
Q64092	nucleoplasm
Q64092	nucleus
Q64092	transcription regulator complex
Q64318	cytosol
Q64318	nucleoplasm
Q64318	nucleus
Q8R317	aggresome
Q8R317	autophagosome
Q8R317	cytoplasm
Q8R317	cytoplasmic vesicle
Q8R317	cytosol
Q8R317	endoplasmic reticulum
Q8R317	nucleoplasm
Q8R317	perinuclear region of cytoplasm
Q8R317	plasma membrane
Q8R317	proteasome complex
Q8R317	protein-containing complex
B2RRF6	nucleus
G3UZV2	cytosol
G3UZV2	nucleolus
G3UZV2	nucleoplasm
G3UZV2	nucleus
Q9CQM9	cell cortex
Q9CQM9	cytosol
Q9CQM9	dendrite
Q9CQM9	nucleus
Q9CQM9	Z disc
Q3UNN4	SWI/SNF complex
Q8R3L8	mediator complex
Q8R3L8	nucleolus
Q8R3L8	nucleoplasm
Q8R3L8	nucleus
Q8R3L8	protein-containing complex
Q8R3L8	ubiquitin ligase complex
P62983	cytoplasm
P62983	cytosol
P62983	cytosolic small ribosomal subunit
P62983	myelin sheath
P62983	nucleoplasm
P62983	nucleus
P48722	cytoplasm
P48722	cytosol
P48722	nucleus
Q9QX47	nuclear speck
Q4VA53	chromatin
Q4VA53	nucleoplasm
Q4VA53	nucleus
Z4YJZ7	nucleus
Q9QXF8	cytosol
O35488	endoplasmic reticulum
O35488	endoplasmic reticulum lumen
O35488	endoplasmic reticulum membrane
O35488	integral component of endoplasmic reticulum membrane
O35488	integral component of peroxisomal membrane
O35488	intracellular membrane-bounded organelle
O35488	mitochondrion
O35488	peroxisomal membrane
O35488	peroxisome
O35488	plasma membrane
E9Q2U5	integral component of plasma membrane
Q3V1D3	cytosol
Q6NS86	nucleus
Q91YI0	cell body fiber
Q91YI0	cytoplasm
Q91YI0	cytosol
Q91YI0	endoplasmic reticulum
Q91YI0	mitochondrial outer membrane
Q91YI0	neuronal cell body
Q91YI0	nucleus
Q91YI0	perikaryon
Q91YI0	perinuclear region of cytoplasm
P37242	nuclear body
P37242	nucleus
Q9CPQ9	cytosol
Q9CPQ9	sperm fibrous sheath
P62270	cytosol
P62270	cytosolic small ribosomal subunit
P62270	nucleus
P62270	postsynaptic density
P62270	small ribosomal subunit
P62270	synapse
P41230	cytoplasm
P41230	cytosol
P41230	histone methyltransferase complex
P41230	nucleoplasm
P41230	nucleus
O55143	apical ectoplasmic specialization
O55143	calcium ion-transporting ATPase complex
O55143	endoplasmic reticulum
O55143	endoplasmic reticulum membrane
O55143	extrinsic component of cytoplasmic side of plasma membrane
O55143	longitudinal sarcoplasmic reticulum
O55143	membrane
O55143	perinuclear region of cytoplasm
O55143	plasma membrane bounded cell projection
O55143	protein-containing complex
O55143	ribbon synapse
O55143	sarcoplasmic reticulum
O55143	sarcoplasmic reticulum membrane
O55143	vesicle membrane
Q8VHR5	nuclear speck
Q8VHR5	nucleoplasm
Q8VHR5	NuRD complex
O54941	nBAF complex
O54941	npBAF complex
O54941	nucleoplasm
O54941	nucleus
O54941	SWI/SNF complex
P48437	cytoplasm
P48437	cytosol
P48437	nucleoplasm
P48437	nucleus
Q62511	nucleolus
Q62511	nucleoplasm
Q62511	nucleus
Q9JKR6	endoplasmic reticulum chaperone complex
Q9JKR6	endoplasmic reticulum lumen
Q9JKR6	extracellular region
Q9JKR6	smooth endoplasmic reticulum
P56480	cell surface
P56480	membrane
P56480	membrane raft
P56480	mitochondrial inner membrane
P56480	mitochondrial membrane
P56480	mitochondrial nucleoid
P56480	mitochondrial proton-transporting ATP synthase complex
P56480	mitochondrial proton-transporting ATP synthase complex, catalytic sector F(1)
P56480	mitochondrion
P56480	myelin sheath
P56480	plasma membrane
P56480	proton-transporting ATP synthase complex
P56480	proton-transporting ATP synthase complex, catalytic core F(1)
Q8BLM0	aggresome
Q8BLM0	cytosol
Q8BLM0	nucleoplasm
P26323	cytosol
P26323	nuclear body
P26323	nucleoplasm
P26323	nucleus
Q6GSS7	nucleosome
Q6GSS7	nucleus
P53657	cytoplasm
P53657	cytosol
P53657	plasma membrane
Q9JJL0	cytoplasm
Q9JJL0	nucleoplasm
Q9JJL0	nucleus
P59110	cytoplasm
P59110	focal adhesion
P59110	nuclear membrane
P59110	nucleoplasm
P59110	nucleus
Q9D8N0	cytoplasm
Q9D8N0	endoplasmic reticulum
Q9D8N0	nucleus
Q8CCA6	None
P58462	cytoplasm
P58462	nucleus
Q0P678	nuclear speck
Q0P678	protein-containing complex
Q9DBC7	axoneme
Q9DBC7	cAMP-dependent protein kinase complex
Q9DBC7	centrosome
Q9DBC7	cytoplasm
Q9DBC7	glutamatergic synapse
Q9DBC7	immunological synapse
Q9DBC7	multivesicular body
Q9DBC7	neuromuscular junction
Q9DBC7	nucleotide-activated protein kinase complex
Q9DBC7	plasma membrane raft
Q9DBC7	protein-containing complex
Q9DBC7	sperm connecting piece
Q9DBC7	synapse
Q3TUF7	Ada2/Gcn5/Ada3 transcription activator complex
Q3TUF7	mitotic spindle
Q3TUF7	nucleus
Q8BMS1	mitochondrial fatty acid beta-oxidation multienzyme complex
Q8BMS1	mitochondrial inner membrane
Q8BMS1	mitochondrial nucleoid
Q8BMS1	mitochondrion
Q9JHI7	cytoplasm
Q9JHI7	cytoplasmic exosome (RNase complex)
Q9JHI7	exosome (RNase complex)
Q9JHI7	nuclear chromosome
Q9JHI7	nuclear exosome (RNase complex)
Q9JHI7	nucleolus
Q9JHI7	nucleoplasm
Q9JHI7	nucleus
Q3TYM2	nucleus
Q99LI5	nucleoplasm
Q99LI5	nucleus
Q9QZ47-7	troponin complex
Q52KI8	nuclear matrix
Q52KI8	nuclear speck
Q52KI8	spliceosomal complex
Q8QZT1	mitochondrial inner membrane
Q8QZT1	mitochondrial matrix
Q8QZT1	mitochondrion
P11983	acrosomal vesicle
P11983	cell body
P11983	centrosome
P11983	chaperonin-containing T-complex
P11983	Golgi apparatus
P11983	heterochromatin
P11983	microtubule
P11983	microtubule organizing center
P11983	myelin sheath
P11983	pericentriolar material
P11983	zona pellucida receptor complex
Q80Y44	nucleus
Q8CHP8	cytoplasm
Q8CG46	cell junction
Q8CG46	chromosome, centromeric region
Q8CG46	chromosome, telomeric region
Q8CG46	cytoplasm
Q8CG46	interchromatin granule
Q8CG46	nuclear speck
Q8CG46	nucleus
Q8CG46	PML body
Q8CG46	sex chromosome
Q8CG46	site of double-strand break
Q8CG46	Smc5-Smc6 complex
B1AVB4	chromatin
B1AVB4	nucleus
B1AVB4	XY body
Q3V086	cytoplasm
Q8CHP6	nucleoplasm
Q8CHP6	nucleus
Q8CHP6	PcG protein complex
Q8CHP6	PRC1 complex
Q04859-3	axoneme
Q04859-3	centrosome
Q04859-3	ciliary tip
Q04859-3	cilium
Q04859-3	cytoplasm
Q04859-3	midbody
Q04859-3	mitotic spindle
Q04859-3	motile cilium
Q04859-3	nucleus
Q04859-3	photoreceptor connecting cilium
Q04859-3	photoreceptor inner segment
Q04859-3	photoreceptor outer segment
S4R1M2	None
Q61768	axon cytoplasm
Q61768	axonal growth cone
Q61768	centriolar satellite
Q61768	ciliary rootlet
Q61768	cytoplasm
Q61768	cytosol
Q61768	dendrite cytoplasm
Q61768	endocytic vesicle
Q61768	kinesin complex
Q61768	membrane-bounded organelle
Q61768	microtubule
Q61768	microtubule cytoskeleton
Q61768	neuron projection
Q61768	perinuclear region of cytoplasm
Q61768	phagocytic vesicle
Q61768	vesicle
Q9JHR7	basolateral plasma membrane
Q9JHR7	cell surface
Q9JHR7	cytoplasm
Q9JHR7	cytosol
Q9JHR7	cytosolic proteasome complex
Q9JHR7	external side of plasma membrane
Q9JHR7	extracellular exosome
Q9JHR7	extracellular space
Q9JHR7	mitochondrion
Q9JHR7	nucleus
Q9JHR7	peroxisomal matrix
Q9JHR7	peroxisome
Q8CGF7	nucleoplasm
Q8CGF7	nucleus
P62827	centriole
P62827	cytoplasm
P62827	cytosol
P62827	male germ cell nucleus
P62827	manchette
P62827	melanosome
P62827	midbody
P62827	nuclear envelope
P62827	nuclear pore
P62827	nucleolus
P62827	nucleoplasm
P62827	nucleus
P62827	protein-containing complex
P62827	recycling endosome
P62827	RNA nuclear export complex
P62827	sperm flagellum
P17918	centrosome
P17918	chromatin
P17918	cyclin-dependent protein kinase holoenzyme complex
P17918	nuclear body
P17918	nuclear lamina
P17918	nuclear replication fork
P17918	nucleoplasm
P17918	nucleus
P17918	PCNA complex
P17918	PCNA-p21 complex
P17918	replication fork
O08810	Cajal body
O08810	catalytic step 2 spliceosome
O08810	cytosol
O08810	intracellular membrane-bounded organelle
O08810	nuclear speck
O08810	nucleoplasm
O08810	nucleus
O08810	ribonucleoprotein complex
O08810	U2-type catalytic step 2 spliceosome
O08810	U2-type precatalytic spliceosome
O08810	U4/U6 x U5 tri-snRNP complex
P63166	cytosol
P63166	dendrite
P63166	fibrillar center
P63166	heterochromatin
P63166	nuclear body
P63166	nuclear membrane
P63166	nuclear speck
P63166	nuclear stress granule
P63166	nucleolus
P63166	nucleoplasm
P63166	nucleus
P63166	plasma membrane
P63166	PML body
P63166	synapse
P63166	XY body
Q8BZ21	cytosol
Q8BZ21	MOZ/MORF histone acetyltransferase complex
Q8BZ21	nuclear speck
Q8BZ21	nucleolus
Q8BZ21	nucleosome
Q8BZ21	nucleus
Q8BZ21	PML body
Q3LR78	nucleoplasm
Q3LR78	nucleus
E9QA68	None
Q8BHJ5	histone deacetylase complex
Q8BHJ5	mitotic spindle
Q8BHJ5	nucleoplasm
Q8BHJ5	nucleus
Q8BHJ5	transcription repressor complex
O70494	nucleus
O70494	PML body
O70494	protein-DNA complex
O70494	transcription repressor complex
Q9QZR5	cytoplasm
Q9QZR5	nuclear body
Q9QZR5	nucleoplasm
Q9QZR5	nucleus
Q9QZR5	PML body
Q9QZR5	RNA polymerase II transcription regulator complex
Q8VII8	cytoplasm
Q8VII8	endoplasmic reticulum membrane
Q8VII8	GABA-ergic synapse
Q8VII8	glutamatergic synapse
Q8VII8	nucleoplasm
Q8VII8	nucleus
Q8VII8	postsynaptic density, intracellular component
Q8VII8	presynaptic active zone cytoplasmic component
Q8VII8	receptor complex
Q62261	axolemma
Q62261	cortical cytoskeleton
Q62261	cuticular plate
Q62261	cytoplasm
Q62261	endomembrane system
Q62261	glutamatergic synapse
Q62261	M band
Q62261	membrane
Q62261	nucleolus
Q62261	nucleus
Q62261	plasma membrane
Q62261	postsynapse
Q62261	postsynaptic density
Q62261	protein-containing complex
Q62261	spectrin
Q9EQ20	mitochondrion
Q9EQ20	nucleoplasm
E9Q6S0	None
E9Q784	nuclear speck
E9Q784	nucleoplasm
E9Q784	RNA N6-methyladenosine methyltransferase complex
O35459	mitochondrion
O35459	peroxisome
P13541	contractile fiber
P13541	myofibril
P13541	myosin complex
P13541	myosin filament
Q99L47	cytosol
Q99L47	protein-containing complex
Q9JII6	apical plasma membrane
Q9JII6	cytosol
Q9JII6	synapse
O08784	cytosol
O08784	fibrillar center
O08784	nucleolus
O08784	nucleoplasm
P62242	cytosol
P62242	cytosolic small ribosomal subunit
P62242	endoplasmic reticulum
P62242	membrane
P62242	ribonucleoprotein complex
Q6PDK2	histone methyltransferase complex
Q6PDK2	MLL3/4 complex
Q6PDK2	nucleoplasm
Q61164	chromosome, centromeric region
Q61164	condensed chromosome
Q61164	nucleolus
Q61164	nucleoplasm
Q61164	nucleus
Q9R1P0	cytoplasm
Q9R1P0	cytosol
Q9R1P0	intracellular membrane-bounded organelle
Q9R1P0	nucleoplasm
Q9R1P0	nucleus
Q9R1P0	P-body
Q9R1P0	proteasome complex
Q9R1P0	proteasome core complex
Q9R1P0	proteasome core complex, alpha-subunit complex
Q8BWT1	mitochondrial inner membrane
Q8BWT1	mitochondrial matrix
Q8BWT1	mitochondrion
Q60749	cytoplasm
Q60749	Grb2-Sos complex
Q60749	membrane
Q60749	nucleoplasm
Q60749	nucleus
Q60749	protein-containing complex
Q9WUL7	axoneme
Q9WUL7	centrosome
Q9WUL7	ciliary basal body
Q9WUL7	ciliary transition zone
Q9WUL7	cilium
Q9WUL7	cytoplasm
Q9WUL7	cytoplasmic microtubule
Q9WUL7	Golgi apparatus
Q9WUL7	Golgi membrane
Q9WUL7	microtubule cytoskeleton
Q9WUL7	midbody
Q9WUL7	nucleoplasm
Q9WUL7	nucleus
Q9WUL7	photoreceptor connecting cilium
Q9WUL7	spindle microtubule
P68372	cytoplasm
P68372	microtubule
P68372	myelin sheath
P68372	tubulin complex
Q5SWT9	cytosol
Q5SWT9	nucleoplasm
Q5SWT9	pericentric heterochromatin
Q5SWT9	protein-containing complex
O88466	cytosol
O88466	membrane
O88466	nuclear speck
O88466	nucleolus
Q920B9	FACT complex
Q920B9	nucleoplasm
P61965	Ada2/Gcn5/Ada3 transcription activator complex
P61965	histone acetyltransferase complex
P61965	histone methyltransferase complex
P61965	MLL1 complex
P61965	MLL3/4 complex
P61965	nucleoplasm
P61965	nucleus
P61965	Set1C/COMPASS complex
Q6KAS7	nucleoplasm
Q6KAS7	nucleus
Q8BFZ3	actin filament
Q8BFZ3	axon
Q8BFZ3	cytoplasm
Q8BFZ3	glutamatergic synapse
Q8BFZ3	membrane
Q8BFZ3	NuA4 histone acetyltransferase complex
Q8BFZ3	synapse
Q04888	chromatin
Q04888	cytoplasm
Q04888	extrinsic component of mitochondrial outer membrane
Q04888	nucleoplasm
Q04888	nucleus
P51667	A band
P51667	cardiac myofibril
P51667	contractile fiber
P51667	cytoskeleton
P51667	myofibril
P51667	myosin complex
Q6P3Y5	nucleus
P51881	membrane
P51881	membrane raft
P51881	mitochondrial inner membrane
P51881	mitochondrial nucleoid
P51881	mitochondrial permeability transition pore complex
P51881	mitochondrion
P51881	MMXD complex
P51881	myelin sheath
Q04886	cytoplasm
Q04886	nucleus
Q04886	transcription regulator complex
Q58A65	centriolar satellite
Q58A65	cytoplasm
Q58A65	cytosol
Q58A65	lysosomal membrane
Q58A65	perinuclear region of cytoplasm
E9PWW9	nucleoplasm
E9PWW9	nucleus
E9PWW9	RSF complex
Q8VDZ4	dendrite
Q8VDZ4	integral component of membrane
Q8VDZ4	phagocytic vesicle
Q8VDZ4	plasma membrane
Q99PL5	integral component of endoplasmic reticulum membrane
P07901	apical plasma membrane
P07901	axonal growth cone
P07901	basolateral plasma membrane
P07901	brush border membrane
P07901	cell surface
P07901	collagen-containing extracellular matrix
P07901	cytoplasm
P07901	cytosol
P07901	dendritic growth cone
P07901	melanosome
P07901	mitochondrion
P07901	myelin sheath
P07901	neuron projection
P07901	neuronal cell body
P07901	nucleus
P07901	perinuclear region of cytoplasm
P07901	plasma membrane
P07901	protein-containing complex
P07901	sperm flagellum
P07901	sperm mitochondrial sheath
P07901	sperm plasma membrane
P47738	mitochondrial matrix
P47738	mitochondrion
P25688	cytosol
P25688	mitochondrion
P25688	peroxisome
P63017	asymmetric synapse
P63017	autophagosome
P63017	axon
P63017	cell surface
P63017	chaperone complex
P63017	cytoplasm
P63017	cytosol
P63017	dendrite
P63017	dendritic shaft
P63017	dendritic spine
P63017	extracellular exosome
P63017	glutamatergic synapse
P63017	glycinergic synapse
P63017	intermediate filament
P63017	late endosome
P63017	late endosome lumen
P63017	lysosomal matrix
P63017	lysosomal membrane
P63017	lysosome
P63017	melanosome
P63017	membrane raft
P63017	messenger ribonucleoprotein complex
P63017	microtubule
P63017	myelin sheath
P63017	neuron projection
P63017	neuron spine
P63017	neuronal cell body
P63017	nucleolus
P63017	nucleus
P63017	perikaryon
P63017	perinuclear region of cytoplasm
P63017	photoreceptor inner segment
P63017	photoreceptor ribbon synapse
P63017	plasma membrane
P63017	postsynapse
P63017	postsynaptic cytosol
P63017	postsynaptic density
P63017	postsynaptic specialization membrane
P63017	presynapse
P63017	presynaptic cytosol
P63017	protein-containing complex
P63017	Prp19 complex
P63017	ribonucleoprotein complex
P63017	spliceosomal complex
P63017	synaptic vesicle
P63017	terminal bouton
P84244	Barr body
P84244	chromosome, telomeric region
P84244	nuclear chromosome
P84244	nucleoplasm
P84244	nucleosome
P84244	nucleus
P84244	protein-containing complex
Q9JKS4-4	adherens junction
Q9JKS4-4	cytoskeleton
Q9JKS4-4	filamentous actin
Q9JKS4-4	perinuclear region of cytoplasm
Q9JKS4-4	pseudopodium
Q9JKS4-4	stress fiber
Q9JKS4-4	Z disc
P97868	centrosome
P97868	chromosome
P97868	cytoplasm
P97868	nuclear speck
P97868	nucleolus
P97868	protein-containing complex
P83917	chromatin
P83917	chromocenter
P83917	chromosome, centromeric region
P83917	chromosome, telomeric region
P83917	female pronucleus
P83917	male pronucleus
P83917	nucleus
P83917	pericentric heterochromatin
P83917	site of DNA damage
P83917	spindle
P97460	CLOCK-BMAL transcription complex
P97460	cytosol
P97460	nucleoplasm
P97460	nucleus
P97460	transcription regulator complex
P35979	cytoplasm
P35979	cytosol
P35979	cytosolic large ribosomal subunit
P35979	large ribosomal subunit
P35979	nucleolus
P35979	nucleus
P35979	postsynaptic density
Q3UKW2	None
P15864	euchromatin
P15864	nucleosome
P15864	nucleus
P15864	transcriptionally active chromatin
Q3UYJ1	nucleus
P63242	annulate lamellae
P63242	cytoplasm
P63242	dendrite
P63242	endoplasmic reticulum membrane
P63242	neuronal cell body
P63242	nuclear pore
P63242	nucleus
P63242	synapse
Q14BI5	cytoskeleton
Q14BI5	M band
Q6NZM9	A band
Q6NZM9	actomyosin
Q6NZM9	cytoplasm
Q6NZM9	cytosol
Q6NZM9	histone deacetylase complex
Q6NZM9	neuromuscular junction
Q6NZM9	nuclear speck
Q6NZM9	nucleoplasm
Q6NZM9	nucleus
Q6NZM9	protein-containing complex
Q6NZM9	sarcomere
Q6NZM9	transcription repressor complex
Q6NZM9	Z disc
Q61655	cytoplasmic stress granule
Q61655	nucleoplasm
Q61655	nucleus
Q5PSV9	chromosome
Q5PSV9	focal adhesion
Q5PSV9	nuclear body
Q5PSV9	nucleoplasm
Q5PSV9	nucleus
Q64433	mitochondrial matrix
Q64433	mitochondrion
P17183	cell cortex region
P17183	cell surface
P17183	cytoplasm
P17183	cytosol
P17183	growth cone
P17183	membrane
P17183	membrane raft
P17183	myelin sheath
P17183	neuron projection
P17183	neuronal cell body
P17183	perikaryon
P17183	phosphopyruvate hydratase complex
P17183	photoreceptor inner segment
P17183	plasma membrane
P17183	synaptic membrane
P17182	cell cortex region
P17182	cell surface
P17182	cytoplasm
P17182	cytosol
P17182	extrinsic component of plasma membrane
P17182	growth cone
P17182	membrane
P17182	membrane raft
P17182	myelin sheath
P17182	neuron projection
P17182	phosphopyruvate hydratase complex
P17182	plasma membrane
P17182	synaptic membrane
Q6A4J8	cytoplasm
Q6A4J8	cytosol
Q6A4J8	nucleus
Q6A4J8	PML body
Q6A4J8	protein-containing complex
Q6A4J8	XY body
Q6DFW4	box C/D RNP complex
Q6DFW4	Cajal body
Q6DFW4	cytosol
Q6DFW4	fibrillar center
Q6DFW4	nucleolus
Q6DFW4	nucleoplasm
Q6DFW4	nucleus
Q6DFW4	pre-snoRNP complex
Q6DFW4	small-subunit processome
Q6DFW4	sno(s)RNA-containing ribonucleoprotein complex
Q9R0Y5	cytoplasm
Q9R0Y5	cytosol
Q9R0Y5	neuron projection
Q9R0Y5	outer dense fiber
Q9R0Y5	perinuclear region of cytoplasm
Q9R0Y5	plasma membrane
Q9R0Y5	sarcomere
Q9R0Y5	sperm flagellum
Q9DCC5	euchromatin
Q9DCC5	nucleus
Q6GU14	cytosol
Q6GU14	nucleoplasm
Q6GU14	perinuclear region of cytoplasm
Q6GU14	receptor complex
Q6GU14	RNA polymerase II transcription regulator complex
Q4VAD4	None
Q9ESX5	box H/ACA snoRNP complex
Q9ESX5	box H/ACA telomerase RNP complex
Q9ESX5	Cajal body
Q9ESX5	fibrillar center
Q9ESX5	nucleolus
Q9ESX5	nucleoplasm
Q9ESX5	nucleus
Q9ESX5	telomerase holoenzyme complex
Q3TML0	cytosol
Q3TML0	endoplasmic reticulum lumen
Q3TML0	endoplasmic reticulum-Golgi intermediate compartment
Q3TML0	extracellular space
Q6PAQ8	nucleus
P39087	axon
P39087	dendrite
P39087	dendrite cytoplasm
P39087	glutamatergic synapse
P39087	hippocampal mossy fiber to CA3 synapse
P39087	integral component of plasma membrane
P39087	ionotropic glutamate receptor complex
P39087	kainate selective glutamate receptor complex
P39087	membrane
P39087	neuronal cell body
P39087	perikaryon
P39087	plasma membrane
P39087	postsynapse
P39087	postsynaptic density
P39087	postsynaptic membrane
P39087	presynaptic membrane
P39087	synapse
P39087	terminal bouton
P50247	cytosol
P50247	melanosome
P50247	neuron projection
P50247	nucleus
Q9R0P9	axon
Q9R0P9	axon cytoplasm
Q9R0P9	cytoplasm
Q9R0P9	cytosol
Q9R0P9	endoplasmic reticulum membrane
Q9R0P9	myelin sheath
Q9R0P9	neuron projection terminus
Q9R0P9	neuronal cell body
Q9R0P9	nucleoplasm
Q3V3W4	nucleoplasm
Q6P5G3	nucleus
Q8CH18	nuclear envelope lumen
Q8CH18	nucleus
Q8CH18	perinuclear region of cytoplasm
Q62296	cytoplasm
Q62296	nucleoplasm
Q62296	nucleus
Q62296	protein-DNA complex
Q62296	transcription regulator complex
Q8BIZ1	cytosol
Q8BIZ1	dendritic spine
Q8BIZ1	glutamatergic synapse
Q8BIZ1	hippocampal mossy fiber to CA3 synapse
Q8BIZ1	intracellular membrane-bounded organelle
Q8BIZ1	nucleus
Q8BIZ1	plasma membrane
Q8BIZ1	postsynaptic density
Q8BIZ1	postsynaptic density, intracellular component
Q8BIZ1	presynaptic cytosol
Q8BIZ1	Schaffer collateral - CA1 synapse
Q8BIZ6	cytosol
Q8BIZ6	nucleoplasm
Q8BIZ6	nucleus
Q8BIZ6	U2-type precatalytic spliceosome
Q64374	cytoplasm
Q64374	cytosol
Q64374	nucleus
P51448	nucleoplasm
P51448	nucleus
Q99NB9	catalytic step 2 spliceosome
Q99NB9	chromatin
Q99NB9	nuclear matrix
Q99NB9	nuclear speck
Q99NB9	nucleus
Q99NB9	small nuclear ribonucleoprotein complex
Q99NB9	U11/U12 snRNP
Q99NB9	U12-type spliceosomal complex
Q99NB9	U2 snRNP
Q99NB9	U2-type precatalytic spliceosome
Q99NB9	U2-type prespliceosome
P62889	cytosol
P62889	cytosolic large ribosomal subunit
P62889	nucleus
P62889	polysomal ribosome
P62889	postsynaptic density
P62889	ribosome
Q9JJN2	nucleus
O08900	cytoplasm
O08900	cytosol
O08900	nucleoplasm
O08900	nucleus
P20029	cell surface
P20029	COP9 signalosome
P20029	cytoplasm
P20029	cytosol
P20029	endoplasmic reticulum
P20029	endoplasmic reticulum chaperone complex
P20029	endoplasmic reticulum lumen
P20029	endoplasmic reticulum membrane
P20029	endoplasmic reticulum-Golgi intermediate compartment
P20029	extracellular region
P20029	integral component of endoplasmic reticulum membrane
P20029	intracellular membrane-bounded organelle
P20029	membrane
P20029	midbody
P20029	mitochondrion
P20029	myelin sheath
P20029	nucleus
P20029	plasma membrane
P20029	protein-containing complex
P20029	smooth endoplasmic reticulum
Q8BN78	cytosol
Q8BN78	nucleolus
Q8BN78	nucleoplasm
Q8BN78	nucleus
Q8BN78	plasma membrane
Q8CGP5	nucleosome
Q8CGP5	nucleus
Q60793	chromatin
Q60793	cytoplasm
Q60793	euchromatin
Q60793	nucleoplasm
Q60793	nucleus
Q60793	transcription regulator complex
A2ASS6	A band
A2ASS6	condensed nuclear chromosome
A2ASS6	I band
A2ASS6	M band
A2ASS6	muscle myosin complex
A2ASS6	myofibril
A2ASS6	sarcomere
A2ASS6	striated muscle thin filament
A2ASS6	Z disc
Q922D8	cytosol
Q922D8	mitochondrion
P48379	cytoplasm
P48379	nucleus
P62509	nucleus
P05064	actin cytoskeleton
P05064	cytoplasm
P05064	cytosol
P05064	extracellular exosome
P05064	extracellular space
P05064	heterochromatin
P05064	M band
P05064	membrane
P05064	mitochondrion
P05064	myelin sheath
P05064	plasma membrane
P05064	protein-containing complex
P05064	sperm fibrous sheath
P05064	sperm head
P05064	Z disc
Q5XKE0	cytoskeleton
Q5XKE0	myosin filament
P42932	cell body
P42932	centrosome
P42932	chaperonin-containing T-complex
P42932	cilium
P42932	cytoplasm
P42932	cytosol
P42932	intermediate filament cytoskeleton
P42932	microtubule
P42932	nucleoplasm
P42932	zona pellucida receptor complex
Q02566	cytoplasm
Q02566	mitochondrion
Q02566	muscle myosin complex
Q02566	myofibril
Q02566	myosin complex
Q02566	myosin filament
Q02566	stress fiber
Q02566	Z disc
P08113	cytosol
P08113	endoplasmic reticulum
P08113	endoplasmic reticulum chaperone complex
P08113	endoplasmic reticulum lumen
P08113	endoplasmic reticulum membrane
P08113	extracellular region
P08113	melanosome
P08113	midbody
P08113	perinuclear region of cytoplasm
P08113	plasma membrane
P08113	protein-containing complex
P08113	sarcoplasmic reticulum lumen
P08113	smooth endoplasmic reticulum
Q9CU62	cohesin complex
Q9CU62	cytosol
Q9CU62	kinetochore
Q9CU62	meiotic cohesin complex
Q9CU62	mitotic spindle pole
Q9CU62	nuclear matrix
Q9CU62	nucleoplasm
Q9CU62	nucleus
P14152	centrosome
P14152	cytosol
P14152	mitochondrion
P14152	myelin sheath
Q9JIH2	nuclear membrane
Q9JIH2	nuclear pore
Q9JIH2	nucleoplasm
Q9JIH2	ribonucleoprotein complex
Q8R3B7	mitochondrion
Q8R3B7	NuA4 histone acetyltransferase complex
Q8R3B7	nucleoplasm
Q8R3B7	Swr1 complex
Q8C5D8	nuclear body
Q8C5D8	nuclear speck
Q8C5D8	nucleoplasm
Q8C5D8	nucleus
Q8C5D8	PML body
Q64511	cytosol
Q64511	nucleolus
Q64511	nucleoplasm
Q64511	nucleus
Q64511	ribonucleoprotein complex
Q811S7	cytosol
Q811S7	nucleoplasm
Q811S7	nucleus
Q8C196	cytoplasm
Q8C196	mitochondrial inner membrane
Q8C196	mitochondrial nucleoid
Q8C196	mitochondrion
Q8C196	nucleolus
Q8C196	protein-containing complex
Q07231	nucleus
Q6NXL3	nucleus
E9QQ90	nucleus
P63280	cytoplasm
P63280	cytosol
P63280	dendrite
P63280	fibrillar center
P63280	nuclear body
P63280	nuclear envelope
P63280	nucleoplasm
P63280	nucleus
P63280	PML body
P63280	sumoylated E2 ligase complex
P63280	synapse
P63280	transferase complex
Q60954	nucleoplasm
Q60954	nucleus
Q60954	transcription regulator complex
Q60953	chromatin
Q60953	chromosome, telomeric region
Q60953	cytoplasm
Q60953	cytosol
Q60953	early endosome membrane
Q60953	extrinsic component of endoplasmic reticulum membrane
Q60953	nuclear matrix
Q60953	nuclear membrane
Q60953	nucleolus
Q60953	nucleoplasm
Q60953	nucleus
Q60953	PML body
Q8R429	endoplasmic reticulum
Q8R429	endoplasmic reticulum membrane
Q8R429	endoplasmic reticulum-Golgi intermediate compartment
Q8R429	H zone
Q8R429	I band
Q8R429	integral component of membrane
Q8R429	intracellular membrane-bounded organelle
Q8R429	membrane
Q8R429	mitochondrion
Q8R429	perinuclear region of cytoplasm
Q8R429	sarcoplasmic reticulum
Q8R429	sarcoplasmic reticulum membrane
P01633	extracellular space
P01633	immunoglobulin complex
P01633	plasma membrane
Q9ERU9	annulate lamellae
Q9ERU9	cytoplasm
Q9ERU9	cytoplasmic periphery of the nuclear pore complex
Q9ERU9	mitochondrion
Q9ERU9	nuclear envelope
Q9ERU9	nuclear inclusion body
Q9ERU9	nuclear membrane
Q9ERU9	nuclear pore
Q9ERU9	nuclear pore cytoplasmic filaments
Q9ERU9	nuclear pore nuclear basket
Q9ERU9	nucleoplasm
Q3UZZ6	cytoplasm
P60710	actin cytoskeleton
P60710	actin filament
P60710	adherens junction
P60710	apical junction complex
P60710	axon
P60710	calyx of Held
P60710	cell-cell junction
P60710	cortical cytoskeleton
P60710	cytoplasm
P60710	cytoplasmic ribonucleoprotein granule
P60710	cytoskeleton
P60710	cytosol
P60710	dense body
P60710	focal adhesion
P60710	glutamatergic synapse
P60710	lamellipodium
P60710	membrane
P60710	membrane raft
P60710	myelin sheath
P60710	NuA4 histone acetyltransferase complex
P60710	nucleus
P60710	plasma membrane
P60710	podosome
P60710	postsynaptic actin cytoskeleton
P60710	postsynaptic density
P60710	protein-containing complex
P60710	ribonucleoprotein complex
P60710	Schaffer collateral - CA1 synapse
P60710	stress fiber
P60710	synapse
P60710	tight junction
Q3UXZ9	histone methyltransferase complex
Q3UXZ9	nucleolus
Q3UXZ9	nucleus
Q3UXZ9	protein-DNA complex
P07758	collagen-containing extracellular matrix
P07758	endoplasmic reticulum
P07758	extracellular region
P07758	extracellular space
P07758	Golgi apparatus
P07758	intracellular membrane-bounded organelle
Q91Y97	centriolar satellite
Q91Y97	cytoplasm
Q91Y97	cytosol
Q91Y97	intracellular membrane-bounded organelle
Q91Y97	lysosome
Q91Y97	microtubule organizing center
Q91Y97	nucleus
Q91Y97	perinuclear region of cytoplasm
Q91Y97	plasma membrane
Q91Y97	rough endoplasmic reticulum membrane
Q91Y97	smooth endoplasmic reticulum membrane
Q91WT7	cytosol
Q9CS00	catalytic step 2 spliceosome
Q9CS00	cytoplasm
Q9CS00	cytosol
Q9CS00	nuclear speck
Q9CS00	nucleoplasm
Q9CS00	nucleus
Q9CS00	spliceosomal complex
Q9EPW2	intracellular membrane-bounded organelle
Q9EPW2	nuclear speck
Q9EPW2	nucleoplasm
Q9EPW2	nucleus
Q99JW2	cytoplasm
Q99JW2	extracellular exosome
P35700	cytoplasm
P35700	cytosol
P35700	euchromatin
P35700	mitochondrial matrix
P35700	mitochondrion
P35700	myelin sheath
P35700	nucleolus
P35700	nucleus
P35700	peroxisomal matrix
P80313	cell body
P80313	chaperonin-containing T-complex
P80313	microtubule
P80313	mitochondrion
P12710	apical cortex
P12710	cytoplasm
P12710	cytosol
P12710	nucleoplasm
P12710	nucleus
P12710	peroxisomal matrix
P12710	protein-containing complex
Q61686	chromocenter
Q61686	chromosome, telomeric region
Q61686	heterochromatin
Q61686	histone deacetylase complex
Q61686	histone methyltransferase complex
Q61686	kinetochore
Q61686	nucleolus
Q61686	nucleoplasm
Q61686	nucleus
Q61686	pericentric heterochromatin
Q61686	PML body
Q61686	protein-containing complex
Q61686	ribonucleoprotein complex
Q61686	site of DNA damage
Q61686	transcription repressor complex
Q61687	chromosome, subtelomeric region
Q61687	chromosome, telomeric region
Q61687	condensed chromosome, centromeric region
Q61687	cytoplasm
Q61687	heterochromatin
Q61687	nuclear body
Q61687	nuclear chromosome
Q61687	nucleoplasm
Q61687	nucleus
Q61687	pericentric heterochromatin
Q61687	PML body
O54915	intermediate filament cytoskeleton
O54915	nuclear body
O54915	nucleoplasm
O54915	nucleus
Q8BZ89	centrosome
Q8BZ89	cytoplasm
Q8BZ89	cytosol
Q8BZ89	nucleoplasm
Q8BZ89	nucleus
E9Q5C9	box C/D RNP complex
E9Q5C9	box H/ACA snoRNP complex
E9Q5C9	Cajal body
E9Q5C9	cytoplasm
E9Q5C9	fibrillar center
E9Q5C9	nucleolus
E9Q5C9	nucleoplasm
E9Q5C9	small nuclear ribonucleoprotein complex
Q9Z1F9	cytoplasm
Q9Z1F9	nucleoplasm
Q9Z1F9	SUMO activating enzyme complex
O88904	centrosome
O88904	cytoplasm
O88904	cytosol
O88904	nuclear speck
O88904	nucleoplasm
O88904	nucleus
O88904	PML body
P07310	cytoplasm
P07310	extracellular space
Q1WLP7	nucleus
Q8CIM8	integrator complex
Q8CIM8	nucleolus
Q8CIM8	nucleus
Q3UKG7	nucleus
Q62318	chromatin
Q62318	euchromatin
Q62318	heterochromatin
Q62318	nucleoplasm
Q62318	nucleus
Q62318	protein-containing complex
Q62318	RNA polymerase II transcription regulator complex
Q6XVG2	cytoplasm
Q6XVG2	endoplasmic reticulum membrane
Q6XVG2	intracellular membrane-bounded organelle
Q99PV8	neuron projection
Q99PV8	nucleus
Q8R0Y6	cytosol
Q8R0Y6	mitochondrion
Q8R0Y6	protein-containing complex
Q8VIJ6	chromatin
Q8VIJ6	dendrite cytoplasm
Q8VIJ6	nuclear matrix
Q8VIJ6	nuclear speck
Q8VIJ6	nucleoplasm
Q8VIJ6	nucleus
Q8VIJ6	paraspeckles
Q8VIJ6	RNA polymerase II transcription regulator complex
Q5SWK8	nucleus
Q99PV0	catalytic step 2 spliceosome
Q99PV0	nuclear speck
Q99PV0	nucleus
Q99PV0	small nuclear ribonucleoprotein complex
Q99PV0	U2-type catalytic step 1 spliceosome
Q99PV0	U2-type catalytic step 2 spliceosome
Q99PV0	U2-type precatalytic spliceosome
Q99PV0	U4/U6 x U5 tri-snRNP complex
Q99PV0	U5 snRNP
P09055	acrosomal vesicle
P09055	adherens junction
P09055	basement membrane
P09055	cell surface
P09055	cell-cell junction
P09055	cytoplasm
P09055	dendritic spine
P09055	external side of plasma membrane
P09055	filopodium
P09055	focal adhesion
P09055	glial cell projection
P09055	glutamatergic synapse
P09055	hemidesmosome
P09055	integral component of postsynaptic membrane
P09055	integral component of synaptic membrane
P09055	integrin alpha1-beta1 complex
P09055	integrin alpha10-beta1 complex
P09055	integrin alpha11-beta1 complex
P09055	integrin alpha2-beta1 complex
P09055	integrin alpha3-beta1 complex
P09055	integrin alpha5-beta1 complex
P09055	integrin alpha7-beta1 complex
P09055	integrin alpha9-beta1 complex
P09055	integrin complex
P09055	intercalated disc
P09055	lamellipodium
P09055	melanosome
P09055	membrane
P09055	membrane raft
P09055	myelin sheath abaxonal region
P09055	neuromuscular junction
P09055	plasma membrane
P09055	postsynaptic membrane
P09055	receptor complex
P09055	recycling endosome
P09055	ruffle membrane
P09055	sarcolemma
P09055	Schaffer collateral - CA1 synapse
P09055	synapse
P09055	synaptic membrane
Q6NXL1	COPII vesicle coat
Q6NXL1	cytosol
Q6NXL1	endoplasmic reticulum exit site
Q6NXL1	endoplasmic reticulum membrane
Q6NXL1	intracellular membrane-bounded organelle
Q3TKT4	chromatin
Q3TKT4	euchromatin
Q3TKT4	heterochromatin
Q3TKT4	nBAF complex
Q3TKT4	npBAF complex
Q3TKT4	nucleus
Q3TKT4	perichromatin fibrils
Q3TKT4	SWI/SNF complex
O08553	axon
O08553	cytoskeleton
O08553	cytosol
O08553	dendrite
O08553	growth cone
O08553	mitochondrion
O08553	myelin sheath
O08553	neuron projection
O08553	neuronal cell body
O08553	plasma membrane
O08553	presynapse
O08553	protein-containing complex
O08553	terminal bouton
P00342	cilium
P00342	cytoplasm
P00342	motile cilium
P27773	acrosomal vesicle
P27773	apical plasma membrane
P27773	cell surface
P27773	cytoplasm
P27773	endoplasmic reticulum
P27773	endoplasmic reticulum lumen
P27773	extracellular region
P27773	extracellular space
P27773	melanosome
P27773	MHC class I peptide loading complex
P27773	mitochondrial intermembrane space
P27773	mitochondrion
P27773	myelin sheath
P27773	nucleus
P27773	plasma membrane
P27773	smooth endoplasmic reticulum
P27773	TAP complex
Q9Z104	BRCA2-BRAF35 complex
Q9Z104	condensed nuclear chromosome
Q9Z104	nuclear body
Q9Z104	nucleoplasm
Q9Z104	nucleus
Q6PGF5	90S preribosome
Q6PGF5	chromosome
Q6PGF5	nucleolus
Q6PGF5	nucleoplasm
Q3UNW5	cytoplasm
Q3UNW5	membrane
Q3UNW5	nucleus
Q3UNW5	transcription regulator complex
Q61191	axon
Q61191	collagen-containing extracellular matrix
Q61191	cytoplasm
Q61191	dendrite
Q61191	histone acetyltransferase complex
Q61191	histone methyltransferase complex
Q61191	MLL1 complex
Q61191	neuronal cell body
Q61191	nucleus
Q61191	protein-containing complex
Q61191	Set1C/COMPASS complex
