GO_C_term	Count	% Proportion
nucleus	288	10.84
nucleoplasm	184	6.92
cytosol	167	6.28
cytoplasm	156	5.87
mitochondrion	65	2.45
protein-containing complex	59	2.22
plasma membrane	44	1.66
nucleolus	41	1.54
nuclear speck	38	1.43
myelin sheath	37	1.39
membrane	31	1.17
chromatin	29	1.09
intracellular membrane-bounded organelle	29	1.09
endoplasmic reticulum	24	0.90
nuclear body	23	0.87
centrosome	22	0.83
PML body	20	0.75
nucleosome	20	0.75
perinuclear region of cytoplasm	20	0.75
ribonucleoprotein complex	18	0.68
neuron projection	17	0.64
synapse	17	0.64
transcription regulator complex	17	0.64
extracellular space	17	0.64
glutamatergic synapse	16	0.60
Golgi apparatus	16	0.60
postsynaptic density	15	0.56
neuronal cell body	15	0.56
endoplasmic reticulum membrane	15	0.56
heterochromatin	14	0.53
cell surface	14	0.53
membrane raft	13	0.49
mitochondrial inner membrane	13	0.49
nuclear matrix	12	0.45
microtubule	12	0.45
fibrillar center	11	0.41
dendrite	11	0.41
euchromatin	11	0.41
melanosome	11	0.41
RNA polymerase II transcription regulator complex	11	0.41
catalytic step 2 spliceosome	10	0.38
peroxisome	10	0.38
chromosome, telomeric region	10	0.38
nuclear membrane	9	0.34
extracellular region	9	0.34
histone methyltransferase complex	9	0.34
cell body	9	0.34
NuRD complex	9	0.34
axon	9	0.34
nuclear envelope	9	0.34
myosin complex	8	0.30
proteasome complex	8	0.30
cilium	8	0.30
Z disc	8	0.30
perikaryon	8	0.30
nuclear chromosome	8	0.30
extracellular exosome	8	0.30
nuclear pore	8	0.30
cytoskeleton	8	0.30
mitochondrial matrix	8	0.30
U2-type precatalytic spliceosome	7	0.26
endoplasmic reticulum lumen	7	0.26
myofibril	7	0.26
spliceosomal complex	7	0.26
cytosolic small ribosomal subunit	7	0.26
cytosolic large ribosomal subunit	7	0.26
protein-DNA complex	7	0.26
transcription repressor complex	7	0.26
chromosome	7	0.26
chromosome, centromeric region	6	0.23
sarcomere	6	0.23
mitochondrial outer membrane	6	0.23
postsynapse	6	0.23
histone acetyltransferase complex	6	0.23
peroxisomal matrix	6	0.23
collagen-containing extracellular matrix	6	0.23
histone deacetylase complex	6	0.23
dendritic spine	6	0.23
midbody	6	0.23
actin cytoskeleton	6	0.23
NuA4 histone acetyltransferase complex	6	0.23
lysosome	5	0.19
mitochondrial intermembrane space	5	0.19
sperm flagellum	5	0.19
acrosomal vesicle	5	0.19
motile cilium	5	0.19
chaperonin-containing T-complex	5	0.19
site of double-strand break	5	0.19
mitotic spindle	5	0.19
integral component of membrane	5	0.19
apical plasma membrane	5	0.19
growth cone	5	0.19
myosin filament	5	0.19
endoplasmic reticulum-Golgi intermediate compartment	5	0.19
axon terminus	5	0.19
Golgi membrane	5	0.19
cytoplasmic vesicle	5	0.19
focal adhesion	5	0.19
A band	5	0.19
zona pellucida receptor complex	4	0.15
cell cortex	4	0.15
actin filament	4	0.15
kinetochore	4	0.15
XY body	4	0.15
microtubule cytoskeleton	4	0.15
mitotic spindle pole	4	0.15
postsynaptic density, intracellular component	4	0.15
axoneme	4	0.15
integral component of endoplasmic reticulum membrane	4	0.15
lamellipodium	4	0.15
rough endoplasmic reticulum	4	0.15
Swr1 complex	4	0.15
lysosomal membrane	4	0.15
Cajal body	4	0.15
SWI/SNF complex	4	0.15
MLL1 complex	4	0.15
condensed chromosome	4	0.15
peroxisomal membrane	4	0.15
Ada2/Gcn5/Ada3 transcription activator complex	4	0.15
cytoplasmic stress granule	4	0.15
mitochondrial nucleoid	4	0.15
photoreceptor inner segment	4	0.15
ESC/E(Z) complex	4	0.15
endoplasmic reticulum chaperone complex	4	0.15
external side of plasma membrane	4	0.15
smooth endoplasmic reticulum	4	0.15
pericentric heterochromatin	4	0.15
neuromuscular junction	4	0.15
stress fiber	4	0.15
M band	4	0.15
centriolar satellite	4	0.15
dendrite cytoplasm	4	0.15
Schaffer collateral - CA1 synapse	3	0.11
male germ cell nucleus	3	0.11
U2-type catalytic step 2 spliceosome	3	0.11
vesicle	3	0.11
P-body	3	0.11
receptor complex	3	0.11
aggresome	3	0.11
centriole	3	0.11
extrinsic component of plasma membrane	3	0.11
polysomal ribosome	3	0.11
intercalated disc	3	0.11
spindle microtubule	3	0.11
chromocenter	3	0.11
U4/U6 x U5 tri-snRNP complex	3	0.11
annulate lamellae	3	0.11
recycling endosome	3	0.11
brush border	3	0.11
nuclear replication fork	3	0.11
nBAF complex	3	0.11
cytoplasmic ribonucleoprotein granule	3	0.11
striated muscle thin filament	3	0.11
microtubule organizing center	3	0.11
contractile fiber	3	0.11
proteasome core complex, alpha-subunit complex	3	0.11
Smc5-Smc6 complex	3	0.11
axon cytoplasm	3	0.11
adherens junction	3	0.11
MLL3/4 complex	3	0.11
condensed nuclear chromosome	3	0.11
filopodium	3	0.11
spindle pole	3	0.11
phagocytic vesicle	3	0.11
replication fork	3	0.11
hippocampal mossy fiber to CA3 synapse	3	0.11
terminal bouton	3	0.11
synaptic membrane	3	0.11
proteasome core complex	3	0.11
PcG protein complex	3	0.11
sarcolemma	3	0.11
ruffle membrane	3	0.11
cell cortex region	3	0.11
site of DNA damage	3	0.11
U2-type prespliceosome	3	0.11
I band	3	0.11
npBAF complex	3	0.11
small nuclear ribonucleoprotein complex	3	0.11
mitochondrial permeability transition pore complex	2	0.08
box H/ACA snoRNP complex	2	0.08
autophagosome	2	0.08
small ribosomal subunit	2	0.08
ciliary tip	2	0.08
FACT complex	2	0.08
cortical cytoskeleton	2	0.08
axonal growth cone	2	0.08
sex chromosome	2	0.08
postsynaptic membrane	2	0.08
glial cell projection	2	0.08
podosome	2	0.08
extrinsic component of membrane	2	0.08
cell junction	2	0.08
U2-type catalytic step 1 spliceosome	2	0.08
basolateral plasma membrane	2	0.08
nuclear exosome (RNase complex)	2	0.08
basement membrane	2	0.08
early endosome	2	0.08
neuron projection terminus	2	0.08
cytoplasmic microtubule	2	0.08
perichromatin fibrils	2	0.08
filamentous actin	2	0.08
cell body fiber	2	0.08
calyx of Held	2	0.08
proteasome accessory complex	2	0.08
sperm fibrous sheath	2	0.08
U2 snRNP	2	0.08
phosphopyruvate hydratase complex	2	0.08
Set1C/COMPASS complex	2	0.08
nuclear inclusion body	2	0.08
RSF complex	2	0.08
cell-cell junction	2	0.08
transcriptionally active chromatin	2	0.08
photoreceptor connecting cilium	2	0.08
mediator complex	2	0.08
apical part of cell	2	0.08
Sin3 complex	2	0.08
sarcoplasmic reticulum	2	0.08
dendritic shaft	2	0.08
nuclear periphery	2	0.08
R2TP complex	2	0.08
interchromatin granule	2	0.08
lipid droplet	2	0.08
proteasome regulatory particle	2	0.08
COPI vesicle coat	2	0.08
proton-transporting ATP synthase complex, catalytic core F(1)	2	0.08
cohesin complex	2	0.08
COPI-coated vesicle	2	0.08
spindle	2	0.08
late endosome lumen	2	0.08
GAIT complex	2	0.08
dynein complex	2	0.08
U5 snRNP	2	0.08
Ino80 complex	2	0.08
COPII vesicle coat	2	0.08
integral component of plasma membrane	2	0.08
lamin filament	2	0.08
mitochondrial membrane	2	0.08
nuclear lamina	2	0.08
NURF complex	2	0.08
presynapse	2	0.08
synaptic vesicle	2	0.08
lateral plasma membrane	2	0.08
intermediate filament cytoskeleton	2	0.08
mitochondrial proton-transporting ATP synthase complex	2	0.08
ribosome	2	0.08
sarcoplasmic reticulum membrane	2	0.08
presynaptic cytosol	2	0.08
muscle myosin complex	2	0.08
secretory granule	2	0.08
mitochondrial proton-transporting ATP synthase complex, catalytic sector F(1)	2	0.08
nuclear inner membrane	2	0.08
nuclear pore nuclear basket	2	0.08
condensed chromosome outer kinetochore	2	0.08
cell projection	2	0.08
meiotic cohesin complex	2	0.08
extrinsic component of mitochondrial outer membrane	2	0.08
COP9 signalosome	2	0.08
proton-transporting ATP synthase complex	2	0.08
large ribosomal subunit	2	0.08
ubiquitin ligase complex	2	0.08
troponin complex	2	0.08
box C/D RNP complex	2	0.08
PRC1 complex	2	0.08
apical ectoplasmic specialization	1	0.04
integrin complex	1	0.04
U11/U12 snRNP	1	0.04
box H/ACA telomerase RNP complex	1	0.04
ionotropic glutamate receptor complex	1	0.04
lateral cell cortex	1	0.04
ISWI-type complex	1	0.04
proteasome regulatory particle, lid subcomplex	1	0.04
90S preribosome	1	0.04
Sin3-type complex	1	0.04
proteasome regulatory particle, base subcomplex	1	0.04
polysome	1	0.04
lysosomal matrix	1	0.04
nuclear stress granule	1	0.04
lateral element	1	0.04
Grb2-Sos complex	1	0.04
nuclear envelope lumen	1	0.04
nuclear pore outer ring	1	0.04
SMAD protein complex	1	0.04
axolemma	1	0.04
exon-exon junction complex	1	0.04
CHRAC	1	0.04
cuticular plate	1	0.04
NSL complex	1	0.04
mitochondrial crista	1	0.04
RNA polymerase II transcription repressor complex	1	0.04
male pronucleus	1	0.04
RNA nuclear export complex	1	0.04
MOZ/MORF histone acetyltransferase complex	1	0.04
longitudinal sarcoplasmic reticulum	1	0.04
cytoplasmic side of nuclear pore	1	0.04
DNA packaging complex	1	0.04
synaptonemal complex	1	0.04
cytosolic proteasome complex	1	0.04
nascent polypeptide-associated complex	1	0.04
eukaryotic translation elongation factor 1 complex	1	0.04
basal plasma membrane	1	0.04
paraspeckles	1	0.04
Prp19 complex	1	0.04
sperm mitochondrial sheath	1	0.04
integrin alpha5-beta1 complex	1	0.04
U6 snRNP	1	0.04
microprocessor complex	1	0.04
sno(s)RNA-containing ribonucleoprotein complex	1	0.04
cytoplasmic microtubule bundle	1	0.04
actomyosin	1	0.04
stereocilium membrane	1	0.04
photoreceptor outer segment	1	0.04
immunological synapse	1	0.04
elongator holoenzyme complex	1	0.04
integrin alpha1-beta1 complex	1	0.04
mitochondrial electron transfer flavoprotein complex	1	0.04
nuclear pore cytoplasmic filaments	1	0.04
HULC complex	1	0.04
cullin-RING ubiquitin ligase complex	1	0.04
apical cortex	1	0.04
stereocilium bundle	1	0.04
postsynaptic actin cytoskeleton	1	0.04
sperm connecting piece	1	0.04
U12-type spliceosomal complex	1	0.04
integral component of mitochondrial membrane	1	0.04
nucleotide-activated protein kinase complex	1	0.04
mitotic spindle astral microtubule	1	0.04
telomerase holoenzyme complex	1	0.04
7SK snRNP	1	0.04
integrin alpha10-beta1 complex	1	0.04
transcription factor AP-1 complex	1	0.04
membrane-bounded organelle	1	0.04
photoreceptor ribbon synapse	1	0.04
integral component of peroxisomal membrane	1	0.04
RNA N6-methyladenosine methyltransferase complex	1	0.04
integrin alpha11-beta1 complex	1	0.04
ATPase complex	1	0.04
pseudopodium	1	0.04
cyclin-dependent protein kinase holoenzyme complex	1	0.04
dendritic growth cone	1	0.04
meiotic spindle	1	0.04
PCNA complex	1	0.04
U1 snRNP	1	0.04
manchette	1	0.04
ribbon synapse	1	0.04
asymmetric synapse	1	0.04
aminoacyl-tRNA synthetase multienzyme complex	1	0.04
chromatin silencing complex	1	0.04
cytoplasmic dynein complex	1	0.04
nucleoplasmic side of nuclear pore	1	0.04
multivesicular body	1	0.04
NELF complex	1	0.04
GABA-ergic synapse	1	0.04
clathrin-coated pit	1	0.04
cell leading edge	1	0.04
succinate-CoA ligase complex (ADP-forming)	1	0.04
neuron spine	1	0.04
dendritic spine neck	1	0.04
MICOS complex	1	0.04
rough endoplasmic reticulum membrane	1	0.04
cytoplasmic exosome (RNase complex)	1	0.04
TAP complex	1	0.04
clathrin-sculpted gamma-aminobutyric acid transport vesicle membrane	1	0.04
apical junction complex	1	0.04
Flemming body	1	0.04
ciliary basal body	1	0.04
hemidesmosome	1	0.04
glycinergic synapse	1	0.04
cardiac myofibril	1	0.04
mitochondrial fatty acid beta-oxidation multienzyme complex	1	0.04
condensed chromosome, centromeric region	1	0.04
early endosome membrane	1	0.04
myosin V complex	1	0.04
presynaptic active zone	1	0.04
presynaptic membrane	1	0.04
integrator complex	1	0.04
protein phosphatase type 2A complex	1	0.04
extrinsic component of endoplasmic reticulum membrane	1	0.04
sperm head	1	0.04
ciliary membrane	1	0.04
CAF-1 complex	1	0.04
ciliary transition zone	1	0.04
RNA polymerase III complex	1	0.04
nuclear meiotic cohesin complex	1	0.04
microtubule bundle	1	0.04
DNA topoisomerase type II (double strand cut, ATP-hydrolyzing) complex	1	0.04
CLOCK-BMAL transcription complex	1	0.04
presynaptic active zone cytoplasmic component	1	0.04
endoplasmic reticulum exit site	1	0.04
sodium:potassium-exchanging ATPase complex	1	0.04
zymogen granule	1	0.04
plasma membrane bounded cell projection	1	0.04
kinesin complex	1	0.04
distal portion of axoneme	1	0.04
endomembrane system	1	0.04
ciliary rootlet	1	0.04
inhibitory synapse	1	0.04
transcription elongation factor complex	1	0.04
late endosome	1	0.04
integrin alpha9-beta1 complex	1	0.04
Cul3-RING ubiquitin ligase complex	1	0.04
coated vesicle	1	0.04
microvillus	1	0.04
polar microtubule	1	0.04
tubulin complex	1	0.04
dynactin complex	1	0.04
desmosome	1	0.04
respirasome	1	0.04
PCNA-p21 complex	1	0.04
Barr body	1	0.04
intermediate filament	1	0.04
trans-Golgi network membrane	1	0.04
integral component of synaptic membrane	1	0.04
immunoglobulin complex	1	0.04
cAMP-dependent protein kinase complex	1	0.04
pre-snoRNP complex	1	0.04
outer dynein arm	1	0.04
integrin alpha3-beta1 complex	1	0.04
postsynaptic specialization membrane	1	0.04
stereocilium	1	0.04
Derlin-1 retrotranslocation complex	1	0.04
activin responsive factor complex	1	0.04
myelin sheath abaxonal region	1	0.04
U4 snRNP	1	0.04
vesicle membrane	1	0.04
female pronucleus	1	0.04
MMXD complex	1	0.04
transferase complex	1	0.04
spindle pole centrosome	1	0.04
cortical microtubule	1	0.04
lipopolysaccharide receptor complex	1	0.04
transcription export complex	1	0.04
kainate selective glutamate receptor complex	1	0.04
integral component of postsynaptic membrane	1	0.04
cytoplasmic periphery of the nuclear pore complex	1	0.04
small-subunit processome	1	0.04
plasma membrane raft	1	0.04
procollagen-proline 4-dioxygenase complex	1	0.04
integral component of presynaptic membrane	1	0.04
proteasome activator complex	1	0.04
postsynaptic cytosol	1	0.04
9+2 motile cilium	1	0.04
integrin alpha2-beta1 complex	1	0.04
BRCA2-BRAF35 complex	1	0.04
messenger ribonucleoprotein complex	1	0.04
integrin alpha7-beta1 complex	1	0.04
microtubule plus-end	1	0.04
endosome membrane	1	0.04
late endosome membrane	1	0.04
cytoplasmic vesicle membrane	1	0.04
exosome (RNase complex)	1	0.04
GATOR2 complex	1	0.04
tight junction	1	0.04
dendritic spine head	1	0.04
pyruvate kinase complex	1	0.04
calcium ion-transporting ATPase complex	1	0.04
endocytic vesicle	1	0.04
spectrin	1	0.04
H zone	1	0.04
chaperone complex	1	0.04
SUMO activating enzyme complex	1	0.04
pericentriolar material	1	0.04
dense core granule	1	0.04
cortical actin cytoskeleton	1	0.04
microtubule minus-end	1	0.04
ciliary base	1	0.04
brush border membrane	1	0.04
outer dense fiber	1	0.04
dense body	1	0.04
sarcoplasmic reticulum lumen	1	0.04
sumoylated E2 ligase complex	1	0.04
VCP-NSFL1C complex	1	0.04
MHC class I peptide loading complex	1	0.04
dense fibrillar component	1	0.04
intraciliary transport particle A	1	0.04
VCP-NPL4-UFD1 AAA ATPase complex	1	0.04
intraciliary transport particle B	1	0.04
heteromeric SMAD protein complex	1	0.04
smooth endoplasmic reticulum membrane	1	0.04
chromosome, subtelomeric region	1	0.04
RSC-type complex	1	0.04
9+0 non-motile cilium	1	0.04
tricarboxylic acid cycle enzyme complex	1	0.04
succinate-CoA ligase complex (GDP-forming)	1	0.04
sperm plasma membrane	1	0.04
post-mRNA release spliceosomal complex	1	0.04
CatSper complex	1	0.04
extrinsic component of cytoplasmic side of plasma membrane	1	0.04
endothelial microparticle	1	0.04
Golgi cisterna	1	0.04
mitotic spindle midzone	1	0.04
