Accession	GO_C_term
UniRef90_UniRef90_Q7KS14	None
UniRef90_UniRef90_M9PBI9	None
UniRef90_UniRef90_Q9VE63	None
UniRef90_UniRef90_M9MRQ6	None
UniRef90_UniRef90_Q1WWG8	None
UniRef90_UniRef90_Q9W2D0	None
UniRef90_UniRef90_Q8T386	None
UniRef90_UniRef90_A4IJ54	None
UniRef90_UniRef90_Q8IRK9	None
UniRef90_UniRef90_O76894	None
UniRef90_UniRef90_L0MPZ1	None
UniRef90_UniRef90_J7JVR0	None
UniRef90_UniRef90_Q8SXT7	None
UniRef90_UniRef90_Q7JXX2	None
UniRef90_UniRef90_Q7YZ91	None
UniRef90_UniRef90_Q9V9Y7	None
UniRef90_UniRef90_Q8T4A9	None
UniRef90_UniRef90_Q6AWS2	None
UniRef90_UniRef90_M9NGX0	None
UniRef90_UniRef90_A1ZBL7	None
UniRef90_UniRef90_Q1WWF2	None
UniRef90_UniRef90_R9PY35	None
UniRef90_UniRef90_D4G7B3	None
UniRef90_UniRef90_Q963E5	None
UniRef90_UniRef90_Q6NLN4	None
UniRef90_UniRef90_M9PEA0	None
UniRef90_UniRef90_Q8T464	None
UniRef90_UniRef90_M9PEA9	None
UniRef90_UniRef90_Q960Q9	None
UniRef90_UniRef90_Q8IQ71	None
UniRef90_UniRef90_Q95RV6	None
UniRef90_UniRef90_Q9VYU0	None
UniRef90_UniRef90_M9PH78	None
UniRef90_UniRef90_Q961L2	None
UniRef90_UniRef90_A0A0B4K621	None
UniRef90_UniRef90_Q9VHB0	None
UniRef90_UniRef90_Q9VG72	None
UniRef90_UniRef90_Q9VKH9	None
UniRef90_UniRef90_Q9VT91	None
UniRef90_UniRef90_Q8IPR0	None
UniRef90_UniRef90_Q8MZ73	None
UniRef90_UniRef90_Q9VQV0	None
UniRef90_UniRef90_Q8T3L3	None
UniRef90_UniRef90_Q8SWV9	None
UniRef90_UniRef90_A0A0B4KF38	None
UniRef90_UniRef90_P51521-3	None
UniRef90_UniRef90_M9PDS3	None
UniRef90_UniRef90_Q8IHF0	None
UniRef90_UniRef90_M9PDM9	None
UniRef90_UniRef90_Q8T6L9	None
UniRef90_UniRef90_Q7KTF6	None
UniRef90_UniRef90_C4IXX6	None
UniRef90_UniRef90_Q95TV3	None
UniRef90_UniRef90_Q8SY26	None
UniRef90_UniRef90_Q9W2V3	None
UniRef90_UniRef90_C3KGP2	None
UniRef90_UniRef90_Q8MRH2	None
UniRef90_UniRef90_Q1RKX0	None
UniRef90_UniRef90_A0A0B4K7V8	None
UniRef90_UniRef90_Q9VEF1	None
UniRef90_UniRef90_Q9VEF4	None
UniRef90_UniRef90_Q9VRV6	None
UniRef90_UniRef90_Q9VTV3	None
UniRef90_UniRef90_Q5BI37	None
UniRef90_UniRef90_Q8SZ20	None
UniRef90_UniRef90_P10180	None
UniRef90_UniRef90_Q9W3M7	None
UniRef90_UniRef90_A0A0B4K6J1	None
UniRef90_UniRef90_M9PFZ1	None
UniRef90_UniRef90_Q9I7U4-4	None
UniRef90_UniRef90_Q9I7U4-3	None
UniRef90_UniRef90_Q8SX40	None
UniRef90_UniRef90_Q8MSE5	None
UniRef90_UniRef90_B1PF99	None
UniRef90_UniRef90_X2JG10	None
UniRef90_UniRef90_F6JBJ6	None
UniRef90_UniRef90_X2JFQ1	None
UniRef90_UniRef90_E1JII8	None
UniRef90_UniRef90_Q70GQ8	None
UniRef90_UniRef90_P29617	None
UniRef90_UniRef90_A0A0A1EI90	None
UniRef90_UniRef90_Q95TP3	None
UniRef90_UniRef90_C5WLM0	None
UniRef90_UniRef90_Q9W240	None
UniRef90_UniRef90_C9QPE3	None
UniRef90_UniRef90_Q24458	None
UniRef90_UniRef90_Q5U0W3	None
UniRef90_UniRef90_H9BVD3	None
UniRef90_UniRef90_D1Z3A5	None
UniRef90_UniRef90_Q9VLV3	None
UniRef90_UniRef90_Q9VR49	None
UniRef90_UniRef90_Q6NNW4	None
UniRef90_UniRef90_A0A0B4K6Z1	None
UniRef90_UniRef90_Q8IR39	None
UniRef90_UniRef90_Q8IH37	None
UniRef90_UniRef90_Q8WSS9	None
UniRef90_UniRef90_Q52KA7	None
UniRef90_UniRef90_Q8IG87	None
UniRef90_UniRef90_Q7PL81	None
UniRef90_UniRef90_A8JUM5	None
UniRef90_UniRef90_Q9VQF5	None
UniRef90_UniRef90_B8A411	None
UniRef90_UniRef90_Q9U9P6	None
UniRef90_UniRef90_Q9I7T6	None
UniRef90_UniRef90_Q9VV52	None
UniRef90_UniRef90_Q9VIS7	None
UniRef90_UniRef90_M9WKL1	None
UniRef90_UniRef90_C0PUY1	None
UniRef90_UniRef90_Q9VGG3	None
UniRef90_UniRef90_B0AZK4	None
UniRef90_UniRef90_Q8IR22	None
UniRef90_UniRef90_Q8I6B6	None
UniRef90_UniRef90_H5V8G4	None
UniRef90_UniRef90_Q8IG96	None
UniRef90_UniRef90_Q8MSN5	None
UniRef90_UniRef90_Q8IPH6	None
UniRef90_UniRef90_E1JH10	None
UniRef90_UniRef90_Q9VPS3	None
UniRef90_UniRef90_B1PGL5	None
UniRef90_UniRef90_Q8MS01	None
UniRef90_UniRef90_Q9VNX6	None
UniRef90_UniRef90_Q8IR52	None
UniRef90_UniRef90_F0JAF7	None
UniRef90_UniRef90_Q8IH15	None
UniRef90_UniRef90_Q4V546	None
UniRef90_UniRef90_A8WHJ7	None
UniRef90_UniRef90_Q9I7U4	None
UniRef90_UniRef90_M9MS86	None
UniRef90_UniRef90_M9PGH1	None
UniRef90_UniRef90_Q9VQ00	None
UniRef90_UniRef90_Q9VPR2	None
UniRef90_UniRef90_Q8MTU5	None
UniRef90_UniRef90_Q4V713	None
UniRef90_UniRef90_Q8MS11	None
UniRef90_UniRef90_O76910	None
UniRef90_UniRef90_D0UGE6	None
UniRef90_UniRef90_Q8IGJ3	None
UniRef90_UniRef90_M9PEI6	None
UniRef90_UniRef90_E0R905	None
UniRef90_UniRef90_Q8IGK0	None
UniRef90_UniRef90_M9PGI0	None
UniRef90_UniRef90_Q6NP70	None
UniRef90_UniRef90_Q4V6I0	None
UniRef90_UniRef90_B6IDU8	None
UniRef90_UniRef90_Q5U187	None
UniRef90_UniRef90_Q8T0K8	None
UniRef90_UniRef90_Q8IMG3	None
UniRef90_UniRef90_A1Z7F4	None
UniRef90_UniRef90_Q9NCL3	None
UniRef90_UniRef90_M9PCU0	None
UniRef90_UniRef90_A0A0B4LFX8	None
UniRef90_UniRef90_Q4V703	None
UniRef90_UniRef90_Q9VTN2	None
UniRef90_UniRef90_P30189	None
UniRef90_UniRef90_Q9W1W2	None
UniRef90_UniRef90_Q8IR98	None
UniRef90_UniRef90_Q8T3J5	None
UniRef90_UniRef90_O76280	None
UniRef90_UniRef90_O76281	None
UniRef90_UniRef90_M9PBZ3	None
UniRef90_UniRef90_D2NUG4	None
UniRef90_UniRef90_E1JH68	None
UniRef90_UniRef90_D1Z370	None
UniRef90_UniRef90_M9PC90	None
UniRef90_UniRef90_Q961E0	None
UniRef90_UniRef90_Q961E2	None
UniRef90_UniRef90_Q9V3X8	None
UniRef90_UniRef90_Q9TW62	None
UniRef90_UniRef90_Q9W539	None
UniRef90_UniRef90_Q8T404	None
UniRef90_UniRef90_Q9W5F2	None
UniRef90_UniRef90_Q6NP52	None
UniRef90_UniRef90_A1ZA72	None
UniRef90_UniRef90_Q8T3I5	None
UniRef90_UniRef90_Q59DN7	None
UniRef90_UniRef90_M9PDZ6	None
UniRef90_UniRef90_M9PDZ9	None
UniRef90_UniRef90_Q6NR91	None
UniRef90_UniRef90_X2JJ56	None
UniRef90_UniRef90_Q9XYZ6	None
UniRef90_UniRef90_Q1RKV5	None
UniRef90_UniRef90_Q9VUB3	None
UniRef90_UniRef90_Q8T0U0	None
UniRef90_UniRef90_Q9W5W8	None
UniRef90_UniRef90_C9QPB4	None
UniRef90_UniRef90_Q8IGI9	None
UniRef90_UniRef90_Q9VTL0	None
UniRef90_UniRef90_Q9VKI0	None
UniRef90_UniRef90_Q9W2Y5	None
UniRef90_UniRef90_P91639	None
UniRef90_UniRef90_M9PD87	None
UniRef90_UniRef90_Q9VIY5	None
UniRef90_UniRef90_Q8MRC3	None
UniRef90_UniRef90_Q1RKW2	None
UniRef90_UniRef90_Q00G33	None
UniRef90_UniRef90_Q9VWK5	None
UniRef90_UniRef90_C1C3H5	None
UniRef90_UniRef90_Q9U9D0	None
