GO_F_term	Count	% Proportion
identical protein binding	99	3.90
DNA binding	94	3.70
RNA polymerase II cis-regulatory region sequence-specific DNA binding	87	3.43
ATP binding	77	3.03
metal ion binding	72	2.84
chromatin binding	59	2.32
DNA-binding transcription factor activity, RNA polymerase II-specific	54	2.13
zinc ion binding	52	2.05
DNA-binding transcription factor activity	49	1.93
sequence-specific DNA binding	44	1.73
sequence-specific double-stranded DNA binding	43	1.69
protein-containing complex binding	38	1.50
DNA-binding transcription activator activity, RNA polymerase II-specific	37	1.46
RNA binding	35	1.38
DNA-binding transcription repressor activity, RNA polymerase II-specific	33	1.30
ATPase activity	31	1.22
transcription factor binding	31	1.22
enzyme binding	30	1.18
RNA polymerase II transcription regulatory region sequence-specific DNA binding	29	1.14
protein domain specific binding	26	1.02
double-stranded DNA binding	25	0.98
transcription regulatory region sequence-specific DNA binding	25	0.98
protein heterodimerization activity	23	0.91
ubiquitin protein ligase binding	22	0.87
protein homodimerization activity	20	0.79
histone binding	20	0.79
transcription coactivator activity	19	0.75
transcription corepressor activity	19	0.75
mRNA binding	18	0.71
histone deacetylase binding	16	0.63
nuclear receptor activity	15	0.59
protein kinase binding	14	0.55
calcium ion binding	14	0.55
structural constituent of ribosome	13	0.51
unfolded protein binding	13	0.51
magnesium ion binding	12	0.47
protein C-terminus binding	12	0.47
chromatin DNA binding	11	0.43
GTP binding	11	0.43
NAD binding	11	0.43
transcription coregulator activity	10	0.39
calmodulin binding	9	0.35
actin filament binding	9	0.35
protein folding chaperone	9	0.35
RNA polymerase II transcription factor binding	8	0.32
ubiquitin-protein transferase activity	8	0.32
GTPase activity	8	0.32
promoter-specific chromatin binding	8	0.32
p53 binding	8	0.32
heat shock protein binding	8	0.32
protein kinase activity	8	0.32
nucleosomal DNA binding	8	0.32
ADP binding	8	0.32
methylated histone binding	8	0.32
protein serine kinase activity	7	0.28
SUMO transferase activity	7	0.28
protein-macromolecule adaptor activity	7	0.28
protein threonine kinase activity	7	0.28
structural constituent of cytoskeleton	7	0.28
signaling receptor binding	6	0.24
RNA helicase activity	6	0.24
protein N-terminus binding	6	0.24
phospholipid binding	6	0.24
nucleosome-dependent ATPase activity	6	0.24
protein dimerization activity	6	0.24
chaperone binding	6	0.24
protein self-association	6	0.24
SMAD binding	6	0.24
steroid hormone receptor activity	6	0.24
protein serine/threonine kinase activity	6	0.24
steroid binding	6	0.24
protease binding	6	0.24
actin binding	6	0.24
cis-regulatory region sequence-specific DNA binding	6	0.24
RNA polymerase II repressing transcription factor binding	5	0.20
single-stranded DNA binding	5	0.20
beta-catenin binding	5	0.20
kinase activity	5	0.20
nucleic acid binding	5	0.20
estrogen receptor binding	5	0.20
endopeptidase activity	5	0.20
heme binding	5	0.20
TBP-class protein binding	5	0.20
nuclear receptor binding	5	0.20
ATPase binding	5	0.20
microtubule binding	5	0.20
activating transcription factor binding	5	0.20
kinase binding	5	0.20
disordered domain specific binding	5	0.20
ubiquitin-like protein ligase binding	4	0.16
antioxidant activity	4	0.16
microfilament motor activity	4	0.16
ubiquitin protein ligase activity	4	0.16
methyl-CpG binding	4	0.16
bile acid binding	4	0.16
translation elongation factor activity	4	0.16
MHC class I protein binding	4	0.16
histone acetyltransferase activity	4	0.16
NADP binding	4	0.16
DNA-dependent ATPase activity	4	0.16
double-stranded RNA binding	4	0.16
protein phosphatase binding	4	0.16
fructose-bisphosphate aldolase activity	4	0.16
dioxygenase activity	4	0.16
potassium ion binding	4	0.16
peroxidase activity	4	0.16
RNA polymerase II core promoter sequence-specific DNA binding	4	0.16
ribonucleoprotein complex binding	4	0.16
protein tag	4	0.16
U6 snRNA binding	4	0.16
lysine-acetylated histone binding	4	0.16
mRNA 3'-UTR binding	4	0.16
nuclear receptor coactivator activity	4	0.16
small GTPase binding	4	0.16
GTPase binding	4	0.16
helicase activity	4	0.16
DNA helicase activity	4	0.16
thyroid hormone receptor binding	4	0.16
alditol:NADP+ 1-oxidoreductase activity	4	0.16
protein kinase C binding	4	0.16
D-threo-aldose 1-dehydrogenase activity	4	0.16
acetyl-CoA C-acyltransferase activity	4	0.16
nucleosome binding	4	0.16
misfolded protein binding	3	0.12
nucleotide binding	3	0.12
retinoid X receptor binding	3	0.12
dynein intermediate chain binding	3	0.12
protein disulfide isomerase activity	3	0.12
L-lactate dehydrogenase activity	3	0.12
steroid dehydrogenase activity	3	0.12
scaffold protein binding	3	0.12
structural molecule activity	3	0.12
glutamate binding	3	0.12
actin-dependent ATPase activity	3	0.12
histone demethylase activity (H3-trimethyl-K4 specific)	3	0.12
calcium-dependent protein binding	3	0.12
protein tyrosine kinase activity	3	0.12
peptide disulfide oxidoreductase activity	3	0.12
histone demethylase activity	3	0.12
calcium transmembrane transporter activity, phosphorylative mechanism	3	0.12
nuclear localization sequence binding	3	0.12
GDP binding	3	0.12
peroxiredoxin activity	3	0.12
peptide binding	3	0.12
acetyl-CoA C-acetyltransferase activity	3	0.12
DNA polymerase binding	3	0.12
androgen receptor binding	3	0.12
ketosteroid monooxygenase activity	3	0.12
thioredoxin peroxidase activity	3	0.12
androsterone dehydrogenase activity	3	0.12
integrin binding	3	0.12
damaged DNA binding	3	0.12
JUN kinase binding	3	0.12
protein tyrosine kinase binding	3	0.12
cytoskeletal protein binding	3	0.12
ion channel binding	3	0.12
aldehyde dehydrogenase (NAD+) activity	3	0.12
TFIID-class transcription factor complex binding	3	0.12
C2H2 zinc finger domain binding	3	0.12
receptor tyrosine kinase binding	3	0.12
dATP binding	3	0.12
histone-lysine N-methyltransferase activity	3	0.12
histone deacetylase activity	3	0.12
small protein activating enzyme binding	3	0.12
ATP:ADP antiporter activity	2	0.08
RNA polymerase II transcription corepressor binding	2	0.08
protein deacetylase activity	2	0.08
calcium-dependent phospholipid binding	2	0.08
Hsp70 protein binding	2	0.08
drug binding	2	0.08
5'-3' DNA helicase activity	2	0.08
calcium-dependent ATPase activity	2	0.08
ubiquitin-specific protease binding	2	0.08
AMP binding	2	0.08
retinal dehydrogenase activity	2	0.08
manganese ion binding	2	0.08
copper ion binding	2	0.08
MRF binding	2	0.08
proline-rich region binding	2	0.08
amyloid-beta binding	2	0.08
insulin binding	2	0.08
mediator complex binding	2	0.08
aminoacylase activity	2	0.08
ubiquitin-like protein conjugating enzyme binding	2	0.08
actin monomer binding	2	0.08
structural constituent of postsynaptic actin cytoskeleton	2	0.08
proton-transporting ATP synthase activity, rotational mechanism	2	0.08
box H/ACA snoRNA binding	2	0.08
small molecule binding	2	0.08
oxidative phosphorylation uncoupler activity	2	0.08
pristanate-CoA ligase activity	2	0.08
phytanate-CoA ligase activity	2	0.08
SUMO binding	2	0.08
electron transfer activity	2	0.08
troponin I binding	2	0.08
E-box binding	2	0.08
oxidoreductase activity	2	0.08
ligand-gated ion channel activity	2	0.08
lipid binding	2	0.08
ankyrin binding	2	0.08
peptidyl-prolyl cis-trans isomerase activity	2	0.08
phosphatase activity	2	0.08
oxidoreductase activity, acting on NAD(P)H, quinone or similar compound as acceptor	2	0.08
tau protein binding	2	0.08
peptide hormone binding	2	0.08
Tat protein binding	2	0.08
histone methyltransferase activity	2	0.08
iron ion binding	2	0.08
chromo shadow domain binding	2	0.08
rRNA binding	2	0.08
DNA topoisomerase activity	2	0.08
phosphopyruvate hydratase activity	2	0.08
retinoic acid-responsive element binding	2	0.08
NAD-dependent histone deacetylase activity (H3-K14 specific)	2	0.08
thiol-dependent ubiquitin-specific protease activity	2	0.08
structural constituent of muscle	2	0.08
alpha-actinin binding	2	0.08
collagen binding	2	0.08
NF-kappaB binding	2	0.08
dynein complex binding	2	0.08
kinesin binding	2	0.08
RNA polymerase II activating transcription factor binding	2	0.08
modification-dependent protein binding	2	0.08
histone demethylase activity (H3-dimethyl-K4 specific)	2	0.08
protein-cysteine S-palmitoyltransferase activity	2	0.08
glyceraldehyde-3-phosphate dehydrogenase (NAD+) (non-phosphorylating) activity	2	0.08
monosaccharide binding	2	0.08
muscle alpha-actinin binding	2	0.08
cholesterol binding	2	0.08
SH3 domain binding	2	0.08
dynein light intermediate chain binding	2	0.08
DNA topoisomerase type II (double strand cut, ATP-hydrolyzing) activity	2	0.08
acetyltransferase activity	2	0.08
ubiquitin binding	2	0.08
histone methyltransferase activity (H3-K4 specific)	2	0.08
aldo-keto reductase (NADP) activity	2	0.08
histone methyltransferase activity (H3-K9 specific)	2	0.08
transcription coactivator binding	2	0.08
RS domain binding	2	0.08
ubiquitin conjugating enzyme binding	2	0.08
supercoiled DNA binding	2	0.08
angiostatin binding	2	0.08
histone acetyltransferase binding	2	0.08
acetyl-CoA C-myristoyltransferase activity	2	0.08
ribosome binding	2	0.08
transcription coregulator binding	2	0.08
motor activity	2	0.08
proton-exporting ATPase activity, phosphorylative mechanism	2	0.08
thyroid hormone binding	2	0.08
histone methyltransferase activity (H3-K27 specific)	2	0.08
long-chain fatty acid-CoA ligase activity	2	0.08
pyruvate kinase activity	2	0.08
signaling receptor activity	2	0.08
repressing transcription factor binding	2	0.08
Krueppel-associated box domain binding	2	0.08
actinin binding	2	0.08
R-SMAD binding	2	0.08
long-chain fatty acid transporter activity	2	0.08
arachidonate-CoA ligase activity	2	0.08
U5 snRNA binding	2	0.08
cysteine-type endopeptidase activity	2	0.08
histone demethylase activity (H3-K4 specific)	2	0.08
phosphatidylserine binding	2	0.08
structural constituent of nuclear pore	2	0.08
LBD domain binding	2	0.08
retinoic acid receptor binding	2	0.08
DNA binding domain binding	2	0.08
proton transmembrane transporter activity	2	0.08
fructose binding	2	0.08
Hsp90 protein binding	2	0.08
fatty-acyl-CoA binding	2	0.08
RNA polymerase II complex binding	2	0.08
polyubiquitin modification-dependent protein binding	2	0.08
aryl sulfotransferase activity	1	0.04
metalloendopeptidase activity	1	0.04
ethanol binding	1	0.04
U1 snRNA binding	1	0.04
aspartic-type endopeptidase inhibitor activity	1	0.04
heparan sulfate binding	1	0.04
methyltransferase activity	1	0.04
arginase activity	1	0.04
oxysterol binding	1	0.04
transcription regulator activator activity	1	0.04
TFIIB-class transcription factor binding	1	0.04
phosphatidylinositol 3-kinase regulator activity	1	0.04
3-hydroxyacyl-CoA dehydrogenase activity	1	0.04
ligand-activated transcription factor activity	1	0.04
signaling adaptor activity	1	0.04
peptidyl-cysteine S-nitrosylase activity	1	0.04
DNA-directed 5'-3' RNA polymerase activity	1	0.04
troponin C binding	1	0.04
CTP binding	1	0.04
phosphatidylinositol binding	1	0.04
prostaglandin binding	1	0.04
mRNA 3'-UTR AU-rich region binding	1	0.04
SUMO ligase activity	1	0.04
D1 dopamine receptor binding	1	0.04
5alpha-androstane-3beta,17beta-diol dehydrogenase activity	1	0.04
tubulin binding	1	0.04
cytokine activity	1	0.04
kainate selective glutamate receptor activity	1	0.04
methylmalonate-semialdehyde dehydrogenase (acylating) activity	1	0.04
core promoter sequence-specific DNA binding	1	0.04
opioid peptide activity	1	0.04
thiolester hydrolase activity	1	0.04
glycine binding	1	0.04
glucuronolactone reductase activity	1	0.04
telomerase RNA binding	1	0.04
protein phosphatase regulator activity	1	0.04
fatty acid binding	1	0.04
beta-tubulin binding	1	0.04
acyl-CoA hydrolase activity	1	0.04
protein-lysine N-methyltransferase activity	1	0.04
phosphoglycolate phosphatase activity	1	0.04
translation activator activity	1	0.04
G protein-coupled receptor binding	1	0.04
alcohol dehydrogenase (NADP+) activity	1	0.04
cAMP response element binding	1	0.04
steroid hydroxylase activity	1	0.04
protein kinase B binding	1	0.04
nitric-oxide synthase binding	1	0.04
gluconolactonase activity	1	0.04
glutathione peroxidase activity	1	0.04
importin-alpha family protein binding	1	0.04
modified amino acid binding	1	0.04
PDZ domain binding	1	0.04
cholate-CoA ligase activity	1	0.04
low-density lipoprotein particle receptor binding	1	0.04
adenyl nucleotide binding	1	0.04
protein-membrane adaptor activity	1	0.04
protein antigen binding	1	0.04
testosterone 17-beta-dehydrogenase (NADP+) activity	1	0.04
sulfonylurea receptor binding	1	0.04
sodium:potassium:chloride symporter activity	1	0.04
box H/ACA snoRNP complex binding	1	0.04
carbonate dehydratase activity	1	0.04
catalase activity	1	0.04
oleoyl-CoA ligase activity	1	0.04
methylenetetrahydrofolate dehydrogenase (NAD+) activity	1	0.04
beta-ureidopropionase activity	1	0.04
dynein light chain binding	1	0.04
protein phosphatase activator activity	1	0.04
phosphoprotein binding	1	0.04
RNA-dependent ATPase activity	1	0.04
adenylate kinase activity	1	0.04
phosphatidylinositol-4,5-bisphosphate binding	1	0.04
glucocorticoid receptor activity	1	0.04
RNA polymerase II CTD heptapeptide repeat kinase activity	1	0.04
amino acid binding	1	0.04
L-glucuronate reductase activity	1	0.04
endopeptidase inhibitor activity	1	0.04
HLH domain binding	1	0.04
protein phosphatase 2A binding	1	0.04
peroxynitrite reductase activity	1	0.04
nucleoside diphosphate kinase activity	1	0.04
L-iditol 2-dehydrogenase activity	1	0.04
snoRNA binding	1	0.04
MutLalpha complex binding	1	0.04
K63-linked polyubiquitin modification-dependent protein binding	1	0.04
methylenetetrahydrofolate dehydrogenase [NAD(P)+] activity	1	0.04
hydroxymethyl-, formyl- and related transferase activity	1	0.04
S100 protein binding	1	0.04
ribosomal small subunit binding	1	0.04
protein-RNA adaptor activity	1	0.04
glutathione transferase activity	1	0.04
intermediate filament binding	1	0.04
isocitrate dehydrogenase (NADP+) activity	1	0.04
POZ domain binding	1	0.04
RNA stem-loop binding	1	0.04
beta-N-acetylglucosaminidase activity	1	0.04
hydro-lyase activity	1	0.04
MIT domain binding	1	0.04
sterol binding	1	0.04
phosphatidylcholine binding	1	0.04
steroid dehydrogenase activity, acting on the CH-OH group of donors, NAD or NADP as acceptor	1	0.04
protein kinase A catalytic subunit binding	1	0.04
cyclin binding	1	0.04
fructose-1-phosphate aldolase activity	1	0.04
delta3,5-delta2,4-dienoyl-CoA isomerase activity	1	0.04
urate oxidase activity	1	0.04
pre-mRNA 3'-splice site binding	1	0.04
phenanthrene 9,10-monooxygenase activity	1	0.04
lutropin-choriogonadotropic hormone receptor binding	1	0.04
long-chain-3-hydroxyacyl-CoA dehydrogenase activity	1	0.04
histone methyltransferase activity (H4-K20 specific)	1	0.04
methylglyoxal reductase (NADPH-dependent, acetol producing)	1	0.04
large ribosomal subunit rRNA binding	1	0.04
glutamate receptor activity	1	0.04
glutamate decarboxylase activity	1	0.04
NADPH binding	1	0.04
[protein]-3-O-(N-acetyl-D-glucosaminyl)-L-serine O-N-acetyl-alpha-D-glucosaminase activity	1	0.04
very long-chain fatty acid-CoA ligase activity	1	0.04
alpha-2A adrenergic receptor binding	1	0.04
isocitrate dehydrogenase activity	1	0.04
RNA polymerase II transcription coactivator binding	1	0.04
RING-like zinc finger domain binding	1	0.04
glucose-6-phosphate isomerase activity	1	0.04
proton-transporting ATPase activity, rotational mechanism	1	0.04
ubiquitinyl hydrolase activity	1	0.04
NADHX epimerase activity	1	0.04
S-adenosyl-L-methionine binding	1	0.04
enoyl-CoA hydratase activity	1	0.04
omega peptidase activity	1	0.04
ligase activity	1	0.04
metallopeptidase activity	1	0.04
acetyl-CoA hydrolase activity	1	0.04
exonuclease activity	1	0.04
poly(A) binding	1	0.04
toxic substance binding	1	0.04
G protein-coupled receptor activity	1	0.04
beta-endorphin binding	1	0.04
transcription corepressor binding	1	0.04
FHA domain binding	1	0.04
formate-tetrahydrofolate ligase activity	1	0.04
L-xylulose reductase (NADP+) activity	1	0.04
SUMO-specific isopeptidase activity	1	0.04
potassium:chloride symporter activity	1	0.04
U2 snRNA binding	1	0.04
cAMP response element binding protein binding	1	0.04
protein tyrosine phosphatase activity	1	0.04
acylphosphatase activity	1	0.04
C-acetyltransferase activity	1	0.04
peptidase activity	1	0.04
carboxylic acid binding	1	0.04
malonate-semialdehyde dehydrogenase (acetylating) activity	1	0.04
oxidoreductase activity, acting on peroxide as acceptor	1	0.04
cell adhesion molecule binding	1	0.04
7SK snRNA binding	1	0.04
long-chain-enoyl-CoA hydratase activity	1	0.04
selenocysteine insertion sequence binding	1	0.04
dinucleotide insertion or deletion binding	1	0.04
methenyltetrahydrofolate cyclohydrolase activity	1	0.04
allyl-alcohol dehydrogenase activity	1	0.04
lithocholic acid binding	1	0.04
ATP-dependent protein binding	1	0.04
ligand-gated ion channel activity involved in regulation of presynaptic membrane potential	1	0.04
extracellularly glutamate-gated ion channel activity	1	0.04
ATP-dependent microtubule motor activity, minus-end-directed	1	0.04
telethonin binding	1	0.04
phosphatidylcholine transfer activity	1	0.04
bHLH transcription factor binding	1	0.04
L-malate dehydrogenase activity	1	0.04
alcohol dehydrogenase activity, zinc-dependent	1	0.04
glyceraldehyde-3-phosphate dehydrogenase (NAD+) (phosphorylating) activity	1	0.04
hydrolase activity	1	0.04
peroxisome targeting sequence binding	1	0.04
estradiol 17-beta-dehydrogenase activity	1	0.04
L-aminoadipate-semialdehyde dehydrogenase activity	1	0.04
enzyme regulator activity	1	0.04
adenosylhomocysteinase activity	1	0.04
A1 adenosine receptor binding	1	0.04
cAMP-dependent protein kinase inhibitor activity	1	0.04
microtubule lateral binding	1	0.04
glucocorticoid receptor binding	1	0.04
folic acid binding	1	0.04
lipoprotein particle receptor activity	1	0.04
DNA binding, bending	1	0.04
fibroblast growth factor binding	1	0.04
glutamate-ammonia ligase activity	1	0.04
hydrolase activity, acting on carbon-nitrogen (but not peptide) bonds	1	0.04
3'-5' DNA helicase activity	1	0.04
tRNA binding	1	0.04
5S rRNA binding	1	0.04
nickel cation binding	1	0.04
MAP kinase activity	1	0.04
oleic acid binding	1	0.04
C3HC4-type RING finger domain binding	1	0.04
retinol dehydrogenase activity	1	0.04
siRNA binding	1	0.04
uroporphyrinogen decarboxylase activity	1	0.04
microtubule minus-end binding	1	0.04
DNA topoisomerase binding	1	0.04
histone demethylase activity (H3-K27 specific)	1	0.04
phosphoglycerate mutase activity	1	0.04
SUMO conjugating enzyme activity	1	0.04
chromatin insulator sequence binding	1	0.04
D-xylulose reductase activity	1	0.04
four-way junction DNA binding	1	0.04
collagen binding involved in cell-matrix adhesion	1	0.04
adenine nucleotide transmembrane transporter activity	1	0.04
superoxide dismutase activity	1	0.04
glycolipid binding	1	0.04
poly(U) RNA binding	1	0.04
lipopolysaccharide binding	1	0.04
palmitoyltransferase activity	1	0.04
calcium-transporting ATPase activity involved in regulation of cardiac muscle cell membrane potential	1	0.04
sulfate binding	1	0.04
NADP+ binding	1	0.04
deacetylase activity	1	0.04
NADH binding	1	0.04
flavin adenine dinucleotide binding	1	0.04
chondroitin sulfate binding	1	0.04
MAP-kinase scaffold activity	1	0.04
box C/D RNA binding	1	0.04
oxidoreductase activity, acting on paired donors, with incorporation or reduction of molecular oxygen, reduced flavin or flavoprotein as one donor, and incorporation of one atom of oxygen	1	0.04
protein phosphatase 2B binding	1	0.04
splicing factor binding	1	0.04
minor groove of adenine-thymine-rich DNA binding	1	0.04
endoribonuclease inhibitor activity	1	0.04
arachidonic acid epoxygenase activity	1	0.04
nuclear export signal receptor activity	1	0.04
RNA polymerase II sequence-specific DNA-binding transcription factor recruiting activity	1	0.04
proteasome-activating ATPase activity	1	0.04
transmitter-gated ion channel activity involved in regulation of postsynaptic membrane potential	1	0.04
carbamoyl-phosphate synthase (glutamine-hydrolyzing) activity	1	0.04
RNA polymerase III transcription regulatory region sequence-specific DNA binding	1	0.04
laminin binding	1	0.04
17-beta-ketosteroid reductase activity	1	0.04
isomerase activity	1	0.04
filamin binding	1	0.04
phospholipase binding	1	0.04
carbamoyl-phosphate synthase (ammonia) activity	1	0.04
mRNA CDS binding	1	0.04
tropomyosin binding	1	0.04
propionyl-CoA C2-trimethyltridecanoyltransferase activity	1	0.04
glutathione binding	1	0.04
UTP binding	1	0.04
pseudouridine synthase activity	1	0.04
argininosuccinate synthase activity	1	0.04
fumarate hydratase activity	1	0.04
palmitoyl-CoA hydrolase activity	1	0.04
fructose 1,6-bisphosphate 1-phosphatase activity	1	0.04
betaine-aldehyde dehydrogenase activity	1	0.04
cAMP binding	1	0.04
long-chain fatty acyl-CoA binding	1	0.04
phosphatidylinositol-3,4,5-trisphosphate binding	1	0.04
virion binding	1	0.04
TPR domain binding	1	0.04
apolipoprotein binding	1	0.04
calcium channel activity	1	0.04
RNA polymerase binding	1	0.04
N-acetyltransferase activity	1	0.04
nitric-oxide synthase regulator activity	1	0.04
DNA translocase activity	1	0.04
DNA polymerase processivity factor activity	1	0.04
DNA-binding transcription activator activity	1	0.04
glutamate-tRNA ligase activity	1	0.04
protein-disulfide reductase (glutathione) activity	1	0.04
endopeptidase activator activity	1	0.04
SNARE binding	1	0.04
cholesterol transfer activity	1	0.04
17-beta-hydroxysteroid dehydrogenase (NADP+) activity	1	0.04
bisphosphoglycerate mutase activity	1	0.04
carbonyl reductase (NADPH) activity	1	0.04
aldehyde dehydrogenase (NADP+) activity	1	0.04
NAD+ binding	1	0.04
histone methyltransferase binding	1	0.04
SUMO activating enzyme activity	1	0.04
Notch binding	1	0.04
DNA topoisomerase type I (single strand cut, ATP-independent) activity	1	0.04
DNA-binding transcription factor binding	1	0.04
mevaldate reductase (NADPH) activity	1	0.04
fibronectin binding	1	0.04
protein disulfide oxidoreductase activity	1	0.04
peptide-lysine-N-acetyltransferase activity	1	0.04
4 iron, 4 sulfur cluster binding	1	0.04
[protein]-3-O-(N-acetyl-D-glucosaminyl)-L-serine/L-threonine O-N-acetyl-alpha-D-glucosaminase activity	1	0.04
hydroxymethylglutaryl-CoA synthase activity	1	0.04
ephrin receptor binding	1	0.04
double-stranded DNA helicase activity	1	0.04
propanoyl-CoA C-acyltransferase activity	1	0.04
proline-tRNA ligase activity	1	0.04
phosphatidylinositol transfer activity	1	0.04
glycerol dehydrogenase [NADP+] activity	1	0.04
syntaxin-1 binding	1	0.04
myosin binding	1	0.04
creatine kinase activity	1	0.04
AMP deaminase activity	1	0.04
phosphatidylethanolamine transfer activity	1	0.04
sumo-dependent protein binding	1	0.04
serine-type endopeptidase inhibitor activity	1	0.04
aromatase activity	1	0.04
C-rich single-stranded DNA binding	1	0.04
[protein]-3-O-(N-acetyl-D-glucosaminyl)-L-threonine O-N-acetyl-alpha-D-glucosaminase activity	1	0.04
sulfotransferase activity	1	0.04
linoleic acid epoxygenase activity	1	0.04
estrogen response element binding	1	0.04
peroxisome proliferator activated receptor binding	1	0.04
glycerol-3-phosphatase activity	1	0.04
histone methyltransferase activity (H3-K36 specific)	1	0.04
U4 snRNA binding	1	0.04
heparin binding	1	0.04
pre-mRNA intronic binding	1	0.04
cysteine-type endopeptidase inhibitor activity involved in apoptotic process	1	0.04
protein phosphatase inhibitor activity	1	0.04
box C/D snoRNP complex binding	1	0.04
ferrous iron binding	1	0.04
lactate dehydrogenase activity	1	0.04
Lys48-specific deubiquitinase activity	1	0.04
vitamin D receptor binding	1	0.04
2,3-bisphosphoglycerate-dependent phosphoglycerate mutase activity	1	0.04
K48-linked polyubiquitin modification-dependent protein binding	1	0.04
AF-2 domain binding	1	0.04
growth factor activity	1	0.04
pyridoxal phosphate binding	1	0.04
apolipoprotein A-I binding	1	0.04
3-chloroallyl aldehyde dehydrogenase activity	1	0.04
I-SMAD binding	1	0.04
argininosuccinate lyase activity	1	0.04
double-stranded methylated DNA binding	1	0.04
myristoyl-CoA hydrolase activity	1	0.04
cAMP-dependent protein kinase regulator activity	1	0.04
ionotropic glutamate receptor activity	1	0.04
mitogen-activated protein kinase p38 binding	1	0.04
17-alpha,20-alpha-dihydroxypregn-4-en-3-one dehydrogenase activity	1	0.04
alcohol dehydrogenase (NAD+) activity	1	0.04
primary miRNA binding	1	0.04
formyltetrahydrofolate dehydrogenase activity	1	0.04
deubiquitinase activator activity	1	0.04
hormone activity	1	0.04
succinate-CoA ligase (GDP-forming) activity	1	0.04
transferase activity	1	0.04
BAT3 complex binding	1	0.04
isopeptidase activity	1	0.04
chlordecone reductase activity	1	0.04
clathrin-uncoating ATPase activity	1	0.04
iron-sulfur cluster binding	1	0.04
threonine-type endopeptidase activity	1	0.04
3'-tyrosyl-DNA phosphodiesterase activity	1	0.04
malate dehydrogenase activity	1	0.04
potassium transmembrane transporter activity, phosphorylative mechanism	1	0.04
ubiquitin-dependent protein binding	1	0.04
lamin binding	1	0.04
histone deacetylase activity (H4-K16 specific)	1	0.04
telomerase activity	1	0.04
hemi-methylated DNA-binding	1	0.04
WW domain binding	1	0.04
GTPase activating protein binding	1	0.04
3'-5' exonuclease activity	1	0.04
androsterone dehydrogenase (B-specific) activity	1	0.04
phosphoprotein phosphatase activity	1	0.04
coenzyme A binding	1	0.04
cobalt ion binding	1	0.04
purine-specific mismatch base pair DNA N-glycosylase activity	1	0.04
translation initiation factor binding	1	0.04
malonate-semialdehyde dehydrogenase (acetylating, NAD+) activity	1	0.04
nucleotide phosphatase activity, acting on free nucleotides	1	0.04
trans-1,2-dihydrobenzene-1,2-diol dehydrogenase activity	1	0.04
NADPHX epimerase activity	1	0.04
ATP-dependent microtubule motor activity, plus-end-directed	1	0.04
glycine N-methyltransferase activity	1	0.04
aldehyde dehydrogenase [NAD(P)+] activity	1	0.04
cyclin-dependent protein serine/threonine kinase activity	1	0.04
thiol oxidase activity	1	0.04
benzaldehyde dehydrogenase (NAD+) activity	1	0.04
microtubule plus-end binding	1	0.04
U3 snoRNA binding	1	0.04
cyclosporin A binding	1	0.04
myosin heavy chain binding	1	0.04
glycerol-1-phosphatase activity	1	0.04
SH2 domain binding	1	0.04
steroid hormone binding	1	0.04
selenium binding	1	0.04
fatty acid transmembrane transporter activity	1	0.04
signaling receptor complex adaptor activity	1	0.04
methylenetetrahydrofolate dehydrogenase (NADP+) activity	1	0.04
succinate-CoA ligase (ADP-forming) activity	1	0.04
potassium channel regulator activity	1	0.04
structural molecule activity conferring elasticity	1	0.04
hormone binding	1	0.04
Rho GDP-dissociation inhibitor binding	1	0.04
sequence-specific single stranded DNA binding	1	0.04
microtubule motor activity	1	0.04
high-density lipoprotein particle binding	1	0.04
nucleotide-sugar transmembrane transporter activity	1	0.04
