Accession	GO_F_term
Q9WUM5	GDP binding
Q9WUM5	protein-containing complex binding
Q9WUM5	succinate-CoA ligase (ADP-forming) activity
Q9WUM5	succinate-CoA ligase (GDP-forming) activity
P68369	GTP binding
P68369	GTPase activity
P68369	identical protein binding
P68369	protein domain specific binding
P68369	structural constituent of cytoskeleton
P53564	chromatin binding
P53564	DNA binding
P53564	DNA-binding transcription factor activity, RNA polymerase II-specific
P53564	RNA polymerase II cis-regulatory region sequence-specific DNA binding
P53564	RNA polymerase II transcription regulatory region sequence-specific DNA binding
P53564	sequence-specific DNA binding
Q8BV16	DNA-binding transcription factor activity, RNA polymerase II-specific
Q8BV16	DNA-binding transcription repressor activity, RNA polymerase II-specific
Q8BV16	metal ion binding
Q8BV16	RNA polymerase II transcription regulatory region sequence-specific DNA binding
P45481	acetyltransferase activity
P45481	activating transcription factor binding
P45481	cAMP response element binding protein binding
P45481	chromatin binding
P45481	chromatin DNA binding
P45481	damaged DNA binding
P45481	disordered domain specific binding
P45481	DNA binding
P45481	histone acetyltransferase activity
P45481	MRF binding
P45481	p53 binding
P45481	peptide-lysine-N-acetyltransferase activity
P45481	peroxisome proliferator activated receptor binding
P45481	protein domain specific binding
P45481	RNA polymerase II transcription factor binding
P45481	RNA polymerase II transcription regulatory region sequence-specific DNA binding
P45481	SMAD binding
P45481	TFIIB-class transcription factor binding
P45481	transcription coactivator activity
P45481	transcription corepressor activity
P45481	transcription factor binding
P45481	zinc ion binding
Q8BQR4	None
Q9R190	chromatin binding
Q9R190	DNA-binding transcription factor binding
Q9R190	histone deacetylase activity
Q9R190	histone deacetylase binding
Q9R190	RNA polymerase II repressing transcription factor binding
Q9R190	RNA polymerase II transcription factor binding
Q9R190	sequence-specific DNA binding
Q9R190	transcription coactivator activity
Q9R190	transcription coregulator activity
Q9R190	transcription corepressor activity
Q9R190	zinc ion binding
P61979	actinin binding
P61979	ATPase binding
P61979	C-rich single-stranded DNA binding
P61979	cis-regulatory region sequence-specific DNA binding
P61979	double-stranded DNA binding
P61979	heat shock protein binding
P61979	identical protein binding
P61979	lamin binding
P61979	mRNA 3'-UTR binding
P61979	mRNA binding
P61979	mRNA CDS binding
P61979	pre-mRNA 3'-splice site binding
P61979	protein domain specific binding
P61979	ribonucleoprotein complex binding
P61979	RNA binding
P61979	single-stranded DNA binding
P61979	transcription factor binding
P10126	calmodulin binding
P10126	GTP binding
P10126	GTPase activity
P10126	identical protein binding
P10126	kinase binding
P10126	mRNA binding
P10126	protein kinase binding
P10126	translation elongation factor activity
P10126	tRNA binding
P99029	antioxidant activity
P99029	cysteine-type endopeptidase inhibitor activity involved in apoptotic process
P99029	peroxidase activity
P99029	peroxiredoxin activity
P99029	peroxynitrite reductase activity
P99029	RNA polymerase III transcription regulatory region sequence-specific DNA binding
P99029	signaling receptor binding
P99029	thioredoxin peroxidase activity
O70250	2,3-bisphosphoglycerate-dependent phosphoglycerate mutase activity
O70250	bisphosphoglycerate mutase activity
O70250	hydrolase activity
O70250	identical protein binding
O70250	phosphoglycerate mutase activity
P55014	potassium:chloride symporter activity
P55014	sodium:potassium:chloride symporter activity
Q9Z172	protein tag
Q9Z172	SUMO transferase activity
Q9Z172	ubiquitin-like protein ligase binding
Q569Z6	ATP binding
Q569Z6	DNA binding
Q569Z6	phosphoprotein binding
Q569Z6	RNA polymerase II cis-regulatory region sequence-specific DNA binding
Q569Z6	thyroid hormone receptor binding
Q569Z6	transcription coactivator activity
Q569Z6	transcription coregulator activity
P00015	electron transfer activity
P00015	heme binding
P00015	metal ion binding
P97371	None
Q8BII1	DNA-binding transcription factor activity, RNA polymerase II-specific
Q8BII1	RNA polymerase II cis-regulatory region sequence-specific DNA binding
P56376	acylphosphatase activity
P84228	chromatin binding
P84228	DNA binding
P84228	protein heterodimerization activity
P60122	3'-5' DNA helicase activity
P60122	5'-3' DNA helicase activity
P60122	ADP binding
P60122	ATP binding
P60122	ATPase activity
P60122	ATPase binding
P60122	DNA helicase activity
P60122	TBP-class protein binding
P60122	TFIID-class transcription factor complex binding
P60122	transcription coactivator activity
P0C0S6	chromatin DNA binding
P0C0S6	DNA binding
P0C0S6	nucleosomal DNA binding
P0C0S6	protein heterodimerization activity
P0C0S6	RNA polymerase II cis-regulatory region sequence-specific DNA binding
P0C0S6	RNA polymerase II core promoter sequence-specific DNA binding
Q9JLV5	cyclin binding
Q9JLV5	Notch binding
Q9JLV5	POZ domain binding
Q9JLV5	ubiquitin protein ligase activity
Q9JLV5	ubiquitin protein ligase binding
Q9JLV5	ubiquitin-protein transferase activity
Q61539	cis-regulatory region sequence-specific DNA binding
Q61539	DNA-binding transcription activator activity, RNA polymerase II-specific
Q61539	DNA-binding transcription factor activity
Q61539	DNA-binding transcription factor activity, RNA polymerase II-specific
Q61539	nuclear receptor activity
Q61539	RNA polymerase II cis-regulatory region sequence-specific DNA binding
Q61539	RNA polymerase II complex binding
Q61539	sequence-specific DNA binding
Q61539	sequence-specific double-stranded DNA binding
Q61539	steroid binding
Q61539	steroid hormone receptor activity
Q61539	transcription factor binding
Q61539	zinc ion binding
Q6AXH7	histone-lysine N-methyltransferase activity
P70288	chromatin binding
P70288	chromatin DNA binding
P70288	deacetylase activity
P70288	enzyme binding
P70288	heat shock protein binding
P70288	histone deacetylase activity
P70288	histone deacetylase activity (H4-K16 specific)
P70288	histone deacetylase binding
P70288	Krueppel-associated box domain binding
P70288	NAD-dependent histone deacetylase activity (H3-K14 specific)
P70288	NF-kappaB binding
P70288	promoter-specific chromatin binding
P70288	protein deacetylase activity
P70288	RNA polymerase II cis-regulatory region sequence-specific DNA binding
P70288	RNA polymerase II repressing transcription factor binding
P70288	RNA polymerase II transcription corepressor binding
P70288	sequence-specific DNA binding
P70288	transcription factor binding
P33242	chromatin binding
P33242	DNA binding
P33242	DNA-binding transcription factor activity
P33242	DNA-binding transcription factor activity, RNA polymerase II-specific
P33242	double-stranded DNA binding
P33242	enzyme binding
P33242	nuclear receptor activity
P33242	phospholipid binding
P33242	RNA polymerase II cis-regulatory region sequence-specific DNA binding
P33242	RNA polymerase II transcription regulatory region sequence-specific DNA binding
P33242	sequence-specific DNA binding
P33242	sequence-specific double-stranded DNA binding
P33242	zinc ion binding
Q6PDQ2	ATP binding
Q6PDQ2	DNA binding
Q6PDQ2	DNA helicase activity
Q6PDQ2	histone deacetylase binding
Q6PDQ2	metal ion binding
Q6PDQ2	nucleosome-dependent ATPase activity
Q6PDQ2	RNA polymerase II repressing transcription factor binding
Q6PDQ2	transcription factor binding
Q9Z2U0	endopeptidase activity
Q9Z2U0	identical protein binding
P48962	ATP:ADP antiporter activity
P48962	enzyme binding
P48962	oxidative phosphorylation uncoupler activity
P48962	proton transmembrane transporter activity
P97471	chromatin binding
P97471	collagen binding
P97471	DNA binding
P97471	DNA-binding transcription activator activity, RNA polymerase II-specific
P97471	DNA-binding transcription factor activity
P97471	DNA-binding transcription factor activity, RNA polymerase II-specific
P97471	filamin binding
P97471	I-SMAD binding
P97471	identical protein binding
P97471	metal ion binding
P97471	protein homodimerization activity
P97471	R-SMAD binding
P97471	RNA polymerase II cis-regulatory region sequence-specific DNA binding
P97471	RNA polymerase II transcription factor binding
P97471	RNA polymerase II transcription regulatory region sequence-specific DNA binding
P97471	SMAD binding
P97471	sulfate binding
P97471	transcription coactivator binding
P97471	transcription regulator activator activity
P97471	transcription regulatory region sequence-specific DNA binding
Q91V89	phosphoprotein phosphatase activity
Q91V89	protein phosphatase activator activity
Q9WTM5	5'-3' DNA helicase activity
Q9WTM5	ADP binding
Q9WTM5	ATP binding
Q9WTM5	ATPase binding
Q9WTM5	beta-catenin binding
Q9WTM5	chromatin DNA binding
Q9WTM5	DNA helicase activity
Q9WTM5	identical protein binding
Q9WTM5	protein homodimerization activity
Q9WTM5	RNA polymerase II cis-regulatory region sequence-specific DNA binding
Q9WTM5	RNA polymerase II core promoter sequence-specific DNA binding
Q9WTM5	TBP-class protein binding
Q9WTM5	TFIID-class transcription factor complex binding
Q9WTM5	transcription corepressor activity
Q02650	DNA binding
Q02650	DNA-binding transcription activator activity, RNA polymerase II-specific
Q02650	DNA-binding transcription factor activity
Q02650	DNA-binding transcription factor activity, RNA polymerase II-specific
Q02650	RNA polymerase II cis-regulatory region sequence-specific DNA binding
Q8VCH0	acetyl-CoA C-acetyltransferase activity
Q8VCH0	acetyl-CoA C-acyltransferase activity
Q8VCH0	acetyl-CoA C-myristoyltransferase activity
P62281	rRNA binding
P62281	structural constituent of ribosome
Q80XN4	DNA-binding transcription factor activity, RNA polymerase II-specific
Q80XN4	metal ion binding
Q80XN4	RNA polymerase II cis-regulatory region sequence-specific DNA binding
Q924W5	ATP binding
Q924W5	ubiquitin protein ligase binding
Q9QYG0	None
Q6NV66	metal ion binding
Q6NV66	transcription regulatory region sequence-specific DNA binding
O09100	C2H2 zinc finger domain binding
O09100	chromatin binding
O09100	DNA binding
O09100	DNA-binding transcription activator activity, RNA polymerase II-specific
O09100	DNA-binding transcription factor activity
O09100	DNA-binding transcription factor activity, RNA polymerase II-specific
O09100	RNA polymerase II cis-regulatory region sequence-specific DNA binding
O09100	sequence-specific DNA binding
O09100	sequence-specific double-stranded DNA binding
O09100	transcription factor binding
O09100	zinc ion binding
P14733	double-stranded DNA binding
P14733	JUN kinase binding
P14733	phospholipase binding
P14733	sequence-specific double-stranded DNA binding
Q9Z0Z7	DNA binding
Q9Z0Z7	DNA-binding transcription activator activity, RNA polymerase II-specific
Q9Z0Z7	DNA-binding transcription factor activity
Q9Z0Z7	DNA-binding transcription factor activity, RNA polymerase II-specific
Q9Z0Z7	metal ion binding
Q9Z0Z7	MRF binding
Q9Z0Z7	RNA polymerase II cis-regulatory region sequence-specific DNA binding
Q9Z0Z7	sequence-specific DNA binding
Q9Z0Z7	sequence-specific double-stranded DNA binding
Q9Z0Z7	transcription factor binding
Q8BSQ9	chromatin binding
Q8BSQ9	DNA binding
Q3UID0	None
Q99KZ6	DNA-binding transcription activator activity, RNA polymerase II-specific
Q99KZ6	DNA-binding transcription factor activity
Q99KZ6	metal ion binding
Q99KZ6	protein self-association
Q99KZ6	RNA polymerase II cis-regulatory region sequence-specific DNA binding
Q99KZ6	transcription regulatory region sequence-specific DNA binding
P06537	chromatin binding
P06537	core promoter sequence-specific DNA binding
P06537	DNA binding
P06537	DNA-binding transcription activator activity, RNA polymerase II-specific
P06537	DNA-binding transcription factor activity
P06537	DNA-binding transcription repressor activity, RNA polymerase II-specific
P06537	double-stranded DNA binding
P06537	glucocorticoid receptor activity
P06537	heat shock protein binding
P06537	hormone binding
P06537	Hsp70 protein binding
P06537	Hsp90 protein binding
P06537	identical protein binding
P06537	nuclear receptor activity
P06537	protein kinase binding
P06537	protein-containing complex binding
P06537	receptor tyrosine kinase binding
P06537	RNA polymerase II cis-regulatory region sequence-specific DNA binding
P06537	RNA polymerase II transcription regulatory region sequence-specific DNA binding
P06537	sequence-specific DNA binding
P06537	sequence-specific double-stranded DNA binding
P06537	steroid binding
P06537	steroid hormone binding
P06537	transcription coactivator activity
P06537	transcription factor binding
P06537	zinc ion binding
Q80VM4	DNA binding
Q80VM4	metal ion binding
E9Q3G8	chromatin binding
E9Q3G8	double-stranded DNA binding
E9Q3G8	identical protein binding
E9Q3G8	nuclear localization sequence binding
E9Q3G8	protein-membrane adaptor activity
E9Q3G8	small GTPase binding
E9Q3G8	structural constituent of nuclear pore
E9Q3G8	zinc ion binding
P60335	DNA-binding transcription factor activity, RNA polymerase II-specific
P60335	mRNA 3'-UTR binding
P60335	mRNA binding
P60335	RNA binding
P60335	sequence-specific single stranded DNA binding
P60335	single-stranded DNA binding
P60335	translation activator activity
P62806	DNA binding
P62806	protein domain specific binding
P62806	protein heterodimerization activity
Q9QXD6	AMP binding
Q9QXD6	fructose 1,6-bisphosphate 1-phosphatase activity
Q9QXD6	identical protein binding
Q9QXD6	metal ion binding
Q9QXD6	monosaccharide binding
Q9QXD6	RNA polymerase II transcription factor binding
Q91WG4	endopeptidase activator activity
Q91WG4	protein kinase binding
Q91WG4	RNA polymerase II complex binding
P62192	ATP binding
P62192	proteasome-activating ATPase activity
P62192	TBP-class protein binding
P70697	ferrous iron binding
P70697	uroporphyrinogen decarboxylase activity
Q9R1Y5	DNA-binding transcription factor activity
Q9R1Y5	DNA-binding transcription factor activity, RNA polymerase II-specific
Q9R1Y5	DNA-binding transcription repressor activity, RNA polymerase II-specific
Q9R1Y5	histone deacetylase binding
Q9R1Y5	metal ion binding
Q9R1Y5	RNA polymerase II cis-regulatory region sequence-specific DNA binding
Q9R1Y5	sequence-specific DNA binding
Q9R1Y5	sequence-specific double-stranded DNA binding
P25444	enzyme binding
P25444	fibroblast growth factor binding
P25444	mRNA binding
P25444	protein-containing complex binding
P25444	structural constituent of ribosome
P45448	chromatin binding
P45448	DNA binding
P45448	DNA-binding transcription activator activity, RNA polymerase II-specific
P45448	DNA-binding transcription factor activity
P45448	double-stranded DNA binding
P45448	nuclear receptor activity
P45448	phospholipid binding
P45448	RNA polymerase II cis-regulatory region sequence-specific DNA binding
P45448	sequence-specific DNA binding
P45448	sequence-specific double-stranded DNA binding
P45448	transcription regulatory region sequence-specific DNA binding
P45448	zinc ion binding
Q923D5	protein phosphatase regulator activity
Q923D5	WW domain binding
Q5SX39	actin filament binding
Q5SX39	ATP binding
Q5SX39	calmodulin binding
Q5SX39	double-stranded RNA binding
Q5SX39	motor activity
Q9CPS7	RNA binding
Q9D1M0	identical protein binding
Q9D1M0	structural molecule activity
P15066	DNA binding
P15066	DNA-binding transcription activator activity, RNA polymerase II-specific
P15066	DNA-binding transcription factor activity
P15066	DNA-binding transcription factor activity, RNA polymerase II-specific
P15066	double-stranded DNA binding
P15066	enzyme binding
P15066	nuclear receptor binding
P15066	RNA polymerase II cis-regulatory region sequence-specific DNA binding
P15066	sequence-specific DNA binding
P15066	sequence-specific double-stranded DNA binding
P15066	transcription factor binding
P15066	transcription regulatory region sequence-specific DNA binding
Q8CHI8	ATP binding
Q8CHI8	chromatin binding
Q8CHI8	DNA binding
Q8CHI8	helicase activity
Q8CHI8	nucleosome-dependent ATPase activity
Q8CHI8	protein antigen binding
A0A1D5RLL4	kinase activity
P80315	ATP binding
P80315	ATPase activity
P80315	protein folding chaperone
P80315	unfolded protein binding
Q9D8E6	5S rRNA binding
Q9D8E6	RNA binding
Q9D8E6	structural constituent of ribosome
Q8C827	DNA-binding transcription activator activity, RNA polymerase II-specific
Q8C827	metal ion binding
Q8C827	RNA polymerase II cis-regulatory region sequence-specific DNA binding
P41216	arachidonate-CoA ligase activity
P41216	ATP binding
P41216	long-chain fatty acid-CoA ligase activity
P41216	oleoyl-CoA ligase activity
P41216	phytanate-CoA ligase activity
P41216	pristanate-CoA ligase activity
P80318	ATP binding
P80318	ATPase activity
P80318	protein folding chaperone
P80318	unfolded protein binding
P06745	cytokine activity
P06745	glucose-6-phosphate isomerase activity
P06745	growth factor activity
P06745	monosaccharide binding
P06745	ubiquitin protein ligase binding
G3UZA7	None
G3XA30	None
P17156	ATP binding
P17156	ATPase activity
P17156	chaperone binding
P17156	disordered domain specific binding
P17156	enzyme binding
P17156	glycolipid binding
P17156	heat shock protein binding
P17156	misfolded protein binding
P17156	protein folding chaperone
P17156	tau protein binding
P17156	unfolded protein binding
Q04750	ATP binding
Q04750	chromatin binding
Q04750	chromatin DNA binding
Q04750	DNA binding
Q04750	DNA topoisomerase type I (single strand cut, ATP-independent) activity
Q04750	double-stranded DNA binding
Q04750	protein domain specific binding
Q04750	protein serine/threonine kinase activity
Q04750	protein-containing complex binding
Q04750	RNA polymerase II cis-regulatory region sequence-specific DNA binding
Q04750	single-stranded DNA binding
Q04750	supercoiled DNA binding
Q08943	chromatin binding
Q08943	DNA binding
Q08943	histone binding
Q08943	nucleosome binding
Q91VS7	glutathione binding
Q91VS7	glutathione peroxidase activity
Q91VS7	glutathione transferase activity
Q91VS7	identical protein binding
Q8C854	DNA-binding transcription repressor activity, RNA polymerase II-specific
Q8C854	mRNA binding
Q8C854	RNA polymerase II cis-regulatory region sequence-specific DNA binding
Q8C854	single-stranded DNA binding
Q9R0G7	DNA-binding transcription activator activity, RNA polymerase II-specific
Q9R0G7	DNA-binding transcription factor activity, RNA polymerase II-specific
Q9R0G7	DNA-binding transcription repressor activity, RNA polymerase II-specific
Q9R0G7	metal ion binding
Q9R0G7	R-SMAD binding
Q9R0G7	RNA polymerase II cis-regulatory region sequence-specific DNA binding
Q9R0G7	sequence-specific DNA binding
Q64442	D-xylulose reductase activity
Q64442	identical protein binding
Q64442	L-iditol 2-dehydrogenase activity
Q64442	NAD binding
Q64442	zinc ion binding
P16015	carbonate dehydratase activity
P16015	hydro-lyase activity
P16015	nickel cation binding
P16015	phosphatase activity
P16015	zinc ion binding
Q64522	DNA binding
Q64522	protein heterodimerization activity
G5E8H3	None
Q5DW34	C2H2 zinc finger domain binding
Q5DW34	histone methyltransferase activity (H3-K27 specific)
Q5DW34	histone methyltransferase activity (H3-K9 specific)
Q5DW34	histone-lysine N-methyltransferase activity
Q5DW34	methyltransferase activity
Q5DW34	p53 binding
Q5DW34	protein-lysine N-methyltransferase activity
Q5DW34	RNA polymerase II transcription corepressor binding
Q5DW34	zinc ion binding
Q9Z1N5	ATP binding
Q9Z1N5	ATP-dependent protein binding
Q9Z1N5	ATPase activity
Q9Z1N5	identical protein binding
Q9Z1N5	protein-containing complex binding
Q9Z1N5	RNA binding
Q9Z1N5	RNA helicase activity
Q9Z1N5	RNA-dependent ATPase activity
Q9Z1N5	U4 snRNA binding
Q9Z1N5	U6 snRNA binding
Q8BTS0	ATP binding
Q8BTS0	calcium-dependent protein binding
Q8BTS0	calmodulin binding
Q8BTS0	enzyme binding
Q8BTS0	RNA binding
Q8BTS0	RNA helicase activity
Q9WTI7	actin binding
Q9WTI7	actin filament binding
Q9WTI7	actin-dependent ATPase activity
Q9WTI7	ATP binding
Q9WTI7	calmodulin binding
Q9WTI7	microfilament motor activity
Q9WTI7	phospholipid binding
Q9WTI7	protein C-terminus binding
Q9WTI7	signaling receptor binding
Q9WTI7	small GTPase binding
Q9CW03	ATP binding
Q9CW03	ATPase activity
Q9CW03	beta-tubulin binding
Q9CW03	chromatin binding
Q9CW03	dynein complex binding
Q9CW03	mediator complex binding
Q9CW03	protein heterodimerization activity
Q8CIE6	hormone activity
Q8CIE6	mRNA binding
Q8CIE6	structural molecule activity
Q9D411	ATP binding
Q9D411	identical protein binding
Q9D411	magnesium ion binding
Q9D411	protein homodimerization activity
Q9D411	protein kinase activity
Q9D411	protein serine kinase activity
Q9D411	protein serine/threonine kinase activity
Q9D411	protein threonine kinase activity
Q9D411	protein-containing complex binding
Q8CIE2	nuclear receptor coactivator activity
Q8CIE2	zinc ion binding
Q3UEB3	DNA binding
Q3UEB3	identical protein binding
Q3UEB3	RNA binding
Q8BGJ5	RNA binding
Q8K4Z3	identical protein binding
Q8K4Z3	metal ion binding
Q8K4Z3	NADHX epimerase activity
Q8K4Z3	NADPHX epimerase activity
Q8K4Z3	nucleotide binding
Q5NCR9	mRNA binding
Q6ZWV7	mRNA binding
Q6ZWV7	ribonucleoprotein complex binding
Q6ZWV7	structural constituent of ribosome
P62843	RNA binding
P62843	structural constituent of ribosome
Q3UH06	DNA-binding transcription activator activity, RNA polymerase II-specific
Q3UH06	DNA-binding transcription factor activity
Q3UH06	metal ion binding
Q3UH06	RNA polymerase II cis-regulatory region sequence-specific DNA binding
Q3UH06	RNA polymerase II transcription regulatory region sequence-specific DNA binding
Q9DBF1	betaine-aldehyde dehydrogenase activity
Q9DBF1	glyceraldehyde-3-phosphate dehydrogenase (NAD+) (non-phosphorylating) activity
Q9DBF1	identical protein binding
Q9DBF1	L-aminoadipate-semialdehyde dehydrogenase activity
Q8VCE0	amyloid-beta binding
Q8VCE0	ATP binding
Q8VCE0	D1 dopamine receptor binding
Q8VCE0	metal ion binding
Q8VCE0	potassium transmembrane transporter activity, phosphorylative mechanism
P70351	chromatin binding
P70351	histone methyltransferase activity (H3-K27 specific)
P70351	transcription corepressor activity
P16125	identical protein binding
P16125	kinase binding
P16125	L-lactate dehydrogenase activity
P16125	lactate dehydrogenase activity
P16125	NAD binding
Q5XJF6	RNA binding
Q5XJF6	structural constituent of ribosome
Q9CR57	RNA binding
Q9CR57	structural constituent of ribosome
H7BXB1	ATP binding
H7BXB1	protein serine/threonine kinase activity
Q8BR65	enzyme binding
Q8BR65	histone deacetylase binding
Q8BR65	identical protein binding
P24549	3-chloroallyl aldehyde dehydrogenase activity
P24549	aldehyde dehydrogenase (NAD+) activity
P24549	benzaldehyde dehydrogenase (NAD+) activity
P24549	identical protein binding
P24549	NAD binding
P24549	retinal dehydrogenase activity
Q60665	chromatin binding
Q60665	DNA-binding transcription factor activity, RNA polymerase II-specific
Q60665	DNA-binding transcription repressor activity, RNA polymerase II-specific
Q60665	identical protein binding
Q60665	protein domain specific binding
Q60665	protein-containing complex binding
Q60665	RNA polymerase II cis-regulatory region sequence-specific DNA binding
Q60665	SMAD binding
Q99JF8	activating transcription factor binding
Q99JF8	chromatin binding
Q99JF8	double-stranded DNA binding
Q99JF8	supercoiled DNA binding
Q99JF8	transcription coactivator activity
Q99JF8	transcription coregulator activity
O88491	androgen receptor binding
O88491	chromatin binding
O88491	estrogen receptor binding
O88491	histone methyltransferase activity
O88491	histone methyltransferase activity (H3-K36 specific)
O88491	histone methyltransferase activity (H4-K20 specific)
O88491	retinoic acid receptor binding
O88491	retinoid X receptor binding
O88491	RNA polymerase II cis-regulatory region sequence-specific DNA binding
O88491	thyroid hormone receptor binding
O88491	transcription coregulator activity
O88491	transcription corepressor activity
O88491	zinc ion binding
Q8BU04	ubiquitin protein ligase activity
Q8BU04	zinc ion binding
P31257	DNA-binding transcription activator activity, RNA polymerase II-specific
P31257	DNA-binding transcription factor activity, RNA polymerase II-specific
P31257	RNA polymerase II cis-regulatory region sequence-specific DNA binding
P31257	RNA polymerase II transcription regulatory region sequence-specific DNA binding
P31257	sequence-specific double-stranded DNA binding
Q9Z2D8	chromatin binding
Q9Z2D8	DNA binding
Q9Z2D8	methyl-CpG binding
Q61136	ATP binding
Q61136	protein kinase activity
Q61136	protein serine kinase activity
Q61136	protein threonine kinase activity
Q505F1	DNA binding
Q505F1	DNA-binding transcription repressor activity, RNA polymerase II-specific
Q505F1	histone deacetylase binding
Q505F1	nuclear receptor activity
Q505F1	protein homodimerization activity
Q505F1	RNA polymerase II cis-regulatory region sequence-specific DNA binding
Q505F1	sequence-specific double-stranded DNA binding
Q505F1	zinc ion binding
Q3TUQ5	DNA binding
Q9QUM9	endopeptidase activity
Q9QUM9	NF-kappaB binding
Q9QUM9	RNA binding
Q8CGC7	ATP binding
Q8CGC7	glutamate-tRNA ligase activity
Q8CGC7	GTPase binding
Q8CGC7	identical protein binding
Q8CGC7	proline-tRNA ligase activity
Q8CGC7	protein homodimerization activity
Q8CGC7	RNA stem-loop binding
Q8CGC7	zinc ion binding
Q80TS5	DNA-binding transcription factor activity, RNA polymerase II-specific
Q80TS5	identical protein binding
Q80TS5	metal ion binding
Q80TS5	protein-containing complex binding
Q80TS5	sequence-specific DNA binding
I7HFT9	DNA binding
Q61624	DNA-binding transcription factor activity
Q61624	DNA-binding transcription repressor activity, RNA polymerase II-specific
Q61624	double-stranded DNA binding
Q61624	metal ion binding
Q61624	RNA polymerase II cis-regulatory region sequence-specific DNA binding
Q61624	sequence-specific DNA binding
Q61624	transcription regulatory region sequence-specific DNA binding
Q3UMP4	mRNA 3'-UTR binding
P28705	identical protein binding
P28705	nuclear receptor activity
P28705	retinoic acid-responsive element binding
P28705	RNA polymerase II cis-regulatory region sequence-specific DNA binding
P28705	RNA polymerase II transcription regulatory region sequence-specific DNA binding
P28705	sequence-specific DNA binding
P28705	sequence-specific double-stranded DNA binding
P28705	steroid hormone receptor activity
P28705	zinc ion binding
P28704	DNA-binding transcription activator activity, RNA polymerase II-specific
P28704	nuclear receptor activity
P28704	nuclear receptor coactivator activity
P28704	protein-containing complex binding
P28704	retinoic acid receptor binding
P28704	retinoic acid-responsive element binding
P28704	RNA polymerase II cis-regulatory region sequence-specific DNA binding
P28704	RNA polymerase II transcription regulatory region sequence-specific DNA binding
P28704	sequence-specific DNA binding
P28704	sequence-specific double-stranded DNA binding
P28704	steroid hormone receptor activity
P28704	thyroid hormone receptor binding
P28704	transcription regulatory region sequence-specific DNA binding
P28704	vitamin D receptor binding
P28704	zinc ion binding
O70546	chromatin binding
O70546	chromatin DNA binding
O70546	dioxygenase activity
O70546	histone demethylase activity (H3-K27 specific)
O70546	identical protein binding
O70546	metal ion binding
O70546	RNA polymerase II cis-regulatory region sequence-specific DNA binding
P27661	damaged DNA binding
P27661	DNA binding
P27661	enzyme binding
P27661	histone binding
P27661	protein heterodimerization activity
Q8BJ37	3'-tyrosyl-DNA phosphodiesterase activity
Q8BJ37	double-stranded DNA binding
Q8BJ37	exonuclease activity
Q8BJ37	single-stranded DNA binding
Q6P5E3	beta-catenin binding
Q6P5E3	DNA-binding transcription repressor activity, RNA polymerase II-specific
Q6P5E3	RNA polymerase II cis-regulatory region sequence-specific DNA binding
Q91ZW3	ATP binding
Q91ZW3	ATPase activity
Q91ZW3	DNA binding
Q91ZW3	DNA-dependent ATPase activity
Q91ZW3	helicase activity
Q91ZW3	histone binding
Q91ZW3	nucleosome binding
Q91ZW3	nucleosome-dependent ATPase activity
O08580	DNA-binding transcription activator activity, RNA polymerase II-specific
O08580	DNA-binding transcription factor activity
O08580	DNA-binding transcription repressor activity, RNA polymerase II-specific
O08580	nuclear receptor activity
O08580	RNA polymerase II cis-regulatory region sequence-specific DNA binding
O08580	sequence-specific DNA binding
O08580	steroid binding
O08580	steroid hormone receptor activity
O08580	zinc ion binding
Q5SQA2	None
P59178	chromatin binding
P59178	histone binding
P59178	methylated histone binding
P59178	promoter-specific chromatin binding
P59178	zinc ion binding
Q7TQD7	actin filament binding
Q7TQD7	actin-dependent ATPase activity
Q7TQD7	ATP binding
Q7TQD7	microfilament motor activity
Q7TQD7	phosphatidylinositol-3,4,5-trisphosphate binding
Q7TQD7	phosphatidylinositol-4,5-bisphosphate binding
P61222	4 iron, 4 sulfur cluster binding
P61222	ATP binding
P61222	ATPase activity
P61222	endoribonuclease inhibitor activity
P61222	iron ion binding
P61222	ribosomal small subunit binding
Q01320	ATP binding
Q01320	chromatin binding
Q01320	DNA binding
Q01320	DNA binding, bending
Q01320	DNA topoisomerase activity
Q01320	DNA topoisomerase type II (double strand cut, ATP-hydrolyzing) activity
Q01320	DNA-dependent ATPase activity
Q01320	enzyme binding
Q01320	histone deacetylase binding
Q01320	magnesium ion binding
Q01320	protein C-terminus binding
Q01320	protein heterodimerization activity
Q01320	protein homodimerization activity
Q01320	protein kinase C binding
Q01320	sequence-specific DNA binding
Q01320	ubiquitin binding
E9Q6J5	DNA binding
E9Q6J5	protein phosphatase 2A binding
E9Q6J5	protein phosphatase inhibitor activity
Q922P9	chromatin binding
Q922P9	DNA binding
Q922P9	histone binding
Q922P9	methylated histone binding
Q922P9	NAD binding
Q922P9	NADP binding
Q922P9	nucleosome binding
Q922P9	oxidoreductase activity
Q91VW9	chromatin binding
Q91VW9	DNA binding
Q91VW9	DNA-binding transcription factor activity
Q91VW9	DNA-binding transcription factor activity, RNA polymerase II-specific
Q91VW9	DNA-binding transcription repressor activity, RNA polymerase II-specific
Q91VW9	metal ion binding
Q91VW9	RNA polymerase II cis-regulatory region sequence-specific DNA binding
Q91VW9	sequence-specific DNA binding
Q99NA9	metal ion binding
Q99NA9	protein domain specific binding
Q9D2U9	DNA binding
Q9D2U9	protein heterodimerization activity
P54869	hydroxymethylglutaryl-CoA synthase activity
P54869	identical protein binding
P70670	DNA binding
P70670	TBP-class protein binding
P70670	transcription coactivator activity
P70670	unfolded protein binding
Q3UXF4	DNA-binding transcription factor activity
Q3UXF4	protein homodimerization activity
Q3UXF4	RNA polymerase II cis-regulatory region sequence-specific DNA binding
Q99LC5	electron transfer activity
Q99LC5	flavin adenine dinucleotide binding
Q99LC5	oxidoreductase activity
P97360	DNA binding
P97360	DNA-binding transcription activator activity, RNA polymerase II-specific
P97360	DNA-binding transcription factor activity
P97360	DNA-binding transcription factor activity, RNA polymerase II-specific
P97360	DNA-binding transcription repressor activity, RNA polymerase II-specific
P97360	protein domain specific binding
P97360	RNA polymerase II cis-regulatory region sequence-specific DNA binding
P97360	RNA polymerase II transcription regulatory region sequence-specific DNA binding
E9Q7G0	disordered domain specific binding
E9Q7G0	dynein complex binding
E9Q7G0	microtubule binding
E9Q7G0	microtubule minus-end binding
E9Q7G0	microtubule plus-end binding
E9Q7G0	phosphatidylinositol binding
E9Q7G0	protein C-terminus binding
E9Q7G0	protein domain specific binding
E9Q7G0	protein-containing complex binding
E9Q7G0	tubulin binding
Q9WUK6	DNA-binding transcription factor activity, RNA polymerase II-specific
Q9WUK6	DNA-binding transcription repressor activity, RNA polymerase II-specific
Q9WUK6	metal ion binding
Q9WUK6	RNA polymerase II cis-regulatory region sequence-specific DNA binding
Q9WUK6	sequence-specific DNA binding
Q9WUK6	sequence-specific double-stranded DNA binding
Q9EQM6	double-stranded RNA binding
Q9EQM6	heme binding
Q9EQM6	identical protein binding
Q9EQM6	metal ion binding
Q9EQM6	primary miRNA binding
Q9EQM6	protein homodimerization activity
Q9EQM6	protein-RNA adaptor activity
B1AR51	ATP binding
B1AR51	ATP-dependent microtubule motor activity, minus-end-directed
B1AR51	dynein intermediate chain binding
B1AR51	dynein light intermediate chain binding
P63038	apolipoprotein A-I binding
P63038	apolipoprotein binding
P63038	ATP binding
P63038	ATPase activity
P63038	chaperone binding
P63038	double-stranded RNA binding
P63038	enzyme binding
P63038	high-density lipoprotein particle binding
P63038	insulin binding
P63038	isomerase activity
P63038	lipopolysaccharide binding
P63038	modification-dependent protein binding
P63038	p53 binding
P63038	protease binding
P63038	protein-containing complex binding
P63038	ubiquitin protein ligase binding
P17742	cyclosporin A binding
P17742	heparan sulfate binding
P17742	integrin binding
P17742	peptidyl-prolyl cis-trans isomerase activity
Q7M739	None
O88665	histone binding
O88665	lysine-acetylated histone binding
O88665	p53 binding
O88665	transcription coactivator activity
O88665	transcription corepressor activity
O88665	transcription factor binding
O88665	transcription regulatory region sequence-specific DNA binding
P97807	fumarate hydratase activity
P97807	histone binding
Q3U1M7	lysine-acetylated histone binding
Q3U1M7	methylated histone binding
Q3U1M7	protein domain specific binding
Q3U1M7	protein N-terminus binding
Q3U1M7	transcription corepressor activity
Q3U1M7	zinc ion binding
Q9R1C7	proline-rich region binding
Q9R1C7	RNA binding
Q3TLH4	protein C-terminus binding
Q6P6L5	myosin binding
Q6P6L5	structural constituent of cytoskeleton
Q5NCH7	DNA-binding transcription factor activity, RNA polymerase II-specific
Q5NCH7	RNA polymerase II cis-regulatory region sequence-specific DNA binding
Q5NCH7	sequence-specific double-stranded DNA binding
Q08376	DNA-binding transcription factor activity
Q08376	DNA-binding transcription repressor activity, RNA polymerase II-specific
Q08376	metal ion binding
Q08376	RNA polymerase II cis-regulatory region sequence-specific DNA binding
Q08376	sequence-specific DNA binding
Q08376	sequence-specific double-stranded DNA binding
Q08376	transcription regulatory region sequence-specific DNA binding
Q8C7V3	None
P63101	identical protein binding
P63101	ion channel binding
P63101	protein domain specific binding
P63101	protein kinase binding
P63101	protein-containing complex binding
P63101	transcription factor binding
P63101	ubiquitin protein ligase binding
P21619	identical protein binding
P12970	RNA binding
Q9R0I7	DNA-binding transcription repressor activity, RNA polymerase II-specific
Q80YR5	identical protein binding
Q80YR5	RNA binding
Q80YR5	sequence-specific DNA binding
P09542	actin monomer binding
P09542	calcium ion binding
P09542	motor activity
Q3UQ17	DNA binding
Q3UQ17	DNA-binding transcription factor activity
Q3UQ17	DNA-binding transcription factor activity, RNA polymerase II-specific
Q3UQ17	DNA-binding transcription repressor activity, RNA polymerase II-specific
Q3UQ17	double-stranded DNA binding
Q3UQ17	identical protein binding
Q3UQ17	protein C-terminus binding
Q3UQ17	protein domain specific binding
Q3UQ17	protein homodimerization activity
Q3UQ17	RNA polymerase II cis-regulatory region sequence-specific DNA binding
Q62203	nucleic acid binding
Q62203	zinc ion binding
P08228	chaperone binding
P08228	copper ion binding
P08228	enzyme binding
P08228	identical protein binding
P08228	protein phosphatase 2B binding
P08228	small GTPase binding
P08228	superoxide dismutase activity
P08228	zinc ion binding
P70402	None
Q8BG30	chromatin binding
Q8BG32	structural molecule activity
Q6PDM2	DNA topoisomerase binding
Q6PDM2	mRNA binding
Q6PDM2	protein kinase B binding
Q6PDM2	RNA binding
Q6PDM2	RS domain binding
P68134	ATP binding
Q91WD1	chromatin binding
Q91WD1	DNA binding
Q91WD1	DNA-directed 5'-3' RNA polymerase activity
E9Q6T9	None
B2RY56	mRNA binding
P05977	calcium ion binding
P05977	structural constituent of muscle
A6ZI47	fructose-bisphosphate aldolase activity
E9Q532	DNA binding
E9Q532	DNA-binding transcription factor activity, RNA polymerase II-specific
P16460	amino acid binding
P16460	argininosuccinate synthase activity
P16460	ATP binding
P16460	identical protein binding
P16460	toxic substance binding
Q6P4T2	ATP binding
Q6P4T2	helicase activity
Q6P4T2	identical protein binding
Q6P4T2	RNA binding
Q6P4T2	RNA helicase activity
Q99LQ1	identical protein binding
F7C528	ATP binding
F7C528	ATPase activity
F7C528	double-stranded DNA helicase activity
F7C528	metal ion binding
F7C528	nucleosome-dependent ATPase activity
F7C528	transcription regulatory region sequence-specific DNA binding
E9PZA7	kinase activity
Q5XJY5	None
P52480	ADP binding
P52480	ATP binding
P52480	identical protein binding
P52480	kinase activity
P52480	magnesium ion binding
P52480	mRNA binding
P52480	potassium ion binding
P52480	pyruvate kinase activity
P52480	thyroid hormone binding
P00329	alcohol dehydrogenase (NAD+) activity
P00329	alcohol dehydrogenase activity, zinc-dependent
P00329	ethanol binding
P00329	identical protein binding
P00329	NAD binding
P00329	retinol dehydrogenase activity
P00329	small molecule binding
P00329	zinc ion binding
Q61176	arginase activity
Q61176	identical protein binding
Q61176	manganese ion binding
Q61171	antioxidant activity
Q61171	peroxidase activity
Q61171	selenium binding
Q61171	thioredoxin peroxidase activity
Q8R3P7	None
Q9Z125	cAMP response element binding
Q9Z125	chromatin binding
Q9Z125	DNA-binding transcription activator activity, RNA polymerase II-specific
Q9Z125	DNA-binding transcription factor activity
Q9Z125	DNA-binding transcription factor activity, RNA polymerase II-specific
Q9Z125	DNA-binding transcription repressor activity, RNA polymerase II-specific
Q9Z125	sequence-specific double-stranded DNA binding
Q9Z125	SMAD binding
Q9Z125	transcription regulatory region sequence-specific DNA binding
P16858	aspartic-type endopeptidase inhibitor activity
P16858	disordered domain specific binding
P16858	enzyme binding
P16858	glyceraldehyde-3-phosphate dehydrogenase (NAD+) (phosphorylating) activity
P16858	identical protein binding
P16858	microtubule binding
P16858	NAD binding
P16858	NADP binding
P16858	peptidyl-cysteine S-nitrosylase activity
Q05CL8	7SK snRNA binding
Q05CL8	U6 snRNA binding
Q6P3Z7	protein-containing complex binding
Q6P3Z7	protein-macromolecule adaptor activity
Q6P3Z7	troponin I binding
P48318	glutamate binding
P48318	glutamate decarboxylase activity
P48318	protein N-terminus binding
P48318	protein-containing complex binding
P48318	pyridoxal phosphate binding
Q9EQQ9	[protein]-3-O-(N-acetyl-D-glucosaminyl)-L-serine O-N-acetyl-alpha-D-glucosaminase activity
Q9EQQ9	[protein]-3-O-(N-acetyl-D-glucosaminyl)-L-serine/L-threonine O-N-acetyl-alpha-D-glucosaminase activity
Q9EQQ9	[protein]-3-O-(N-acetyl-D-glucosaminyl)-L-threonine O-N-acetyl-alpha-D-glucosaminase activity
Q9EQQ9	beta-N-acetylglucosaminidase activity
Q9EQQ9	histone acetyltransferase activity
Q8CAQ8	None
Q9D0M5	dynein intermediate chain binding
Q9D0M5	dynein light intermediate chain binding
Q9D0M5	identical protein binding
Q9D0M5	protein-containing complex binding
Q9D0M5	scaffold protein binding
P62631	GTP binding
P62631	GTPase activity
P62631	protein kinase binding
P62631	translation elongation factor activity
Q64127	chromatin binding
Q64127	estrogen response element binding
Q64127	lysine-acetylated histone binding
Q64127	nuclear receptor binding
Q64127	p53 binding
Q64127	protein kinase activity
Q64127	sequence-specific DNA binding
Q64127	transcription coactivator activity
Q64127	ubiquitin protein ligase activity
Q64127	ubiquitin-protein transferase activity
Q64127	zinc ion binding
P08046	DNA binding
P08046	DNA-binding transcription activator activity, RNA polymerase II-specific
P08046	DNA-binding transcription factor activity
P08046	DNA-binding transcription factor activity, RNA polymerase II-specific
P08046	double-stranded DNA binding
P08046	double-stranded methylated DNA binding
P08046	hemi-methylated DNA-binding
P08046	histone acetyltransferase binding
P08046	promoter-specific chromatin binding
P08046	RNA polymerase II cis-regulatory region sequence-specific DNA binding
P08046	RNA polymerase II core promoter sequence-specific DNA binding
P08046	RNA polymerase II transcription regulatory region sequence-specific DNA binding
P08046	sequence-specific DNA binding
P08046	sequence-specific double-stranded DNA binding
P08046	transcription factor binding
P08046	transcription regulatory region sequence-specific DNA binding
P08046	zinc ion binding
Q6GT24	peroxidase activity
Q6GT24	peroxiredoxin activity
Q8BVP2	L-lactate dehydrogenase activity
O70230	chromatin binding
O70230	DNA-binding transcription activator activity, RNA polymerase II-specific
O70230	DNA-binding transcription factor activity, RNA polymerase II-specific
O70230	metal ion binding
O70230	RNA polymerase II cis-regulatory region sequence-specific DNA binding
Q01853	ADP binding
Q01853	ATP binding
Q01853	ATPase activity
Q01853	BAT3 complex binding
Q01853	deubiquitinase activator activity
Q01853	identical protein binding
Q01853	K48-linked polyubiquitin modification-dependent protein binding
Q01853	lipid binding
Q01853	MHC class I protein binding
Q01853	polyubiquitin modification-dependent protein binding
Q01853	protein domain specific binding
Q01853	protein phosphatase binding
Q01853	protein-containing complex binding
Q01853	ubiquitin protein ligase binding
Q01853	ubiquitin-like protein ligase binding
Q01853	ubiquitin-specific protease binding
P61957	protein tag
P61957	retinoid X receptor binding
P61957	SUMO transferase activity
P61957	ubiquitin protein ligase binding
P61957	ubiquitin-like protein ligase binding
Q3U319	metal ion binding
Q3U319	mRNA 3'-UTR binding
Q3U319	protein homodimerization activity
Q3U319	protein-containing complex binding
Q3U319	syntaxin-1 binding
Q3U319	ubiquitin conjugating enzyme binding
Q3U319	ubiquitin protein ligase binding
Q3U319	ubiquitin-protein transferase activity
O88990	actin filament binding
O88990	calcium ion binding
O88990	protein-macromolecule adaptor activity
Q8K366	3'-5' exonuclease activity
Q8K366	nucleic acid binding
Q8K366	nucleotide binding
Q60973	RNA binding
Q60972	DNA-dependent ATPase activity
Q60972	histone deacetylase binding
Q60972	RNA polymerase II cis-regulatory region sequence-specific DNA binding
P97351	mRNA binding
P97351	structural constituent of ribosome
P97351	translation initiation factor binding
P09103	actin binding
P09103	enzyme binding
P09103	integrin binding
P09103	peptide disulfide oxidoreductase activity
P09103	protein disulfide isomerase activity
P09103	protein heterodimerization activity
P09103	protein-containing complex binding
P09103	thiol oxidase activity
P14824	actin filament binding
P14824	calcium channel activity
P14824	calcium ion binding
P14824	calcium-dependent phospholipid binding
P14824	calcium-dependent protein binding
P14824	cholesterol binding
P14824	chondroitin sulfate binding
P14824	GTP binding
P14824	identical protein binding
P14824	ligand-gated ion channel activity
P14824	lipid binding
P14824	phosphatidylserine binding
P14824	protein-containing complex binding
Q9CX00	identical protein binding
Q9CX00	MIT domain binding
Q9CX00	protein domain specific binding
Q9CX00	protein-containing complex binding
P32020	acetyl-CoA C-acyltransferase activity
P32020	acetyl-CoA C-myristoyltransferase activity
P32020	cholesterol binding
P32020	cholesterol transfer activity
P32020	fatty-acyl-CoA binding
P32020	identical protein binding
P32020	long-chain fatty acyl-CoA binding
P32020	oleic acid binding
P32020	phosphatidylcholine transfer activity
P32020	phosphatidylethanolamine transfer activity
P32020	phosphatidylinositol transfer activity
P32020	propanoyl-CoA C-acyltransferase activity
P32020	propionyl-CoA C2-trimethyltridecanoyltransferase activity
P32020	protein-containing complex binding
P32020	signaling receptor binding
P32020	sterol binding
Q91WR5	17-beta-hydroxysteroid dehydrogenase (NADP+) activity
Q91WR5	17-beta-ketosteroid reductase activity
Q91WR5	5alpha-androstane-3beta,17beta-diol dehydrogenase activity
Q91WR5	alditol:NADP+ 1-oxidoreductase activity
Q91WR5	aldo-keto reductase (NADP) activity
Q91WR5	androsterone dehydrogenase (B-specific) activity
Q91WR5	androsterone dehydrogenase activity
Q91WR5	bile acid binding
Q91WR5	carboxylic acid binding
Q91WR5	D-threo-aldose 1-dehydrogenase activity
Q91WR5	ketosteroid monooxygenase activity
Q91WR5	lithocholic acid binding
Q91WR5	NADP+ binding
Q91WR5	NADPH binding
Q91WR5	oxidoreductase activity, acting on NAD(P)H, quinone or similar compound as acceptor
Q91WR5	phenanthrene 9,10-monooxygenase activity
Q91WR5	steroid binding
Q91WR5	steroid dehydrogenase activity
Q91WR5	steroid dehydrogenase activity, acting on the CH-OH group of donors, NAD or NADP as acceptor
Q91WR5	trans-1,2-dihydrobenzene-1,2-diol dehydrogenase activity
Q8CID0	histone acetyltransferase activity
A2A7B5	DNA-binding transcription activator activity, RNA polymerase II-specific
A2A7B5	DNA-binding transcription factor activity, RNA polymerase II-specific
A2A7B5	DNA-binding transcription repressor activity, RNA polymerase II-specific
A2A7B5	histone methyltransferase activity
A2A7B5	RNA polymerase II transcription regulatory region sequence-specific DNA binding
A2A7B5	sequence-specific DNA binding
A2A934	histone methyltransferase activity (H3-K9 specific)
Q8K2I2	identical protein binding
Q03265	ADP binding
Q03265	angiostatin binding
Q03265	ATP binding
Q03265	MHC class I protein binding
Q03265	protease binding
Q03265	proton-transporting ATP synthase activity, rotational mechanism
P10922	chromatin DNA binding
P10922	double-stranded DNA binding
P10922	minor groove of adenine-thymine-rich DNA binding
P10922	nucleosomal DNA binding
Q5SXC4	DNA-binding transcription activator activity, RNA polymerase II-specific
Q5SXC4	DNA-binding transcription factor activity, RNA polymerase II-specific
Q5SXC4	RNA polymerase II transcription regulatory region sequence-specific DNA binding
Q6YND2	AF-2 domain binding
Q6YND2	DNA binding
Q6YND2	metal ion binding
Q6YND2	transcription coregulator activity
Q6YND2	transcription corepressor activity
Q6YND2	transcription factor binding
P48036	calcium ion binding
P48036	calcium transmembrane transporter activity, phosphorylative mechanism
P48036	calcium-dependent phospholipid binding
P48036	identical protein binding
P48036	peptide hormone binding
P48036	receptor tyrosine kinase binding
Q9DAI4	metal ion binding
Q9DAI4	RNA polymerase II transcription regulatory region sequence-specific DNA binding
Q9DAI4	sequence-specific double-stranded DNA binding
Q80Y84	dioxygenase activity
Q80Y84	DNA binding
Q80Y84	histone binding
Q80Y84	histone demethylase activity
Q80Y84	histone demethylase activity (H3-dimethyl-K4 specific)
Q80Y84	histone demethylase activity (H3-K4 specific)
Q80Y84	histone demethylase activity (H3-trimethyl-K4 specific)
Q80Y84	sequence-specific double-stranded DNA binding
Q80Y84	transcription corepressor activity
Q80Y84	zinc ion binding
P70694	17-alpha,20-alpha-dihydroxypregn-4-en-3-one dehydrogenase activity
P70694	alditol:NADP+ 1-oxidoreductase activity
P70694	aldo-keto reductase (NADP) activity
P70694	androsterone dehydrogenase activity
P70694	bile acid binding
P70694	chlordecone reductase activity
P70694	D-threo-aldose 1-dehydrogenase activity
P70694	estradiol 17-beta-dehydrogenase activity
P70694	ketosteroid monooxygenase activity
P70694	oxidoreductase activity, acting on NAD(P)H, quinone or similar compound as acceptor
P70694	retinal dehydrogenase activity
P70694	steroid dehydrogenase activity
P70694	testosterone 17-beta-dehydrogenase (NADP+) activity
P70696	DNA binding
P70696	histone binding
P70696	protein heterodimerization activity
P24270	aminoacylase activity
P24270	antioxidant activity
P24270	catalase activity
P24270	enzyme binding
P24270	heme binding
P24270	identical protein binding
P24270	metal ion binding
P24270	NADP binding
P24270	oxidoreductase activity, acting on peroxide as acceptor
P24270	peroxisome targeting sequence binding
P24270	protein homodimerization activity
P15105	ATP binding
P15105	dynein light chain binding
P15105	glutamate binding
P15105	glutamate-ammonia ligase activity
P15105	identical protein binding
P15105	magnesium ion binding
P15105	manganese ion binding
P15105	protein-cysteine S-palmitoyltransferase activity
Q60980	DNA binding
Q60980	DNA-binding transcription factor activity, RNA polymerase II-specific
Q60980	DNA-binding transcription repressor activity, RNA polymerase II-specific
Q60980	metal ion binding
Q60980	RNA polymerase II cis-regulatory region sequence-specific DNA binding
Q60980	RNA polymerase II transcription regulatory region sequence-specific DNA binding
Q60980	sequence-specific double-stranded DNA binding
O88844	identical protein binding
O88844	isocitrate dehydrogenase (NADP+) activity
O88844	isocitrate dehydrogenase activity
O88844	magnesium ion binding
O88844	NAD binding
O88844	NADP binding
O88844	protein homodimerization activity
O88379	metal ion binding
Q8CF60	DNA-binding transcription factor activity, RNA polymerase II-specific
Q8CF60	DNA-binding transcription repressor activity, RNA polymerase II-specific
Q8CF60	metal ion binding
Q8CF60	RNA polymerase II cis-regulatory region sequence-specific DNA binding
Q8CF60	sequence-specific DNA binding
Q8CF60	sequence-specific double-stranded DNA binding
P10853	DNA binding
P10853	identical protein binding
P10853	protein heterodimerization activity
P43274	ADP binding
P43274	AMP binding
P43274	ATP binding
P43274	calcium ion binding
P43274	dATP binding
P43274	DNA binding
P43274	double-stranded DNA binding
P43274	GTP binding
P43274	nucleosomal DNA binding
P43274	nucleotide binding
P43275	DNA binding
P43275	double-stranded DNA binding
P43275	heparin binding
P43275	nucleosomal DNA binding
P43276	DNA binding
P43276	double-stranded DNA binding
P43276	nucleosomal DNA binding
P43277	chromatin DNA binding
P43277	DNA binding
P43277	double-stranded DNA binding
P43277	nucleosomal DNA binding
Q8K4B0	chromatin binding
Q8K4B0	enzyme binding
Q8K4B0	histone deacetylase binding
Q8K4B0	RNA polymerase II cis-regulatory region sequence-specific DNA binding
Q8K4B0	RNA polymerase II repressing transcription factor binding
Q8K4B0	transcription coactivator activity
Q8K4B0	transcription corepressor activity
Q8K4B0	zinc ion binding
Q8BTI8	mRNA binding
Q9Z2E1	C2H2 zinc finger domain binding
Q9Z2E1	chromatin binding
Q9Z2E1	DNA binding
Q9Z2E1	methyl-CpG binding
Q9Z2E1	mRNA binding
Q9Z2E1	protein domain specific binding
Q9Z2E1	siRNA binding
Q61122	transcription coregulator activity
Q61122	transcription factor binding
P08074	carbonyl reductase (NADPH) activity
P08074	identical protein binding
P08074	L-xylulose reductase (NADP+) activity
P08074	protein self-association
Q08874	chromatin binding
Q08874	DNA binding
Q08874	DNA-binding transcription activator activity, RNA polymerase II-specific
Q08874	DNA-binding transcription factor activity
Q08874	DNA-binding transcription factor activity, RNA polymerase II-specific
Q08874	E-box binding
Q08874	protein dimerization activity
Q08874	RNA polymerase II cis-regulatory region sequence-specific DNA binding
Q08874	sequence-specific DNA binding
Q80U93	nuclear export signal receptor activity
Q80U93	nuclear localization sequence binding
Q80U93	structural constituent of nuclear pore
Q64092	DNA binding
Q64092	DNA-binding transcription factor activity
Q64092	DNA-binding transcription factor activity, RNA polymerase II-specific
Q64092	protein heterodimerization activity
Q64092	RNA polymerase II cis-regulatory region sequence-specific DNA binding
Q64092	sequence-specific double-stranded DNA binding
Q64092	transcription regulatory region sequence-specific DNA binding
Q64318	chromatin binding
Q64318	DNA-binding transcription factor activity, RNA polymerase II-specific
Q64318	DNA-binding transcription repressor activity, RNA polymerase II-specific
Q64318	double-stranded DNA binding
Q64318	E-box binding
Q64318	metal ion binding
Q64318	RNA polymerase II cis-regulatory region sequence-specific DNA binding
Q64318	sequence-specific DNA binding
Q8R317	identical protein binding
Q8R317	intermediate filament binding
Q8R317	kinase binding
Q8R317	polyubiquitin modification-dependent protein binding
Q8R317	protein domain specific binding
Q8R317	signaling receptor binding
B2RRF6	DNA-binding transcription factor activity, RNA polymerase II-specific
B2RRF6	metal ion binding
B2RRF6	RNA polymerase II transcription regulatory region sequence-specific DNA binding
G3UZV2	DNA-binding transcription repressor activity, RNA polymerase II-specific
G3UZV2	double-stranded DNA binding
G3UZV2	identical protein binding
G3UZV2	RNA polymerase II cis-regulatory region sequence-specific DNA binding
G3UZV2	transcription factor binding
Q9CQM9	identical protein binding
Q9CQM9	iron-sulfur cluster binding
Q9CQM9	metal ion binding
Q9CQM9	protein disulfide oxidoreductase activity
Q9CQM9	protein kinase C binding
Q3UNN4	None
Q8R3L8	ATP binding
Q8R3L8	cyclin-dependent protein serine/threonine kinase activity
Q8R3L8	protein kinase activity
Q8R3L8	protein serine kinase activity
Q8R3L8	protein threonine kinase activity
Q8R3L8	RNA polymerase II CTD heptapeptide repeat kinase activity
P62983	metal ion binding
P62983	protein tag
P62983	structural constituent of ribosome
P62983	ubiquitin protein ligase binding
P48722	ATP binding
P48722	ATPase activity
Q9QX47	DNA binding
Q9QX47	RNA binding
Q9QX47	RS domain binding
Q4VA53	DNA binding
Z4YJZ7	histone-lysine N-methyltransferase activity
Z4YJZ7	p53 binding
Z4YJZ7	zinc ion binding
Q9QXF8	folic acid binding
Q9QXF8	glycine binding
Q9QXF8	glycine N-methyltransferase activity
Q9QXF8	identical protein binding
Q9QXF8	S-adenosyl-L-methionine binding
O35488	arachidonate-CoA ligase activity
O35488	ATP binding
O35488	cholate-CoA ligase activity
O35488	enzyme binding
O35488	fatty acid transmembrane transporter activity
O35488	long-chain fatty acid transporter activity
O35488	long-chain fatty acid-CoA ligase activity
O35488	phytanate-CoA ligase activity
O35488	pristanate-CoA ligase activity
O35488	very long-chain fatty acid-CoA ligase activity
E9Q2U5	G protein-coupled receptor activity
Q3V1D3	AMP deaminase activity
Q3V1D3	identical protein binding
Q3V1D3	metal ion binding
Q3V1D3	myosin heavy chain binding
Q6NS86	DNA-binding transcription factor activity
Q6NS86	estrogen receptor binding
Q6NS86	metal ion binding
Q6NS86	RNA polymerase II cis-regulatory region sequence-specific DNA binding
Q6NS86	transcription corepressor activity
Q91YI0	argininosuccinate lyase activity
Q91YI0	identical protein binding
P37242	chromatin binding
P37242	chromatin DNA binding
P37242	DNA-binding transcription factor activity
P37242	double-stranded DNA binding
P37242	enzyme binding
P37242	identical protein binding
P37242	nuclear receptor activity
P37242	RNA polymerase II cis-regulatory region sequence-specific DNA binding
P37242	RNA polymerase II transcription coactivator binding
P37242	sequence-specific double-stranded DNA binding
P37242	thyroid hormone binding
P37242	zinc ion binding
Q9CPQ9	fructose-bisphosphate aldolase activity
P62270	protein kinase binding
P62270	rRNA binding
P62270	structural constituent of ribosome
P41230	dioxygenase activity
P41230	DNA binding
P41230	histone demethylase activity
P41230	histone demethylase activity (H3-K4 specific)
P41230	histone demethylase activity (H3-trimethyl-K4 specific)
P41230	identical protein binding
P41230	RNA polymerase II transcription factor binding
P41230	zinc ion binding
O55143	ATP binding
O55143	ATPase activity
O55143	calcium ion binding
O55143	calcium transmembrane transporter activity, phosphorylative mechanism
O55143	calcium-transporting ATPase activity involved in regulation of cardiac muscle cell membrane potential
O55143	enzyme binding
O55143	ion channel binding
O55143	lutropin-choriogonadotropic hormone receptor binding
O55143	protein C-terminus binding
O55143	proton-exporting ATPase activity, phosphorylative mechanism
O55143	S100 protein binding
Q8VHR5	sequence-specific DNA binding
Q8VHR5	zinc ion binding
O54941	DNA binding
O54941	N-acetyltransferase activity
O54941	nuclear receptor binding
O54941	protein N-terminus binding
O54941	RNA binding
P48437	DNA binding
P48437	DNA binding domain binding
P48437	DNA-binding transcription factor activity
P48437	DNA-binding transcription factor activity, RNA polymerase II-specific
P48437	DNA-binding transcription repressor activity, RNA polymerase II-specific
P48437	LBD domain binding
P48437	nuclear receptor binding
P48437	RNA polymerase II cis-regulatory region sequence-specific DNA binding
P48437	sequence-specific DNA binding
P48437	sequence-specific double-stranded DNA binding
P48437	transcription regulatory region sequence-specific DNA binding
Q62511	metal ion binding
Q62511	ubiquitin-protein transferase activity
Q9JKR6	ATP binding
Q9JKR6	ATPase activity
P56480	ADP binding
P56480	angiostatin binding
P56480	ATP binding
P56480	ATPase activity
P56480	calcium ion binding
P56480	lipoprotein particle receptor activity
P56480	MHC class I protein binding
P56480	proton-transporting ATP synthase activity, rotational mechanism
P56480	proton-transporting ATPase activity, rotational mechanism
Q8BLM0	DNA binding
Q8BLM0	DNA-binding transcription factor activity, RNA polymerase II-specific
Q8BLM0	DNA-binding transcription repressor activity, RNA polymerase II-specific
Q8BLM0	metal ion binding
Q8BLM0	RNA polymerase II cis-regulatory region sequence-specific DNA binding
P26323	chromatin binding
P26323	DNA-binding transcription activator activity, RNA polymerase II-specific
P26323	DNA-binding transcription factor activity, RNA polymerase II-specific
P26323	RNA polymerase II cis-regulatory region sequence-specific DNA binding
P26323	sequence-specific DNA binding
P26323	sequence-specific double-stranded DNA binding
Q6GSS7	DNA binding
Q6GSS7	protein heterodimerization activity
P53657	ATP binding
P53657	kinase activity
P53657	magnesium ion binding
P53657	potassium ion binding
P53657	pyruvate kinase activity
Q9JJL0	None
P59110	SUMO-specific isopeptidase activity
Q9D8N0	translation elongation factor activity
Q8CCA6	None
P58462	chromatin binding
P58462	DNA binding
P58462	DNA-binding transcription factor activity
P58462	DNA-binding transcription factor activity, RNA polymerase II-specific
P58462	DNA-binding transcription repressor activity, RNA polymerase II-specific
P58462	identical protein binding
P58462	metal ion binding
P58462	protein self-association
P58462	RNA polymerase II cis-regulatory region sequence-specific DNA binding
P58462	transcription factor binding
P58462	transcription regulatory region sequence-specific DNA binding
Q0P678	metal ion binding
Q9DBC7	cAMP binding
Q9DBC7	cAMP-dependent protein kinase inhibitor activity
Q9DBC7	cAMP-dependent protein kinase regulator activity
Q9DBC7	protein domain specific binding
Q9DBC7	protein kinase A catalytic subunit binding
Q9DBC7	ubiquitin protein ligase binding
Q3TUF7	histone binding
Q3TUF7	modification-dependent protein binding
Q3TUF7	TBP-class protein binding
Q8BMS1	3-hydroxyacyl-CoA dehydrogenase activity
Q8BMS1	acetyl-CoA C-acyltransferase activity
Q8BMS1	enoyl-CoA hydratase activity
Q8BMS1	fatty-acyl-CoA binding
Q8BMS1	long-chain-3-hydroxyacyl-CoA dehydrogenase activity
Q8BMS1	long-chain-enoyl-CoA hydratase activity
Q8BMS1	NAD binding
Q8BMS1	NAD+ binding
Q8BMS1	protein-containing complex binding
Q9JHI7	mRNA 3'-UTR AU-rich region binding
Q9JHI7	RNA polymerase II activating transcription factor binding
Q3TYM2	DNA binding
Q99LI5	DNA-binding transcription factor activity
Q99LI5	DNA-binding transcription repressor activity, RNA polymerase II-specific
Q99LI5	metal ion binding
Q99LI5	RNA polymerase II cis-regulatory region sequence-specific DNA binding
Q99LI5	sequence-specific DNA binding
Q99LI5	sequence-specific double-stranded DNA binding
Q99LI5	transcription regulatory region sequence-specific DNA binding
Q9QZ47-7	calcium-dependent protein binding
Q9QZ47-7	tropomyosin binding
Q9QZ47-7	troponin C binding
Q9QZ47-7	troponin I binding
Q52KI8	DNA binding
Q8QZT1	acetyl-CoA C-acetyltransferase activity
Q8QZT1	C-acetyltransferase activity
Q8QZT1	coenzyme A binding
Q8QZT1	enzyme binding
Q8QZT1	identical protein binding
Q8QZT1	potassium ion binding
P11983	ATP binding
P11983	ATPase activity
P11983	protein folding chaperone
P11983	ubiquitin protein ligase binding
P11983	unfolded protein binding
Q80Y44	ATP binding
Q80Y44	RNA binding
Q80Y44	RNA helicase activity
Q8CHP8	glycerol-1-phosphatase activity
Q8CHP8	glycerol-3-phosphatase activity
Q8CHP8	magnesium ion binding
Q8CHP8	nucleotide phosphatase activity, acting on free nucleotides
Q8CHP8	phosphatase activity
Q8CHP8	phosphoglycolate phosphatase activity
Q8CHP8	protein tyrosine phosphatase activity
Q8CG46	ATP binding
Q8CG46	ATPase activity
B1AVB4	chromatin binding
B1AVB4	histone binding
Q3V086	ATP binding
Q3V086	nucleic acid binding
Q3V086	RNA helicase activity
Q8CHP6	chromatin binding
Q8CHP6	DNA binding
Q8CHP6	histone binding
Q8CHP6	zinc ion binding
Q04859-3	ATP binding
Q04859-3	MAP kinase activity
Q04859-3	metal ion binding
Q04859-3	protein kinase activity
Q04859-3	protein serine kinase activity
Q04859-3	protein threonine kinase activity
Q04859-3	transcription coactivator activity
S4R1M2	RNA binding
Q61768	ATP binding
Q61768	ATP-dependent microtubule motor activity, plus-end-directed
Q61768	ATPase activity
Q61768	identical protein binding
Q61768	JUN kinase binding
Q61768	microtubule binding
Q61768	microtubule lateral binding
Q61768	microtubule motor activity
Q9JHR7	amyloid-beta binding
Q9JHR7	ATP binding
Q9JHR7	ATPase activity
Q9JHR7	beta-endorphin binding
Q9JHR7	endopeptidase activity
Q9JHR7	identical protein binding
Q9JHR7	insulin binding
Q9JHR7	metalloendopeptidase activity
Q9JHR7	peptide binding
Q9JHR7	peptide hormone binding
Q9JHR7	protein homodimerization activity
Q9JHR7	protein-containing complex binding
Q9JHR7	ubiquitin-dependent protein binding
Q9JHR7	zinc ion binding
Q8CGF7	DNA-binding transcription factor activity
Q8CGF7	identical protein binding
Q8CGF7	proline-rich region binding
Q8CGF7	RNA polymerase binding
Q8CGF7	RNA polymerase II repressing transcription factor binding
Q8CGF7	transcription coregulator activity
Q8CGF7	transcription corepressor activity
Q8CGF7	ubiquitin-like protein conjugating enzyme binding
P62827	dynein intermediate chain binding
P62827	GDP binding
P62827	GTP binding
P62827	GTPase activity
P62827	importin-alpha family protein binding
P62827	magnesium ion binding
P62827	protein domain specific binding
P62827	protein heterodimerization activity
P62827	protein-containing complex binding
P17918	chromatin binding
P17918	damaged DNA binding
P17918	dinucleotide insertion or deletion binding
P17918	DNA polymerase binding
P17918	DNA polymerase processivity factor activity
P17918	enzyme binding
P17918	estrogen receptor binding
P17918	histone acetyltransferase binding
P17918	identical protein binding
P17918	MutLalpha complex binding
P17918	protein C-terminus binding
P17918	protein-containing complex binding
P17918	purine-specific mismatch base pair DNA N-glycosylase activity
P17918	receptor tyrosine kinase binding
P17918	transcription factor binding
O08810	GTP binding
O08810	GTPase activity
O08810	U5 snRNA binding
P63166	enzyme binding
P63166	potassium channel regulator activity
P63166	protein tag
P63166	small protein activating enzyme binding
P63166	transcription factor binding
P63166	ubiquitin protein ligase binding
P63166	ubiquitin-like protein ligase binding
P63166	ubiquitin-specific protease binding
Q8BZ21	acetyltransferase activity
Q8BZ21	chromatin binding
Q8BZ21	DNA binding
Q8BZ21	histone acetyltransferase activity
Q8BZ21	histone binding
Q8BZ21	transcription coactivator activity
Q8BZ21	transcription coregulator activity
Q8BZ21	transcription factor binding
Q8BZ21	zinc ion binding
Q3LR78	DNA-binding transcription factor activity
Q3LR78	DNA-binding transcription factor activity, RNA polymerase II-specific
Q3LR78	methyl-CpG binding
Q3LR78	protein homodimerization activity
Q3LR78	RNA polymerase II cis-regulatory region sequence-specific DNA binding
E9QA68	DNA-binding transcription factor activity
E9QA68	RNA polymerase II cis-regulatory region sequence-specific DNA binding
Q8BHJ5	beta-catenin binding
Q8BHJ5	DNA binding
Q8BHJ5	histone binding
Q8BHJ5	protein N-terminus binding
Q8BHJ5	transcription corepressor activity
Q8BHJ5	transcription regulatory region sequence-specific DNA binding
O70494	chromatin binding
O70494	cis-regulatory region sequence-specific DNA binding
O70494	DNA binding
O70494	DNA-binding transcription factor activity
O70494	DNA-binding transcription factor activity, RNA polymerase II-specific
O70494	DNA-binding transcription repressor activity, RNA polymerase II-specific
O70494	double-stranded DNA binding
O70494	metal ion binding
O70494	RNA polymerase II cis-regulatory region sequence-specific DNA binding
O70494	RNA polymerase II transcription regulatory region sequence-specific DNA binding
O70494	sequence-specific double-stranded DNA binding
Q9QZR5	ATP binding
Q9QZR5	protein kinase activity
Q9QZR5	protein serine kinase activity
Q9QZR5	protein serine/threonine kinase activity
Q9QZR5	protein threonine kinase activity
Q9QZR5	protein tyrosine kinase activity
Q9QZR5	RNA polymerase II activating transcription factor binding
Q9QZR5	SMAD binding
Q9QZR5	transcription corepressor activity
Q9QZR5	virion binding
Q8VII8	DNA-binding transcription factor activity
Q8VII8	double-stranded DNA binding
Q8VII8	identical protein binding
Q8VII8	nuclear receptor activity
Q8VII8	protein-containing complex binding
Q8VII8	RNA polymerase II cis-regulatory region sequence-specific DNA binding
Q8VII8	sequence-specific DNA binding
Q8VII8	sequence-specific double-stranded DNA binding
Q8VII8	steroid binding
Q8VII8	steroid hormone receptor activity
Q8VII8	zinc ion binding
Q62261	actin binding
Q62261	ankyrin binding
Q62261	calmodulin binding
Q62261	GTPase binding
Q62261	phospholipid binding
Q62261	protein-containing complex binding
Q62261	structural constituent of cytoskeleton
Q9EQ20	malonate-semialdehyde dehydrogenase (acetylating) activity
Q9EQ20	malonate-semialdehyde dehydrogenase (acetylating, NAD+) activity
Q9EQ20	methylmalonate-semialdehyde dehydrogenase (acylating) activity
Q9EQ20	thiolester hydrolase activity
E9Q6S0	DNA-binding transcription factor activity, RNA polymerase II-specific
E9Q6S0	DNA-binding transcription repressor activity, RNA polymerase II-specific
E9Q6S0	metal ion binding
E9Q6S0	RNA polymerase II transcription regulatory region sequence-specific DNA binding
E9Q6S0	sequence-specific double-stranded DNA binding
E9Q784	metal ion binding
O35459	delta3,5-delta2,4-dienoyl-CoA isomerase activity
P13541	actin filament binding
P13541	ATP binding
P13541	ATPase activity
P13541	calmodulin binding
P13541	microfilament motor activity
Q99L47	chaperone binding
Q99L47	dATP binding
Q99L47	heat shock protein binding
Q99L47	Hsp70 protein binding
Q99L47	identical protein binding
Q99L47	protein dimerization activity
Q99L47	protein domain specific binding
Q99L47	protein-containing complex binding
Q99L47	unfolded protein binding
Q9JII6	alcohol dehydrogenase (NADP+) activity
Q9JII6	alditol:NADP+ 1-oxidoreductase activity
Q9JII6	allyl-alcohol dehydrogenase activity
Q9JII6	D-threo-aldose 1-dehydrogenase activity
Q9JII6	glucuronolactone reductase activity
Q9JII6	glycerol dehydrogenase [NADP+] activity
Q9JII6	L-glucuronate reductase activity
Q9JII6	methylglyoxal reductase (NADPH-dependent, acetol producing)
Q9JII6	mevaldate reductase (NADPH) activity
O08784	protein heterodimerization activity
O08784	protein-macromolecule adaptor activity
O08784	scaffold protein binding
P62242	structural constituent of ribosome
Q6PDK2	DNA-binding transcription activator activity, RNA polymerase II-specific
Q6PDK2	histone binding
Q6PDK2	histone methyltransferase activity (H3-K4 specific)
Q6PDK2	metal ion binding
Q6PDK2	transcription coactivator activity
Q6PDK2	transcription regulatory region sequence-specific DNA binding
Q61164	chromatin binding
Q61164	chromatin insulator sequence binding
Q61164	DNA binding
Q61164	DNA-binding transcription activator activity, RNA polymerase II-specific
Q61164	DNA-binding transcription factor activity
Q61164	DNA-binding transcription repressor activity, RNA polymerase II-specific
Q61164	metal ion binding
Q61164	RNA polymerase II cis-regulatory region sequence-specific DNA binding
Q61164	sequence-specific DNA binding
Q61164	transcription regulatory region sequence-specific DNA binding
Q9R1P0	endopeptidase activity
Q9R1P0	threonine-type endopeptidase activity
Q8BWT1	acetyl-CoA C-acetyltransferase activity
Q8BWT1	acetyl-CoA C-acyltransferase activity
Q8BWT1	acetyl-CoA hydrolase activity
Q8BWT1	acyl-CoA hydrolase activity
Q8BWT1	myristoyl-CoA hydrolase activity
Q8BWT1	palmitoyl-CoA hydrolase activity
Q60749	identical protein binding
Q60749	mRNA binding
Q60749	poly(A) binding
Q60749	poly(U) RNA binding
Q60749	protein domain specific binding
Q60749	protein tyrosine kinase binding
Q60749	protein-containing complex binding
Q60749	RNA binding
Q60749	SH2 domain binding
Q60749	SH3 domain binding
Q60749	signaling adaptor activity
Q9WUL7	GDP binding
Q9WUL7	GTP binding
Q9WUL7	GTPase activating protein binding
Q9WUL7	GTPase activity
Q9WUL7	magnesium ion binding
Q9WUL7	microtubule binding
P68372	double-stranded RNA binding
P68372	GTP binding
P68372	GTPase activity
P68372	structural constituent of cytoskeleton
Q5SWT9	DNA binding
Q5SWT9	protein domain specific binding
O88466	metal ion binding
O88466	opioid peptide activity
O88466	RNA binding
O88466	SH3 domain binding
Q920B9	nucleosome binding
P61965	histone binding
P61965	histone methyltransferase activity (H3-K4 specific)
P61965	methylated histone binding
Q6KAS7	DNA binding
Q6KAS7	metal ion binding
Q6KAS7	protein domain specific binding
Q8BFZ3	ATP binding
Q8BFZ3	protein kinase binding
Q8BFZ3	structural constituent of postsynaptic actin cytoskeleton
Q04888	chromatin binding
Q04888	DNA binding
Q04888	DNA-binding transcription activator activity
Q04888	DNA-binding transcription factor activity
Q04888	DNA-binding transcription factor activity, RNA polymerase II-specific
Q04888	identical protein binding
Q04888	promoter-specific chromatin binding
Q04888	RNA polymerase II cis-regulatory region sequence-specific DNA binding
Q04888	sequence-specific double-stranded DNA binding
Q04888	transcription factor binding
Q04888	transcription regulatory region sequence-specific DNA binding
P51667	actin monomer binding
P51667	calcium ion binding
Q6P3Y5	DNA-binding transcription factor activity, RNA polymerase II-specific
Q6P3Y5	metal ion binding
Q6P3Y5	RNA polymerase II cis-regulatory region sequence-specific DNA binding
P51881	adenine nucleotide transmembrane transporter activity
P51881	ATP:ADP antiporter activity
P51881	oxidative phosphorylation uncoupler activity
P51881	proton transmembrane transporter activity
P51881	ubiquitin protein ligase binding
Q04886	cis-regulatory region sequence-specific DNA binding
Q04886	DNA-binding transcription factor activity
Q04886	DNA-binding transcription factor activity, RNA polymerase II-specific
Q04886	RNA polymerase II cis-regulatory region sequence-specific DNA binding
Q04886	sequence-specific DNA binding
Q04886	sequence-specific double-stranded DNA binding
Q04886	transcription factor binding
Q58A65	identical protein binding
Q58A65	JUN kinase binding
Q58A65	kinesin binding
Q58A65	MAP-kinase scaffold activity
Q58A65	mitogen-activated protein kinase p38 binding
Q58A65	signaling receptor complex adaptor activity
E9PWW9	histone binding
E9PWW9	metal ion binding
E9PWW9	transcription coregulator activity
Q8VDZ4	palmitoyltransferase activity
Q8VDZ4	protein-cysteine S-palmitoyltransferase activity
Q99PL5	None
P07901	ATP binding
P07901	ATPase activity
P07901	CTP binding
P07901	dATP binding
P07901	disordered domain specific binding
P07901	DNA polymerase binding
P07901	GTP binding
P07901	GTPase binding
P07901	histone deacetylase binding
P07901	identical protein binding
P07901	ion channel binding
P07901	mRNA binding
P07901	nitric-oxide synthase regulator activity
P07901	protein folding chaperone
P07901	protein homodimerization activity
P07901	protein phosphatase binding
P07901	protein tyrosine kinase binding
P07901	Rho GDP-dissociation inhibitor binding
P07901	scaffold protein binding
P07901	sulfonylurea receptor binding
P07901	tau protein binding
P07901	TPR domain binding
P07901	ubiquitin protein ligase binding
P07901	unfolded protein binding
P07901	UTP binding
P47738	aldehyde dehydrogenase (NAD+) activity
P47738	glyceraldehyde-3-phosphate dehydrogenase (NAD+) (non-phosphorylating) activity
P47738	identical protein binding
P47738	NAD binding
P47738	NADH binding
P25688	urate oxidase activity
P63017	A1 adenosine receptor binding
P63017	ADP binding
P63017	ATP binding
P63017	ATPase activity
P63017	C3HC4-type RING finger domain binding
P63017	chaperone binding
P63017	clathrin-uncoating ATPase activity
P63017	enzyme binding
P63017	G protein-coupled receptor binding
P63017	heat shock protein binding
P63017	misfolded protein binding
P63017	peptide binding
P63017	phosphatidylserine binding
P63017	prostaglandin binding
P63017	protein folding chaperone
P63017	protein-macromolecule adaptor activity
P63017	RNA binding
P63017	signaling receptor binding
P63017	transcription factor binding
P63017	ubiquitin protein ligase binding
P63017	unfolded protein binding
P84244	nucleosomal DNA binding
P84244	protein heterodimerization activity
P84244	RNA polymerase II cis-regulatory region sequence-specific DNA binding
P84244	RNA polymerase II core promoter sequence-specific DNA binding
Q9JKS4-4	actin binding
Q9JKS4-4	cytoskeletal protein binding
Q9JKS4-4	metal ion binding
Q9JKS4-4	muscle alpha-actinin binding
Q9JKS4-4	protein kinase C binding
P97868	nucleic acid binding
P97868	protein kinase binding
P97868	ubiquitin protein ligase activity
P97868	ubiquitin-protein transferase activity
P97868	zinc ion binding
P83917	enzyme binding
P83917	histone methyltransferase binding
P83917	identical protein binding
P97460	DNA binding
P97460	DNA-binding transcription factor activity, RNA polymerase II-specific
P97460	Hsp90 protein binding
P97460	metal ion binding
P97460	protein dimerization activity
P97460	RNA polymerase II cis-regulatory region sequence-specific DNA binding
P97460	sequence-specific double-stranded DNA binding
P35979	large ribosomal subunit rRNA binding
P35979	structural constituent of ribosome
Q3UKW2	calcium ion binding
P15864	chromatin DNA binding
P15864	DNA binding
P15864	double-stranded DNA binding
P15864	nucleosomal DNA binding
Q3UYJ1	DNA-binding transcription factor activity
Q3UYJ1	sequence-specific DNA binding
Q3UYJ1	zinc ion binding
P63242	protein N-terminus binding
P63242	ribosome binding
P63242	RNA binding
P63242	translation elongation factor activity
P63242	U6 snRNA binding
Q14BI5	actin filament binding
Q14BI5	kinase binding
Q14BI5	structural constituent of cytoskeleton
Q6NZM9	activating transcription factor binding
Q6NZM9	chromatin binding
Q6NZM9	DNA binding
Q6NZM9	histone deacetylase activity
Q6NZM9	histone deacetylase binding
Q6NZM9	identical protein binding
Q6NZM9	NAD-dependent histone deacetylase activity (H3-K14 specific)
Q6NZM9	potassium ion binding
Q6NZM9	promoter-specific chromatin binding
Q6NZM9	protein deacetylase activity
Q6NZM9	protein kinase binding
Q6NZM9	repressing transcription factor binding
Q6NZM9	RNA polymerase II cis-regulatory region sequence-specific DNA binding
Q6NZM9	RNA polymerase II transcription factor binding
Q6NZM9	SUMO transferase activity
Q6NZM9	transcription corepressor activity
Q6NZM9	transcription factor binding
Q6NZM9	zinc ion binding
Q61655	ATP binding
Q61655	RNA binding
Q61655	RNA helicase activity
Q5PSV9	FHA domain binding
Q5PSV9	identical protein binding
Q5PSV9	protein C-terminus binding
Q64433	ATP binding
Q64433	ATPase activity
Q64433	chaperone binding
Q64433	metal ion binding
Q64433	unfolded protein binding
P17183	enzyme binding
P17183	identical protein binding
P17183	magnesium ion binding
P17183	phosphopyruvate hydratase activity
P17183	protein-containing complex binding
P17182	DNA-binding transcription repressor activity, RNA polymerase II-specific
P17182	enzyme binding
P17182	GTPase binding
P17182	heat shock protein binding
P17182	identical protein binding
P17182	magnesium ion binding
P17182	phosphopyruvate hydratase activity
P17182	protein homodimerization activity
P17182	protein-containing complex binding
P17182	RNA binding
P17182	RNA polymerase II transcription regulatory region sequence-specific DNA binding
Q6A4J8	cysteine-type endopeptidase activity
Q6A4J8	identical protein binding
Q6A4J8	Lys48-specific deubiquitinase activity
Q6A4J8	p53 binding
Q6A4J8	protein C-terminus binding
Q6A4J8	thiol-dependent ubiquitin-specific protease activity
Q6A4J8	transcription factor binding
Q6A4J8	ubiquitin protein ligase binding
Q6A4J8	ubiquitinyl hydrolase activity
Q6DFW4	ATPase binding
Q6DFW4	snoRNA binding
Q6DFW4	TFIID-class transcription factor complex binding
Q9R0Y5	adenylate kinase activity
Q9R0Y5	ATP binding
Q9R0Y5	nucleoside diphosphate kinase activity
Q9DCC5	None
Q6GU14	activating transcription factor binding
Q6GU14	alpha-actinin binding
Q6GU14	DNA binding domain binding
Q6GU14	estrogen receptor binding
Q6GU14	identical protein binding
Q6GU14	LBD domain binding
Q6GU14	nuclear receptor activity
Q6GU14	peptide binding
Q6GU14	protein C-terminus binding
Q6GU14	protein phosphatase binding
Q6GU14	protein self-association
Q6GU14	retinoid X receptor binding
Q6GU14	transcription regulatory region sequence-specific DNA binding
Q6GU14	zinc ion binding
Q4VAD4	metal ion binding
Q9ESX5	box H/ACA snoRNA binding
Q9ESX5	pseudouridine synthase activity
Q9ESX5	RNA binding
Q9ESX5	telomerase activity
Q9ESX5	telomerase RNA binding
Q3TML0	peptide disulfide oxidoreductase activity
Q3TML0	protein disulfide isomerase activity
Q6PAQ8	DNA binding
Q6PAQ8	DNA-binding transcription factor activity
P39087	extracellularly glutamate-gated ion channel activity
P39087	glutamate receptor activity
P39087	identical protein binding
P39087	ionotropic glutamate receptor activity
P39087	kainate selective glutamate receptor activity
P39087	ligand-gated ion channel activity
P39087	ligand-gated ion channel activity involved in regulation of presynaptic membrane potential
P39087	PDZ domain binding
P39087	signaling receptor activity
P39087	transmitter-gated ion channel activity involved in regulation of postsynaptic membrane potential
P39087	ubiquitin conjugating enzyme binding
P39087	ubiquitin protein ligase binding
P50247	adenosylhomocysteinase activity
P50247	adenyl nucleotide binding
P50247	copper ion binding
P50247	identical protein binding
P50247	NAD binding
P50247	protein self-association
Q9R0P9	alpha-2A adrenergic receptor binding
Q9R0P9	cysteine-type endopeptidase activity
Q9R0P9	ligase activity
Q9R0P9	omega peptidase activity
Q9R0P9	thiol-dependent ubiquitin-specific protease activity
Q9R0P9	ubiquitin binding
Q9R0P9	ubiquitin protein ligase binding
Q3V3W4	DNA-binding transcription repressor activity, RNA polymerase II-specific
Q3V3W4	identical protein binding
Q3V3W4	RNA polymerase II cis-regulatory region sequence-specific DNA binding
Q3V3W4	sequence-specific double-stranded DNA binding
Q6P5G3	chromatin binding
Q6P5G3	histone binding
Q6P5G3	methylated histone binding
Q6P5G3	zinc ion binding
Q8CH18	nuclear receptor coactivator activity
Q8CH18	RNA polymerase II cis-regulatory region sequence-specific DNA binding
Q8CH18	transcription coactivator activity
Q8CH18	transcription corepressor activity
Q62296	DNA binding
Q62296	DNA-binding transcription activator activity, RNA polymerase II-specific
Q62296	DNA-binding transcription factor activity
Q62296	DNA-binding transcription factor activity, RNA polymerase II-specific
Q62296	RNA polymerase II cis-regulatory region sequence-specific DNA binding
Q62296	sequence-specific DNA binding
Q8BIZ1	ephrin receptor binding
Q8BIZ6	mRNA binding
Q64374	calcium ion binding
Q64374	enzyme regulator activity
Q64374	gluconolactonase activity
Q64374	zinc ion binding
P51448	beta-catenin binding
P51448	DNA binding
P51448	DNA-binding transcription factor activity
P51448	DNA-binding transcription factor activity, RNA polymerase II-specific
P51448	ligand-activated transcription factor activity
P51448	nuclear receptor activity
P51448	oxysterol binding
P51448	RNA polymerase II cis-regulatory region sequence-specific DNA binding
P51448	RNA polymerase II transcription regulatory region sequence-specific DNA binding
P51448	sequence-specific DNA binding
P51448	transcription coactivator binding
P51448	transcription corepressor binding
P51448	transcription factor binding
P51448	zinc ion binding
Q99NB9	chromatin binding
Q99NB9	mRNA binding
Q99NB9	RNA binding
Q99NB9	splicing factor binding
P62889	RNA binding
P62889	selenocysteine insertion sequence binding
P62889	structural constituent of ribosome
Q9JJN2	DNA-binding transcription factor activity, RNA polymerase II-specific
Q9JJN2	RNA polymerase II cis-regulatory region sequence-specific DNA binding
Q9JJN2	zinc ion binding
O08900	DNA-binding transcription activator activity, RNA polymerase II-specific
O08900	DNA-binding transcription factor activity
O08900	histone deacetylase binding
O08900	identical protein binding
O08900	metal ion binding
O08900	promoter-specific chromatin binding
O08900	protein homodimerization activity
O08900	RNA polymerase II cis-regulatory region sequence-specific DNA binding
O08900	RNA polymerase II transcription regulatory region sequence-specific DNA binding
O08900	sequence-specific DNA binding
P20029	ATP binding
P20029	ATPase activity
P20029	enzyme binding
P20029	heat shock protein binding
P20029	misfolded protein binding
P20029	protein domain specific binding
P20029	protein folding chaperone
P20029	ribosome binding
P20029	ubiquitin protein ligase binding
P20029	unfolded protein binding
Q8BN78	DNA-binding transcription repressor activity, RNA polymerase II-specific
Q8BN78	metal ion binding
Q8BN78	methyl-CpG binding
Q8BN78	RNA polymerase II cis-regulatory region sequence-specific DNA binding
Q8BN78	sequence-specific DNA binding
Q8BN78	sequence-specific double-stranded DNA binding
Q8CGP5	DNA binding
Q8CGP5	protein heterodimerization activity
Q60793	beta-catenin binding
Q60793	cis-regulatory region sequence-specific DNA binding
Q60793	DNA binding
Q60793	DNA-binding transcription activator activity, RNA polymerase II-specific
Q60793	DNA-binding transcription factor activity
Q60793	DNA-binding transcription factor activity, RNA polymerase II-specific
Q60793	double-stranded DNA binding
Q60793	histone deacetylase binding
Q60793	metal ion binding
Q60793	phosphatidylinositol 3-kinase regulator activity
Q60793	promoter-specific chromatin binding
Q60793	RNA polymerase II cis-regulatory region sequence-specific DNA binding
Q60793	RNA polymerase II sequence-specific DNA-binding transcription factor recruiting activity
Q60793	RNA polymerase II transcription factor binding
Q60793	sequence-specific DNA binding
Q60793	sequence-specific double-stranded DNA binding
Q60793	transcription coregulator binding
Q60793	transcription factor binding
Q60793	transcription regulatory region sequence-specific DNA binding
A2ASS6	actin filament binding
A2ASS6	actinin binding
A2ASS6	ankyrin binding
A2ASS6	ATP binding
A2ASS6	calcium ion binding
A2ASS6	calmodulin binding
A2ASS6	enzyme binding
A2ASS6	identical protein binding
A2ASS6	muscle alpha-actinin binding
A2ASS6	protease binding
A2ASS6	protein kinase binding
A2ASS6	protein self-association
A2ASS6	protein serine kinase activity
A2ASS6	protein serine/threonine kinase activity
A2ASS6	protein threonine kinase activity
A2ASS6	protein tyrosine kinase activity
A2ASS6	structural constituent of cytoskeleton
A2ASS6	structural constituent of muscle
A2ASS6	structural molecule activity conferring elasticity
A2ASS6	telethonin binding
Q922D8	ATP binding
Q922D8	formate-tetrahydrofolate ligase activity
Q922D8	methenyltetrahydrofolate cyclohydrolase activity
Q922D8	methylenetetrahydrofolate dehydrogenase (NAD+) activity
Q922D8	methylenetetrahydrofolate dehydrogenase (NADP+) activity
Q922D8	methylenetetrahydrofolate dehydrogenase [NAD(P)+] activity
P48379	DNA-binding transcription activator activity, RNA polymerase II-specific
P48379	DNA-binding transcription factor activity
P48379	DNA-binding transcription factor activity, RNA polymerase II-specific
P48379	RNA polymerase II cis-regulatory region sequence-specific DNA binding
P48379	RNA polymerase II transcription regulatory region sequence-specific DNA binding
P48379	sequence-specific double-stranded DNA binding
P62509	calmodulin binding
P62509	DNA binding
P62509	DNA-binding transcription activator activity, RNA polymerase II-specific
P62509	identical protein binding
P62509	nuclear receptor activity
P62509	RNA polymerase II cis-regulatory region sequence-specific DNA binding
P62509	RNA polymerase II transcription regulatory region sequence-specific DNA binding
P62509	sequence-specific double-stranded DNA binding
P62509	steroid binding
P62509	steroid hormone receptor activity
P62509	zinc ion binding
P05064	cytoskeletal protein binding
P05064	fructose binding
P05064	fructose-bisphosphate aldolase activity
P05064	identical protein binding
P05064	protease binding
Q5XKE0	actin binding
Q5XKE0	structural constituent of cytoskeleton
P42932	ATP binding
P42932	ATPase activity
P42932	protein folding chaperone
P42932	unfolded protein binding
Q02566	actin filament binding
Q02566	actin-dependent ATPase activity
Q02566	ATP binding
Q02566	ATPase activity
Q02566	calcium-dependent ATPase activity
Q02566	calmodulin binding
Q02566	identical protein binding
Q02566	microfilament motor activity
Q02566	protein kinase binding
Q02566	protein-containing complex binding
P08113	ATP binding
P08113	ATPase activity
P08113	low-density lipoprotein particle receptor binding
P08113	protein phosphatase binding
P08113	RNA binding
P08113	unfolded protein binding
Q9CU62	ATP binding
Q9CU62	ATPase activity
Q9CU62	chromatin binding
Q9CU62	mediator complex binding
Q9CU62	protein heterodimerization activity
P14152	L-malate dehydrogenase activity
P14152	malate dehydrogenase activity
P14152	NAD binding
Q9JIH2	None
Q8R3B7	nuclear receptor coactivator activity
Q8R3B7	thyroid hormone receptor binding
Q8C5D8	androgen receptor binding
Q8C5D8	DNA binding
Q8C5D8	estrogen receptor binding
Q8C5D8	glucocorticoid receptor binding
Q8C5D8	protein domain specific binding
Q8C5D8	RNA polymerase II transcription factor binding
Q8C5D8	SUMO ligase activity
Q8C5D8	SUMO transferase activity
Q8C5D8	transcription coregulator activity
Q8C5D8	transcription factor binding
Q8C5D8	ubiquitin protein ligase binding
Q8C5D8	zinc ion binding
Q64511	ATP binding
Q64511	chromatin binding
Q64511	DNA binding
Q64511	DNA topoisomerase activity
Q64511	DNA topoisomerase type II (double strand cut, ATP-hydrolyzing) activity
Q64511	enzyme binding
Q64511	histone deacetylase binding
Q64511	metal ion binding
Q64511	protein C-terminus binding
Q64511	protein heterodimerization activity
Q64511	protein kinase C binding
Q64511	ribonucleoprotein complex binding
Q811S7	beta-ureidopropionase activity
Q811S7	DNA-binding transcription activator activity, RNA polymerase II-specific
Q811S7	RNA polymerase II cis-regulatory region sequence-specific DNA binding
Q811S7	sequence-specific double-stranded DNA binding
Q8C196	ATP binding
Q8C196	calcium ion binding
Q8C196	carbamoyl-phosphate synthase (ammonia) activity
Q8C196	carbamoyl-phosphate synthase (glutamine-hydrolyzing) activity
Q8C196	endopeptidase activity
Q8C196	glutamate binding
Q8C196	modified amino acid binding
Q8C196	phospholipid binding
Q8C196	protein-containing complex binding
Q07231	DNA binding
Q07231	DNA-binding transcription activator activity, RNA polymerase II-specific
Q07231	DNA-binding transcription factor activity, RNA polymerase II-specific
Q07231	metal ion binding
Q07231	RNA polymerase II cis-regulatory region sequence-specific DNA binding
Q6NXL3	DNA binding
Q6NXL3	DNA-binding transcription factor activity
Q6NXL3	metal ion binding
Q6NXL3	protein dimerization activity
E9QQ90	DNA binding
P63280	ATP binding
P63280	bHLH transcription factor binding
P63280	enzyme binding
P63280	HLH domain binding
P63280	protein C-terminus binding
P63280	RING-like zinc finger domain binding
P63280	small protein activating enzyme binding
P63280	SUMO conjugating enzyme activity
P63280	SUMO transferase activity
P63280	transcription coregulator binding
P63280	transcription factor binding
P63280	ubiquitin-protein transferase activity
Q60954	chromatin binding
Q60954	DNA binding
Q60954	DNA-binding transcription activator activity, RNA polymerase II-specific
Q60954	DNA-binding transcription factor activity, RNA polymerase II-specific
Q60954	RNA polymerase II cis-regulatory region sequence-specific DNA binding
Q60954	sequence-specific DNA binding
Q60953	cobalt ion binding
Q60953	DNA binding
Q60953	identical protein binding
Q60953	protein heterodimerization activity
Q60953	protein homodimerization activity
Q60953	SMAD binding
Q60953	SUMO binding
Q60953	sumo-dependent protein binding
Q60953	transcription coactivator activity
Q60953	ubiquitin protein ligase binding
Q60953	ubiquitin-protein transferase activity
Q60953	zinc ion binding
Q8R429	ATP binding
Q8R429	ATPase activity
Q8R429	calcium ion binding
Q8R429	calcium transmembrane transporter activity, phosphorylative mechanism
Q8R429	calcium-dependent ATPase activity
Q8R429	nucleotide-sugar transmembrane transporter activity
Q8R429	protein homodimerization activity
Q8R429	proton-exporting ATPase activity, phosphorylative mechanism
P01633	None
Q9ERU9	metal ion binding
Q9ERU9	peptidyl-prolyl cis-trans isomerase activity
Q9ERU9	protein-containing complex binding
Q9ERU9	RNA binding
Q9ERU9	small GTPase binding
Q9ERU9	SUMO transferase activity
Q3UZZ6	aryl sulfotransferase activity
Q3UZZ6	sulfotransferase activity
P60710	ATP binding
P60710	identical protein binding
P60710	kinesin binding
P60710	nitric-oxide synthase binding
P60710	protein kinase binding
P60710	structural constituent of postsynaptic actin cytoskeleton
P60710	Tat protein binding
Q3UXZ9	chromatin binding
Q3UXZ9	chromatin DNA binding
Q3UXZ9	dioxygenase activity
Q3UXZ9	DNA binding
Q3UXZ9	histone binding
Q3UXZ9	histone demethylase activity
Q3UXZ9	histone demethylase activity (H3-dimethyl-K4 specific)
Q3UXZ9	histone demethylase activity (H3-trimethyl-K4 specific)
Q3UXZ9	methylated histone binding
Q3UXZ9	transcription coactivator activity
Q3UXZ9	transcription regulatory region sequence-specific DNA binding
Q3UXZ9	zinc ion binding
P07758	endopeptidase inhibitor activity
P07758	identical protein binding
P07758	protease binding
P07758	serine-type endopeptidase inhibitor activity
Q91Y97	ATPase binding
Q91Y97	cytoskeletal protein binding
Q91Y97	fructose binding
Q91Y97	fructose-1-phosphate aldolase activity
Q91Y97	fructose-bisphosphate aldolase activity
Q91Y97	identical protein binding
Q91Y97	phosphatidylcholine binding
Q91WT7	alditol:NADP+ 1-oxidoreductase activity
Q91WT7	androsterone dehydrogenase activity
Q91WT7	bile acid binding
Q91WT7	D-threo-aldose 1-dehydrogenase activity
Q91WT7	ketosteroid monooxygenase activity
Q91WT7	steroid dehydrogenase activity
Q9CS00	None
Q9EPW2	DNA binding
Q9EPW2	DNA-binding transcription activator activity, RNA polymerase II-specific
Q9EPW2	DNA-binding transcription factor activity
Q9EPW2	DNA-binding transcription factor activity, RNA polymerase II-specific
Q9EPW2	metal ion binding
Q9EPW2	RNA polymerase II cis-regulatory region sequence-specific DNA binding
Q9EPW2	RNA polymerase II transcription regulatory region sequence-specific DNA binding
Q9EPW2	sequence-specific double-stranded DNA binding
Q9EPW2	transcription regulatory region sequence-specific DNA binding
Q99JW2	aminoacylase activity
Q99JW2	identical protein binding
Q99JW2	metal ion binding
P35700	heme binding
P35700	identical protein binding
P35700	peroxidase activity
P35700	peroxiredoxin activity
P35700	thioredoxin peroxidase activity
P80313	ATP binding
P80313	ATPase activity
P80313	identical protein binding
P80313	protein folding chaperone
P80313	unfolded protein binding
P12710	antioxidant activity
P12710	bile acid binding
P12710	chromatin binding
P12710	drug binding
P12710	fatty acid binding
P12710	long-chain fatty acid transporter activity
P12710	phospholipid binding
P12710	small molecule binding
Q61686	chromatin binding
Q61686	histone deacetylase binding
Q61686	identical protein binding
Q61686	methylated histone binding
Q61686	protein-containing complex binding
Q61686	protein-macromolecule adaptor activity
Q61686	repressing transcription factor binding
Q61686	ribonucleoprotein complex binding
Q61687	ATP binding
Q61687	chromatin binding
Q61687	chromo shadow domain binding
Q61687	DNA binding
Q61687	DNA helicase activity
Q61687	DNA translocase activity
Q61687	histone binding
Q61687	metal ion binding
Q61687	methylated histone binding
Q61687	nucleosome-dependent ATPase activity
O54915	DNA-binding transcription activator activity, RNA polymerase II-specific
O54915	drug binding
O54915	nuclear receptor activity
O54915	nuclear receptor binding
O54915	RNA polymerase II cis-regulatory region sequence-specific DNA binding
O54915	RNA polymerase II transcription regulatory region sequence-specific DNA binding
O54915	sequence-specific double-stranded DNA binding
O54915	zinc ion binding
Q8BZ89	cis-regulatory region sequence-specific DNA binding
Q8BZ89	DNA-binding transcription factor activity
Q8BZ89	DNA-binding transcription factor activity, RNA polymerase II-specific
Q8BZ89	metal ion binding
Q8BZ89	RNA polymerase II transcription regulatory region sequence-specific DNA binding
E9Q5C9	box C/D RNA binding
E9Q5C9	box C/D snoRNP complex binding
E9Q5C9	box H/ACA snoRNA binding
E9Q5C9	box H/ACA snoRNP complex binding
E9Q5C9	DNA binding
E9Q5C9	DNA-binding transcription factor activity
E9Q5C9	nuclear localization sequence binding
E9Q5C9	protein domain specific binding
E9Q5C9	protein heterodimerization activity
E9Q5C9	protein-macromolecule adaptor activity
E9Q5C9	transcription factor binding
Q9Z1F9	ATP binding
Q9Z1F9	magnesium ion binding
Q9Z1F9	protein heterodimerization activity
Q9Z1F9	small protein activating enzyme binding
Q9Z1F9	SUMO activating enzyme activity
Q9Z1F9	SUMO binding
Q9Z1F9	transcription factor binding
Q9Z1F9	transferase activity
Q9Z1F9	ubiquitin-like protein conjugating enzyme binding
O88904	ATP binding
O88904	protein kinase activity
O88904	protein serine kinase activity
O88904	protein serine/threonine kinase activity
O88904	protein threonine kinase activity
O88904	protein tyrosine kinase activity
O88904	transcription corepressor activity
P07310	ATP binding
P07310	creatine kinase activity
P07310	kinase activity
Q1WLP7	nuclear receptor activity
Q1WLP7	sequence-specific DNA binding
Q1WLP7	zinc ion binding
Q8CIM8	None
Q3UKG7	protein dimerization activity
Q62318	chromatin binding
Q62318	chromo shadow domain binding
Q62318	DNA binding
Q62318	Krueppel-associated box domain binding
Q62318	promoter-specific chromatin binding
Q62318	protein kinase activity
Q62318	SUMO transferase activity
Q62318	transcription coactivator activity
Q62318	transcription corepressor activity
Q62318	ubiquitin protein ligase binding
Q62318	ubiquitin-protein transferase activity
Q62318	zinc ion binding
Q6XVG2	arachidonic acid epoxygenase activity
Q6XVG2	aromatase activity
Q6XVG2	heme binding
Q6XVG2	iron ion binding
Q6XVG2	linoleic acid epoxygenase activity
Q6XVG2	oxidoreductase activity, acting on paired donors, with incorporation or reduction of molecular oxygen, reduced flavin or flavoprotein as one donor, and incorporation of one atom of oxygen
Q6XVG2	steroid hydroxylase activity
Q99PV8	DNA-binding transcription activator activity, RNA polymerase II-specific
Q99PV8	DNA-binding transcription factor activity
Q99PV8	metal ion binding
Q99PV8	RNA polymerase II cis-regulatory region sequence-specific DNA binding
Q99PV8	sequence-specific DNA binding
Q99PV8	sequence-specific double-stranded DNA binding
Q8R0Y6	aldehyde dehydrogenase (NAD+) activity
Q8R0Y6	aldehyde dehydrogenase (NADP+) activity
Q8R0Y6	aldehyde dehydrogenase [NAD(P)+] activity
Q8R0Y6	formyltetrahydrofolate dehydrogenase activity
Q8R0Y6	hydroxymethyl-, formyl- and related transferase activity
Q8R0Y6	protein-containing complex binding
Q8VIJ6	chromatin binding
Q8VIJ6	DNA binding
Q8VIJ6	histone deacetylase binding
Q8VIJ6	nucleic acid binding
Q8VIJ6	protein homodimerization activity
Q8VIJ6	RNA binding
Q8VIJ6	transcription regulatory region sequence-specific DNA binding
Q5SWK8	DNA binding
Q5SWK8	DNA-binding transcription factor activity
Q5SWK8	metal ion binding
Q5SWK8	protein dimerization activity
Q99PV0	isopeptidase activity
Q99PV0	K63-linked polyubiquitin modification-dependent protein binding
Q99PV0	metallopeptidase activity
Q99PV0	pre-mRNA intronic binding
Q99PV0	U1 snRNA binding
Q99PV0	U2 snRNA binding
Q99PV0	U5 snRNA binding
Q99PV0	U6 snRNA binding
P09055	actin binding
P09055	alpha-actinin binding
P09055	cell adhesion molecule binding
P09055	collagen binding
P09055	collagen binding involved in cell-matrix adhesion
P09055	fibronectin binding
P09055	integrin binding
P09055	kinase binding
P09055	laminin binding
P09055	metal ion binding
P09055	protease binding
P09055	protein domain specific binding
P09055	protein heterodimerization activity
P09055	protein kinase binding
P09055	protein tyrosine kinase binding
P09055	protein-containing complex binding
P09055	signaling receptor activity
P09055	signaling receptor binding
Q6NXL1	SNARE binding
Q6NXL1	zinc ion binding
Q3TKT4	androgen receptor binding
Q3TKT4	ATP binding
Q3TKT4	ATPase activity
Q3TKT4	chromatin binding
Q3TKT4	DNA binding
Q3TKT4	DNA polymerase binding
Q3TKT4	DNA-dependent ATPase activity
Q3TKT4	helicase activity
Q3TKT4	lysine-acetylated histone binding
Q3TKT4	nucleosome-dependent ATPase activity
Q3TKT4	p53 binding
Q3TKT4	protein N-terminus binding
Q3TKT4	protein-containing complex binding
Q3TKT4	RNA binding
Q3TKT4	RNA polymerase II cis-regulatory region sequence-specific DNA binding
Q3TKT4	RNA polymerase II transcription regulatory region sequence-specific DNA binding
Q3TKT4	Tat protein binding
Q3TKT4	transcription coactivator activity
Q3TKT4	transcription corepressor activity
Q3TKT4	transcription factor binding
O08553	hydrolase activity, acting on carbon-nitrogen (but not peptide) bonds
O08553	identical protein binding
O08553	microtubule binding
O08553	protein kinase binding
P00342	L-lactate dehydrogenase activity
P27773	identical protein binding
P27773	MHC class I protein binding
P27773	peptidase activity
P27773	peptide disulfide oxidoreductase activity
P27773	protein disulfide isomerase activity
P27773	protein-disulfide reductase (glutathione) activity
Q9Z104	DNA binding
Q9Z104	four-way junction DNA binding
Q6PGF5	GTP binding
Q6PGF5	GTPase activity
Q6PGF5	U3 snoRNA binding
Q3UNW5	DNA-binding transcription activator activity, RNA polymerase II-specific
Q3UNW5	DNA-binding transcription repressor activity, RNA polymerase II-specific
Q3UNW5	RNA polymerase II cis-regulatory region sequence-specific DNA binding
Q3UNW5	RNA polymerase II transcription regulatory region sequence-specific DNA binding
Q3UNW5	sequence-specific double-stranded DNA binding
Q61191	activating transcription factor binding
Q61191	chromatin binding
Q61191	identical protein binding
Q61191	protein-macromolecule adaptor activity
Q61191	RNA polymerase II cis-regulatory region sequence-specific DNA binding
Q61191	transcription coactivator activity
