Accession	GO_C_term
Q8IQQ9	integral component of membrane
Q8IQQ9	mitochondrial inner membrane
Q8IQQ9	mitochondrion
Q9VIZ9	cytoplasm
Q9VYQ8	cytosol
Q9VYQ8	nucleus
Q9VYQ8	polytene chromosome
Q9VYQ8	protein-containing complex
Q9VYQ8	transcriptionally silent chromatin
Q9VYQ9	catalytic step 2 spliceosome
Q9VYQ9	Cul4-RING E3 ubiquitin ligase complex
Q9VYQ9	cytosol
Q9VYQ9	precatalytic spliceosome
Q9VYQ9	Prp19 complex
Q9VB10	mitochondrion
Q9VB10	peroxisome
Q9W1W0	endoplasmic reticulum
Q9W1W0	integral component of membrane
Q9VG42	cytosol
L0MQ04	proton-transporting ATP synthase complex, catalytic core F(1)
Q8IR54	apical cortex
Q8IR54	basal cortex
Q8IR54	cell cortex
Q8IR54	centrosome
Q8IR54	extrinsic component of Golgi membrane
Q8IR54	integral component of membrane
Q8IR54	spindle
Q8IR54	spindle midzone
Q8IR54	tricellular tight junction
A0A0B4LF29	nucleus
E1JJ99	nucleus
Q24560	cytoplasm
Q24560	microtubule
Q7PL83	nucleoplasm
Q7PL83	precatalytic spliceosome
B7Z002	nucleoplasm
B7Z002	nucleus
E1JIJ5	proton-transporting V-type ATPase, V1 domain
Q7KNS3	axon
Q7KNS3	axon cytoplasm
Q7KNS3	cell cortex
Q7KNS3	centrosome
Q7KNS3	condensed chromosome kinetochore
Q7KNS3	cytoplasmic microtubule
Q7KNS3	cytosol
Q7KNS3	dendrite
Q7KNS3	dynactin complex
Q7KNS3	dynein complex
Q7KNS3	growth cone
Q7KNS3	kinetochore
Q7KNS3	microtubule associated complex
Q7KNS3	neuron projection
Q7KNS3	neuronal cell body
Q7KNS3	nuclear envelope
Q7KNS3	spindle pole
Q4AB94	chromatin
Q4AB94	nucleosome
Q4AB94	nucleus
Q9VSZ3	nucleus
Q9VSZ3	PcG protein complex
Q9VSZ3	transcription regulator complex
Q0E9C3	extracellular space
Q0E9C3	plasma membrane
Q7KRY6	chromatin
Q7KRY6	cytoplasm
Q7KRY6	M band
Q7KRY6	nucleolus
Q7KRY6	nucleus
Q7KRY6	sarcomere
Q7KRY6	Z disc
P40423	actomyosin contractile ring actin filament
P40423	apical cortex
P40423	apical part of cell
P40423	apical plasma membrane
P40423	apicomedial cortex
P40423	cell cortex
P40423	cellularization cleavage furrow invagination front
P40423	cleavage furrow
P40423	cytoplasm
P40423	cytosol
P40423	female germline ring canal inner rim
P40423	midbody
P40423	myosin II complex
P40423	plasma membrane
P40423	spindle midzone
X2JAX3	None
Q0E990	integral component of membrane
Q0E990	plasma membrane
Q0E990	trans-Golgi network
Q9VBR8	nucleus
P33244	cytoplasm
P33244	nucleus
P33244	RNA polymerase II transcription regulator complex
P08841	cytoplasm
P08841	microtubule
E1JHR5	phosphopyruvate hydratase complex
Q9VC60	catalytic step 2 spliceosome
Q9VC60	RES complex
Q9VC60	U2-type spliceosomal complex
M9PBE3	nucleus
M9PGZ0	None
A0A0B4K6A3	None
Q29R02	nucleus
Q7KTS4	cytoplasm
Q7KTS4	histone deacetylase complex
Q7KTS4	nucleus
A0A0B4KF99	integral component of membrane
P08155	cytosol
P08155	nucleus
D1YSG0	I band
D1YSG0	sarcomere
D1YSG0	Z disc
H9XVP0	nucleus
D1YSG9	nucleus
A0A0B4K6W1	None
P04388	plasma membrane
M9PJM6	troponin complex
Q960Q8	catalytic step 2 spliceosome
M9PJM2	cytoplasm
M9PJM2	histone deacetylase complex
M9PJM2	nucleus
Q9VZ47	endosome
Q9VZ47	Golgi apparatus
Q9VZ47	insulin-responsive compartment
Q9VZ47	plasma membrane
Q9VZ47	recycling endosome
Q9VZ47	synaptic vesicle
Q9VZ47	vesicle
A0A0B4KG40	None
Q9W4W8	integral component of membrane
Q9W4W8	mitochondrial inner membrane
Q9W4W8	mitochondrion
M9PDY5	centrosome
M9PDY5	cytoplasm
M9PDY5	sensory dendrite
M9PDY5	spot adherens junction
M9PDY5	zonula adherens
Q8IRQ5	mitochondrion
Q8IRQ5	tricarboxylic acid cycle enzyme complex
Q24117	centriole
Q24117	cytoplasm
Q24117	cytoplasmic dynein complex
Q24117	dynein complex
Q24117	microtubule
Q24117	protein-containing complex
Q9V595	cytosol
P45447	nucleus
A0A0B4LGB7	integral component of membrane
A0A0B4LGB7	sarcoplasmic reticulum membrane
Q9W4A0	early endosome
Q9W4A0	endomembrane system
Q9W4A0	endoplasmic reticulum
Q9W4A0	Golgi apparatus
Q9W4A0	neuronal cell body
Q9W4A0	vesicle
A8JNX2	endomembrane system
A8JNX2	endoplasmic reticulum
A8JNX2	Golgi apparatus
A8JNX2	Golgi membrane
A8JNX2	integral component of membrane
A8JNX2	peroxisome
A8JNX2	plasma membrane
M9PFG6	nucleus
Q9V6U8	cytoplasm
Q9V6U8	nucleus
Q9V6U8	protein-containing complex
Q7KAH0	None
Q9VLI6	cytoplasm
Q9VLI6	mitochondrion
Q9VLI6	peroxisome
A0A0C4DHC8	integral component of membrane
A0A0B4KEE1	integral component of membrane
F3YDF1	integral component of membrane
F3YDF1	mitochondrial inner membrane
F3YDF1	mitochondrion
M9PBW0	None
M9NEL3	nucleoplasm
M9NEL3	nucleus
M9NEL5	nucleus
X2JHS3	filamentous actin
X2JHS3	microtubule organizing center
P05661	A band
P05661	myosin complex
P05661	polytene chromosome puff
P05661	sarcomere
P05661	striated muscle myosin thick filament
O18413	cytoplasm
O18413	cytosol
O18413	cytosolic proteasome complex
O18413	nuclear proteasome complex
O18413	nucleoplasm
O18413	nucleus
O18413	postsynapse
O18413	proteasome regulatory particle
O18413	proteasome regulatory particle, base subcomplex
O61362	heterochromatin
O61362	nucleus
O61361	heterochromatin
O61361	nucleus
O61360	heterochromatin
O61360	nucleus
C1C5A0	endomembrane system
C1C5A0	endoplasmic reticulum
C1C5A0	Golgi apparatus
C1C5A0	Golgi membrane
C1C5A0	integral component of membrane
C1C5A0	peroxisome
C1C5A0	plasma membrane
P18101	cytoplasm
P18101	cytosol
P18101	cytosolic large ribosomal subunit
P18101	cytosolic small ribosomal subunit
P18101	nucleus
Q9VM77	None
M9PCA7	integral component of membrane
M9PCA7	plasma membrane
F3YDE2	None
M9PB35	None
A0A0B4KHY6	nucleus
Q7PLE9	early endosome
Q7PLE9	endomembrane system
Q7PLE9	membrane
Q7PLE9	recycling endosome
Q7PLE9	synapse
Q7PLE9	vesicle
Q7PLE8	early endosome
Q7PLE8	endomembrane system
Q7PLE8	recycling endosome
Q7PLE8	synapse
Q7PLE8	vesicle
Q7KT79	nucleus
Q9VHC7	chromatin
Q9VHC7	cytoplasm
Q9VHC7	nucleoplasm
Q9VHC7	nucleus
Q9VHC7	omega speckle
Q9VHC7	post-mRNA release spliceosomal complex
Q9VHC7	ribonucleoprotein complex
O62618	cytoplasm
O62618	nucleus
O62619	cytoplasm
O62619	cytosol
O62619	P granule
A1Z7P9	nuclear speck
A1Z7P8	nuclear speck
A1Z7P5	chromosome, telomeric region
A1Z7P5	cytoplasm
A1Z7P5	nuclear lamina
A1Z7P5	nuclear speck
A1Z7P5	nucleoplasm
A1Z7P5	nucleus
P40946	cleavage furrow
P40946	cytosol
P40946	early endosome
P40946	Golgi apparatus
P40946	plasma membrane
P40946	presynapse
P40946	recycling endosome
A1Z7P7	nuclear speck
Q9W345	integral component of membrane
Q9W185	endoplasmic reticulum
Q9W185	integral component of membrane
P07247	nucleus
A0A0B4K7Q4	myofibril
A0A0B4K7Q4	myosin complex
A0A0B4K7Q4	myosin filament
Q9VXY0	endoplasmic reticulum membrane
O97069	cytoplasm
Q9W1F6	anaphase-promoting complex
X2JJG8	None
Q9VKK2	GATOR2 complex
Q9VKK2	Seh1-associated complex
P15348	CHRAC
P15348	chromosome
P15348	cytoplasm
P15348	nucleus
A0A0B4KHK1	SCF ubiquitin ligase complex
Q9VMS6	None
M9PEQ0	cytoplasm
X2JDW0	integral component of membrane
X2JDW0	ionotropic glutamate receptor complex
X2JDW0	plasma membrane
X2JDW0	postsynaptic membrane
Q9VIY9	nucleus
E1JJ68	None
Q8IR25	nucleus
P48555	cleavage furrow
P48555	Flemming body
P48555	plasma membrane
E1JJ62	centrosome
E1JJ62	cytoplasm
E1JJ62	microtubule
E1JJ62	microtubule cytoskeleton
E1JJ62	nucleus
E1JJ62	spindle pole
D0IQK3	cytosol
Q24572	CAF-1 complex
Q24572	ESC/E(Z) complex
Q24572	histone methyltransferase complex
Q24572	Myb complex
Q24572	nucleus
Q24572	NuRD complex
Q24572	NURF complex
Q24572	polytene chromosome
Q24572	Sin3-type complex
Q24572	transcription regulator complex
E1JGM9	basolateral plasma membrane
E1JGM9	cell cortex
E1JGM9	cytoplasm
E1JGM9	fusome
E1JGM9	germline ring canal
E1JGM9	neuromuscular junction
E1JGM9	type I terminal bouton
Q9W2Y3	mitochondrion
X2JE99	integral component of membrane
X2JH42	proton-transporting ATP synthase complex, catalytic core F(1)
P02283	nucleosome
P02283	nucleus
Q0E9B6	cytoplasm
Q0E9B6	cytosolic small ribosomal subunit
Q0E9B6	nucleolus
B7Z152	nucleus
Q9Y102	nucleus
Q9VX25	nucleus
P02574	cytoplasm
P02574	cytoskeleton
A1ZA01	nucleus
A0A0B4LI92	None
P02572	brahma complex
P02572	cytoplasm
P02572	cytoskeleton
Q9VDC9	None
Q9VAW2	catalytic step 2 spliceosome
Q9VAW2	cytoplasm
Q9VAW2	intracellular membrane-bounded organelle
Q9VAW2	nucleoplasm
Q9VAW2	nucleus
Q9VAW2	precatalytic spliceosome
P56721	nucleus
P31396	nucleus
Q9VE54	nucleus
P18486	cytoplasm
P31009	cytoplasm
P31009	cytosolic ribosome
P31009	cytosolic small ribosomal subunit
P31009	nucleolus
Q9VMR4	cation channel complex
Q9VMR4	cilium
Q9VMR4	dendrite
Q9VMR4	neuronal cell body
Q9VMR4	spanning component of plasma membrane
Q9VD82	nucleus
O76895	cytoplasm
O76895	cytosol
O76895	mitochondrial outer membrane
P45891	cytoplasm
P45891	cytoskeleton
A0A0B4KFB6	nucleus
Q29R10	nucleus
Q9VYF3	cytoplasm
Q9VYF3	histone deacetylase complex
Q9VYF3	nucleus
Q29R14	nuclear body
A1Z8T9	cytoplasm
A1Z8T9	dynein complex
A1Z8T9	microtubule
Q9NJH0	cytoplasm
Q9NJH0	eukaryotic translation elongation factor 1 complex
Q9NJH0	nucleus
A0A0B4KF84	None
A1ZBL9	basolateral plasma membrane
A1ZBL9	cell cortex
A1ZBL9	cytoplasm
A1ZBL9	fusome
A1ZBL9	germline ring canal
A1ZBL9	neuromuscular junction
A1ZBL9	type I terminal bouton
A1Z9E3	mitochondrion
Q7K7G0	COPI vesicle coat
Q7K7G0	cytosol
Q7K7G0	Golgi membrane
A0A0B4K6V0	cytoskeleton of presynaptic active zone
A0A0B4K6V0	presynaptic active zone
M9NCY5	nucleoplasm
M9NCY5	nucleus
M9PFV8	nucleus
A8JNI2	catalytic step 2 spliceosome
A8JNI2	precatalytic spliceosome
Q9W4V9	nucleus
A0A0B4KI70	microprocessor complex
A0A0B4KI70	nucleus
M9NE89	intermediate filament
Q04047	catalytic step 2 spliceosome
Q04047	nucleus
Q04047	precatalytic spliceosome
A1ZBK9	axoneme
A1ZBK9	cilium
A8JUN6	nucleus
Q6AWM7	integral component of membrane
Q6AWM7	plasma membrane
Q6AWM7	trans-Golgi network
P52485	nucleus
P52487	nucleus
P52487	ubiquitin ligase complex
A4V3J9	None
A1Z9R4	nucleus
M9PD22	mitochondrial intermembrane space
M9PD22	respirasome
P54399	cell pole
P54399	cytoplasm
P54399	endomembrane system
P54399	endoplasmic reticulum
P54399	endoplasmic reticulum lumen
P54399	extracellular space
P54399	fusome
P54399	neuronal cell body
P54399	nuclear envelope
P54399	perinuclear region of cytoplasm
P54399	rough endoplasmic reticulum
P54399	spindle envelope
Q86DS1	cytosol
Q86DS1	protein-containing complex
Q9VK69	chaperonin-containing T-complex
Q9VK69	cytosol
Q9VK63	cytoplasm
Q963E6	basolateral plasma membrane
Q963E6	cell cortex
Q963E6	cytoplasm
Q963E6	fusome
Q963E6	germline ring canal
Q963E6	neuromuscular junction
Q963E6	type I terminal bouton
A0A0B4LI13	None
Q9VM69	box C/D RNP complex
Q9VM69	nucleolus
Q9VM69	small-subunit processome
Q9VM67	None
Q0KI42	ionotropic glutamate receptor complex
Q0KI42	muscle cell postsynaptic specialization
Q0KI42	plasma membrane
Q0KI42	postsynaptic membrane
Q9VMD0	chromosome
Q9VMD0	cytosol
Q9VMD0	nucleus
Q9VMD0	PML body
H1UUN3	nucleus
Q99323	actomyosin contractile ring
Q99323	apicomedial cortex
Q99323	cell cortex
Q99323	cell leading edge
Q99323	cell-cell contact zone
Q99323	cilium
Q99323	cleavage furrow
Q99323	cytosol
Q99323	myosin II complex
Q99323	Z disc
M9PG39	None
M9PG37	cytoplasm
M9PG37	microtubule
M9PHJ0	troponin complex
Q27591	focal adhesion
Q27591	integral component of membrane
Q27591	integrin complex
A1ZBY1	None
Q9VL91	nucleus
Q9VHV5	axon
Q9VHV5	axon cytoplasm
Q9VHV5	cytoplasm
Q9VHV5	extrinsic component of lysosome membrane
Q9VHV5	lysosomal membrane
Q9VHV5	lysosome
Q9VHV5	midbody
Q9VHV5	perikaryon
Q9VHV5	perinuclear region of cytoplasm
Q9VHV5	S bouton
Q9VHV5	spindle midzone
Q9VHV5	synapse
Q9VHV5	vacuolar membrane
Q9VCB8	germinal vesicle
Q9VCB8	nucleus
Q9VCB8	Smc5-Smc6 complex
A0A0B4KFB8	catalytic step 2 spliceosome
A0A0B4KFB8	nucleus
A0A0B4KFB8	precatalytic spliceosome
A1Z7S2	autophagosome
A1Z7S2	endomembrane system
A1Z7S2	lysosome
A1Z7S2	membrane
A1Z7S2	mitochondrion
A1Z7S2	recycling endosome
A1Z7S2	synapse
A1Z7S2	trans-Golgi network
A1Z7S2	vesicle
A1Z7S3	autophagosome
A1Z7S3	endomembrane system
A1Z7S3	lysosome
A1Z7S3	membrane
A1Z7S3	mitochondrion
A1Z7S3	recycling endosome
A1Z7S3	synapse
A1Z7S3	trans-Golgi network
A1Z7S3	vesicle
Q9VU43	catalytic step 2 spliceosome
Q9VU43	exon-exon junction complex
Q9VU43	nucleus
Q9VU43	precatalytic spliceosome
Q9VCB2	nucleus
Q9VCB2	polytene chromosome band
Q9VEZ0	myosin complex
Q9VEZ0	sarcomere
Q9U915	cytoplasm
Q9U915	cytosol
Q9U915	mitochondrial intermembrane space
Q9U915	mitochondrion
P82910	cytoplasm
P82910	cytosol
P82910	nucleus
P82910	plasma membrane
M9PE55	centrosome
M9PE55	cytoplasm
M9PE55	sensory dendrite
M9PE55	spot adherens junction
M9PE55	zonula adherens
Q9VGZ6	None
Q8I0E9	None
M9MRE4	actin cytoskeleton
M9MRE4	apicolateral plasma membrane
M9MRE4	cytoplasm
M9MRE4	cytosol
M9MRE4	myosin complex
M9MRE4	vesicle
Q9VK85	cytosol
Q9VK85	translation release factor complex
Q8MST5	cytoplasm
Q8MST5	microtubule
P17210	actin cap
P17210	axon cytoplasm
P17210	cytoplasm
P17210	cytosol
P17210	dendrite cytoplasm
P17210	kinesin complex
P17210	microtubule
P17210	microtubule plus-end
O96692	membrane
O96692	plasma membrane
O96692	recycling endosome membrane
Q8INC3	myosin complex
Q8INC3	sarcomere
P19538	cytosol
P19538	Hedgehog signaling complex
P19538	membrane
P19538	nucleoplasm
P19538	nucleus
P19538	protein-containing complex
Q8IQA7	cytosol
Q8IQA7	mitochondrion
Q8IQA7	peroxisome
O76861	catalytic step 2 spliceosome
O76861	precatalytic spliceosome
O76861	spliceosomal complex
Q95TL8	endomembrane system
Q6NN86	catalytic step 2 spliceosome
Q6NN86	precatalytic spliceosome
O97125	cytoplasm
O97125	cytosol
O97125	nucleus
O97125	plasma membrane
A0A0B4KHJ1	None
A0A0B4KHJ0	integral component of membrane
A0A0B4KHJ0	plasma membrane
A0A0B4KHJ0	postsynaptic membrane
Q03427	lamin filament
Q03427	membrane
Q03427	nuclear envelope
Q03427	nuclear lamina
Q03427	nuclear periphery
Q03427	spindle envelope
M9MS40	histone acetyltransferase complex
M9MS40	histone methyltransferase complex
M9MS40	nucleoplasm
M9MS40	nucleus
M9MS40	polytene chromosome
M9MS40	presynapse
M9MS40	protein-containing complex
M9MS40	transcription regulator complex
M9MS41	nucleus
Q961Q7	cytosol
M9NDM4	None
A0A0B4LHV4	myosin complex
P02299	chromatin
P02299	nucleosome
P02299	nucleus
P02299	polytene chromosome
P02299	RCAF complex
Q7JYK1	cytoplasm
Q7JYK1	nucleus
Q7JYK1	ribosome
M9PGH7	nucleus
M9PGH7	polytene chromosome interband
P06606	cortical microtubule
P06606	cytoplasm
P06606	microtubule
P06606	nucleus
P06606	perinuclear region of cytoplasm
P06606	plasma membrane
P06604	cytoplasm
P06604	cytoplasmic microtubule
P06604	microtubule
P06604	spindle microtubule
P06605	cytoplasm
P06605	microtubule
P06605	perinuclear region of cytoplasm
Q7K3V6	mitochondrion
R9PY21	nucleus
Q9Y112	cytosol
Q9VBP6	mitochondrion
Q9VX34	nucleus
A8JRE3	chromosome, telomeric region
A8JRE3	euchromatin
A8JRE3	heterochromatin
A8JRE3	nucleus
A8JRE3	polytene chromosome interband
A8JRE3	protein-containing complex
Q9VG69	None
Q4V6W8	nucleus
A1Z9C8	integral component of membrane
A1Z9C8	plasma membrane
A1Z9C8	trans-Golgi network
Q9VHB7	nucleus
Q9VHB7	NuRD complex
Q9VHB7	polytene chromosome
Q7JZW2	cytoplasm
Q7JZW2	cytosolic small ribosomal subunit
Q7JZW2	nucleolus
Q9VWN4	nucleus
Q9VWN4	RNA N6-methyladenosine methyltransferase complex
Q86BN6	None
Q86BN5	None
A0A0C4DHG5	nucleus
Q9VYE3	catalytic step 2 spliceosome
Q9VYE3	precatalytic spliceosome
A1Z8U4	chaperonin-containing T-complex
Q6IWN7	integral component of membrane
Q6IWN7	ionotropic glutamate receptor complex
Q6IWN7	plasma membrane
Q6IWN7	postsynaptic membrane
A1Z8U0	catalytic step 2 spliceosome
A1Z8U0	cytoplasm
A1Z8U0	precatalytic spliceosome
A1Z8U0	small nuclear ribonucleoprotein complex
A1Z8U0	U5 snRNP
P45889	axon cytoplasm
P45889	cytoskeleton
L0MN91	I band
L0MN91	sarcomere
L0MN91	Z disc
Q9VPL9	nucleoplasm
Q9VPL9	nucleus
A1ZAH8	cytoplasm
A1ZAH8	cytosolic small ribosomal subunit
A1ZAH8	nucleolus
Q9VRP9	nucleus
A4V287	None
Q9VRP3	None
Q8SY39	nucleolus
A0A0B4KG69	super elongation complex
A0A0B4KG69	transcription factor TFIID complex
A0A0B4KG69	transcription factor TFIIF complex
P17917	chromatin
P17917	cytoplasm
P17917	nucleus
P17917	PCNA complex
Q8IMA2	nucleus
X2JGX8	nucleus
A0A0B4JCQ7	nuclear speck
P08736	cytoplasm
Q9VSN7	cytosol
Q9VSN7	peroxisomal matrix
Q9VSN7	peroxisome
M9PFY1	nucleus
P08044	nucleus
A0A0B4KG83	nucleus
Q8IPQ2	cytoplasm
Q9V9Y8	plasma membrane
P18053	cytoplasm
P18053	nucleus
P18053	proteasome complex
P18053	proteasome core complex
P18053	proteasome core complex, alpha-subunit complex
Q9VLK8	nucleus
P46461	cytoplasm
P46461	Golgi stack
P46461	neuromuscular junction
P46461	neuromuscular junction of somatic muscle
P46461	presynaptic cytosol
P46461	terminal bouton
Q9VAY4	condensed chromosome kinetochore
Q9VAY4	cytoplasm
Q9VAY4	microtubule organizing center
Q9VN31	mRNA cleavage and polyadenylation specificity factor complex
Q9VN31	nucleus
Q9VJE3	cytoplasm
Q5BIG7	nuclear speck
O02649	mitochondrial inner membrane
O02649	mitochondrial matrix
O02649	mitochondrion
Q7K0S9	nuclear speck
Q7K0S9	nucleus
Q0E8G1	nucleus
Q0E8G1	NuRD complex
Q8ST83	chromatin
Q8ST83	Ino80 complex
Q8ST83	nucleus
Q8ST83	PcG protein complex
Q8ST83	polytene chromosome
Q8ST83	polytene chromosome band
Q8ST83	polytene chromosome puff
Q8ST83	transcription regulator complex
A0A0B4LI06	cytosol
A0A0B4LI06	nucleus
Q9V3G3	catalytic step 2 spliceosome
Q9V3G3	cytoplasm
Q9V3G3	precatalytic spliceosome
Q9V3G3	Prp19 complex
Q9VM50	cytoplasmic vesicle
Q9VM50	endosome
Q9VM50	Golgi apparatus
Q9VM50	synapse
Q9VM50	trans-Golgi network
Q9VM50	vesicle
Q9VPA2	nucleus
M9PEA5	None
A8DY79	cytoskeleton of presynaptic active zone
A8DY79	presynaptic active zone
Q9W0M0	peroxisome
Q9W0M1	centriole
Q9W0M1	centrosome
Q9W0M1	ciliary cap
Q9W0M1	ciliary transition zone
Q9W0M1	cytoplasm
Q9W0M1	host cell nucleus
Q9V396	cytoplasm
Q9V397	mitochondrial fatty acid beta-oxidation multienzyme complex
Q9V397	mitochondrion
Q9V397	peroxisome
X2JFG0	None
M9PG22	None
Q9W2N8	None
Q9VW15	chromatin
Q9VW15	histone methyltransferase complex
Q9VW15	nucleus
Q9VW15	polytene chromosome
Q9VW15	protein-containing complex
A0A0B4LH38	None
P53501	cytoplasm
P53501	cytoskeleton
P53501	plasma membrane
Q9VGK1	nucleus
Q27580	cytosol
Q76NR0	cytosol
Q9VP22	cyclin-dependent protein kinase holoenzyme complex
Q9VP22	cyclin/CDK positive transcription elongation factor complex
Q9VP22	nuclear chromosome
Q9VP22	nuclear cyclin-dependent protein kinase holoenzyme complex
Q9VP22	nucleus
Q9VP22	polytene chromosome
Q9VP22	polytene chromosome puff
E1JGZ9	cytoplasm
E1JGZ9	nucleus
E1JGZ9	proteasome core complex, alpha-subunit complex
Q9VU35	mitochondrial matrix
Q9VU35	mitochondrion
A0A126GV13	centrosome
A0A126GV13	chromosome
A0A126GV13	cytoplasm
A0A126GV13	integral component of membrane
A0A126GV13	lipid droplet
A0A126GV13	microtubule
A0A126GV13	spindle
A0A126GV10	centrosome
A0A126GV10	chromosome
A0A126GV10	cytoplasm
A0A126GV10	integral component of membrane
A0A126GV10	lipid droplet
A0A126GV10	microtubule
A0A126GV10	spindle
C6TP87	cytoplasm
A0A0B4K7S6	nucleus
Q9W362	7SK snRNP
Q9W362	nucleoplasm
Q7KU24	nucleus
Q7KU24	polytene chromosome interband
Q7KU24	polytene chromosome puff
Q9VGU6	cytoplasm
Q9VGU6	mitochondrial matrix
Q9VGU6	mitochondrion
X2J5T3	None
P41094	cytoplasm
P41094	cytosol
P41094	cytosolic small ribosomal subunit
P41094	nucleolus
P41094	small ribosomal subunit
X2JFL9	nucleus
Q0IGQ2	nucleus
Q9VQ56	axonal growth cone
Q9VQ56	neuronal cell body
Q9VQ56	nucleus
A0A0B4KEP0	None
Q7KN94	mitochondrial matrix
Q7KN94	mitochondrion
X2J9Z8	filamentous actin
X2J9Z8	microtubule organizing center
M9PIK1	cytoplasm
M9PIK1	nucleus
Q9VII7	extracellular space
M9PI41	actin cytoskeleton
M9PI41	actomyosin contractile ring
M9PI41	cytoplasm
M9PI41	cytoskeleton
Q9VTW8	integral component of membrane
Q9VTW8	plasma membrane
M9PES8	endosome
A1Z8D1	cytosol
A1Z8D1	peroxisomal membrane
A1Z8D1	peroxisome
Q95TY8	mitochondrial matrix
A0A0B4LF57	None
P50887	cytosolic large ribosomal subunit
P50887	cytosolic ribosome
M9MS55	cytosol
A0A0B4KHG7	nucleus
Q9W2U6	nucleus
Q8MR37	nucleus
Q9VEW6	nucleus
Q7KUA4	cytoplasm
Q7KUA4	nucleus
Q7KUA4	SUMO activating enzyme complex
Q9W384	brahma complex
Q9W384	nucleus
Q9W384	SWI/SNF complex
Q9VXB4	nucleus
Q2EZ47	cytoplasm
Q2EZ47	histone acetyltransferase complex
Q2EZ47	NuA4 histone acetyltransferase complex
Q2EZ47	nucleus
Q2EZ47	polytene chromosome
Q2EZ47	polytene chromosome puff
Q2EZ47	SAGA complex
A0A0B4LHW0	plasma membrane
P13395	apical plasma membrane
P13395	basolateral plasma membrane
P13395	cell cortex
P13395	cytoskeleton
P13395	fusome
P13395	Golgi apparatus
P13395	lateral plasma membrane
P13395	neuromuscular junction
P13395	plasma membrane
P13395	spectrosome
Q9TVI0	ionotropic glutamate receptor complex
Q9TVI0	muscle cell postsynaptic specialization
Q9TVI0	plasma membrane
Q9TVI0	postsynaptic membrane
Q9VA54	cytosolic proteasome complex
Q9VA54	nuclear proteasome complex
Q9VA54	postsynapse
Q9VA54	proteasome regulatory particle, base subcomplex
Q9VF23	extracellular space
P27864	nucleus
A0A0B4KGY6	cytoplasm
A0A0B4KGY6	cytosol
A0A0B4KGY6	nucleus
Q9W3J0	nucleus
Q9W3J1	cytoplasm
Q9W3J1	heterotrimeric G-protein complex
Q9W3J1	plasma membrane
Q9W3J2	None
Q8T415	centriole
Q8T415	centrosome
Q9W3J4	heterochromatin
Q9W3J4	nucleus
Q9W3J9	nucleus
Q8IQ15	None
Q9VF92	super elongation complex
Q9VF92	transcription factor TFIID complex
Q9VF92	transcription factor TFIIF complex
X2JD86	cytoplasm
X2JD86	nucleus
Q9W1R3	Golgi apparatus
Q9W1R3	Golgi trans cisterna
Q95RU8	nucleus
Q95RU8	polytene chromosome interband
Q9XZ61	cytoplasm
Q9XZ61	cytosol
Q9XZ61	nucleoplasm
Q9XZ61	nucleus
Q9XZ61	proteasome complex
Q9XZ61	proteasome regulatory particle
X2JD89	I band
X2JD89	sarcomere
X2JD89	Z disc
Q9VUM4	cytoplasm
Q9VUM4	cytosol
Q9VUM4	extracellular exosome
A0A0B4KER0	nucleus
A0A0B4KER0	protein-containing complex
X2JES1	cytoplasm
X2JES1	cytosol
Q9V8V8	basolateral plasma membrane
Q9V8V8	cell cortex
Q9V8V8	cytoplasm
Q9V8V8	fusome
Q9V8V8	germline ring canal
Q9V8V8	neuromuscular junction
Q9V8V8	type I terminal bouton
Q9VE37	cytoplasm
A0A0B4K6F4	heterochromatin
Q9I7J8	nucleus
A4V2I1	nucleus
P48593	cytoplasm
P48593	nucleus
P48593	plasma membrane
Q9VBN9	nucleus
Q7KTP7	None
A0A0R4YI50	None
P52029	cytosol
A0A0B4K6T7	None
P20153	activator ecdysone receptor complex
P20153	dendrite
P20153	ecdysone receptor holocomplex
P20153	nucleus
P20153	polytene chromosome
P20153	RNA polymerase II transcription regulator complex
X2J708	cytoplasm
X2J708	nucleus
A0A0B4K6T9	nuclear speck
P55830	cytosol
P55830	cytosolic small ribosomal subunit
Q7JVP4	MOZ/MORF histone acetyltransferase complex
A0A0B4KG70	histone deacetylase complex
A0A0B4KG70	nucleoplasm
A0A0B4KG70	NuRD complex
P17671	nucleus
P35381	mitochondrial proton-transporting ATP synthase, catalytic core
P35381	mitochondrion
P35381	plasma membrane
P35381	proton-transporting ATP synthase complex, catalytic core F(1)
M9PFZ6	None
M9PG50	None
Q7KV66	None
Q8T6L7	actin cytoskeleton
Q8T6L7	cytoplasm
Q8T6L7	microvillus
Q8T6L7	myosin complex
Q8T6L7	plasma membrane
Q8T6L7	vesicle
Q8T6L6	actin cytoskeleton
Q8T6L6	cytoplasm
Q8T6L6	microvillus
Q8T6L6	myosin complex
Q8T6L6	plasma membrane
Q8T6L6	vesicle
M9PBR0	cytoplasm
M9PBR0	nucleus
P25228	endosome
P25228	plasma membrane
P25228	presynaptic active zone
P25228	synapse
P25228	synaptic vesicle
P25228	vesicle
P18289	cytosol
P18289	nucleoplasm
P18289	nucleus
P18289	transcription factor AP-1 complex
P18289	transcription regulator complex
O18334	autophagosome
O18334	cytoplasmic vesicle
O18334	cytosol
O18334	endomembrane system
O18334	Golgi apparatus
O18334	Golgi membrane
O18334	lysosome
O18334	neuronal cell body
O18334	perikaryon
O18334	synapse
O18332	axon cytoplasm
O18332	cleavage furrow
O18332	cytoplasm
O18332	endomembrane system
O18332	endoplasmic reticulum exit site
O18332	Golgi apparatus
O18332	neuronal cell body
O18332	vesicle
O18338	cytoplasm
O18338	endosome
O18338	Golgi apparatus
O18338	neuronal cell body
O18338	plasma membrane
O18338	recycling endosome
O18338	synapse
O18338	synaptic vesicle
O18338	trans-Golgi network transport vesicle
O18338	vesicle
O18339	endomembrane system
O18339	Golgi apparatus
O18339	neuronal cell body
O18339	recycling endosome
O18339	synapse
O18339	vesicle
M9ND95	myofibril
M9ND95	myosin complex
M9ND95	myosin filament
Q9V490	nucleus
Q8IM96	nucleus
Q4V5H1	cytoplasm
Q4V5H1	intracellular membrane-bounded organelle
Q4V5H1	precatalytic spliceosome
M9PD08	cytosol
M9PD08	translation release factor complex
A0A0C4FEI5	integral component of membrane
A0A0B4KGN2	integral component of membrane
A0A0B4KGN2	mitochondrial inner membrane
M9NEA5	nucleus
Q9GNC8	cytosol
Q9GNC8	nucleus
Q0KI67	myosin complex
Q0KI67	sarcomere
Q0KI66	myosin complex
Q0KI66	sarcomere
A0A0B4JD02	nucleus
Q05825	mitochondrial proton-transporting ATP synthase complex
Q05825	mitochondrial proton-transporting ATP synthase, catalytic core
Q05825	mitochondrion
Q05825	proton-transporting ATP synthase complex, catalytic core F(1)
M9PHZ5	nucleus
P35415	cytoplasm
P35415	cytoskeleton
P35415	M band
P35415	myosin complex
P35415	striated muscle myosin thick filament
A0A0B4KHZ0	nucleus
A0A0B4KHZ0	polytene chromosome interband
A0A0B4KHZ0	protein-containing complex
B7YZX6	nucleus
A0A0B4KHZ9	centrosome
A0A0B4KHZ9	condensed chromosome outer kinetochore
A0A0B4KHZ9	cytoplasm
A0A0B4KHZ9	spindle microtubule
A0A0B4KHZ9	spindle pole
Q9VHF6	autophagosome
Q9VHF6	cytoplasm
Q9VHF6	integral component of membrane
Q9VHF6	lipid droplet
P02828	centrosome
P02828	chaperone complex
P02828	cytoplasm
P02828	cytosol
P02828	perinuclear region of cytoplasm
P02828	plasma membrane
P02828	polytene chromosome interband
P02828	protein-containing complex
P02825	cytoplasm
P02825	cytosol
P02825	nucleus
P02825	plasma membrane
Q9VEJ0	cytoplasm
Q9VEJ0	mitochondrion
Q7KHK4	nucleus
C7LA75	None
A0A0B4LH08	None
M9PFL9	kinetochore
M9PFL9	microtubule
M9PC99	COPII vesicle coat
M9PC99	endoplasmic reticulum exit site
M9PC99	endoplasmic reticulum membrane
O62621	COPI vesicle coat
O62621	Golgi membrane
O62621	Golgi stack
Q9VQA5	None
Q9VXQ5	chaperonin-containing T-complex
Q9VCD8	cohesin complex
Q9VCD8	nucleus
Q9VCD8	polytene chromosome
Q9VCD8	transcriptionally active chromatin
Q9VXQ6	nucleus
Q9W2S9	endosome
Q9W2S9	Golgi apparatus
Q9W2S9	insulin-responsive compartment
Q9W2S9	plasma membrane
Q9W2S9	recycling endosome
Q9W2S9	synaptic vesicle
Q9W2S9	vesicle
Q9VCD1	ciliary rootlet
A0A0B4LHF7	None
Q9VHX4	cytosol
P54357	cytosol
P54357	myosin II complex
P54357	myosin V complex
P54357	myosin VI complex
P54357	myosin VII complex
P54351	cytoplasm
P54351	Golgi stack
P54351	presynapse
P12613	chaperonin-containing T-complex
P12613	cytosol
Q8T0L6	cytoplasm
Q8T0L6	lipid droplet
Q9VT57	mediator complex
Q9VT57	nucleus
Q7KN85	cytosol
Q8IQG9	cytoplasm
Q8IQG9	cytosol
Q8IQG9	nucleus
A1Z8K9	extracellular space
A1Z8K9	plasma membrane
A0A0B4KHT0	nucleus
P08985	chromosome
P08985	nucleosome
P08985	nucleus
P08985	polytene chromosome
P08985	polytene chromosome chromocenter
P08985	site of double-strand break
Q9VTP4	cytosolic large ribosomal subunit
P11147	catalytic step 2 spliceosome
P11147	cytoplasm
P11147	cytosol
P11147	nucleus
P11147	perichromatin fibrils
P11147	perinuclear region of cytoplasm
P11147	plasma membrane
P11147	precatalytic spliceosome
P11147	presynapse
X2JFR1	None
O97143	centriole
O97143	centrosome
O97143	cytoplasm
O97143	nucleus
O97143	spindle pole
Q5U156	nucleus
Q5U156	protein-containing complex
Q9VTB8	None
Q9VFN5	mitochondrial matrix
Q8IR16	None
P07665	nucleus
P07665	polytene chromosome interband
P07664	cytosol
P07664	nucleus
P07664	polytene chromosome interband
L0MPR7	nucleus
P13360	nucleus
Q7KUB0	cytosol
Q7KUB0	mitochondrion
Q7KUB0	peroxisome
Q7KUB1	cytosol
Q7KUB1	mitochondrion
Q7KUB1	peroxisome
Q9W396	heterochromatin
Q9W396	nucleus
Q9W392	chaperonin-containing T-complex
Q9W392	cytoplasm
Q27268	nuclear speck
Q27268	nucleus
Q27268	spliceosomal complex
Q27268	transcription export complex
Q23978	actin cytoskeleton
Q23978	adherens junction
Q23978	cell cortex
Q23978	cytoplasm
Q23978	microvillus
Q23978	myosin complex
Q23978	plasma membrane
Q23978	vesicle
Q23979	actin cytoskeleton
Q23979	brush border
Q23979	cell cortex
Q23979	cytoplasm
Q23979	microvillus
Q23979	myosin complex
Q23979	plasma membrane
Q23979	vesicle
X2JCP8	None
P83967	myofibril
P83967	striated muscle thin filament
P83967	Z disc
A0A0B4LFS0	nucleus
Q01842	cytosol
Q01842	nucleoplasm
Q01842	nucleus
Q9VDN4	nucleus
P29845	cytoplasm
P29845	mitochondrial inner membrane
P29845	mitochondrion
P29844	cytoplasm
P29844	endomembrane system
P29844	endoplasmic reticulum
P29844	endoplasmic reticulum chaperone complex
P29844	endoplasmic reticulum lumen
P29844	extracellular space
P29844	membrane
P29844	nucleus
P29843	cytoplasm
P29843	cytosol
P29843	nucleus
P29843	plasma membrane
Q8MZI3	cytoplasm
Q8MZI3	nucleus
Q8MZI3	ribonucleoprotein complex
Q9VGP9	cytoplasm
E2QCN0	nucleus
Q9I7K3	cytoplasm
B7Z0E0	cytosol
B7Z0E0	mitochondrion
B7Z0E0	peroxisome
P84029	mitochondrial intermembrane space
P84029	respirasome
Q9VRN4	cytoplasm
Q9VRN4	nucleus
A0A0B4K6K1	None
X2J8B3	None
M9NDE9	nucleus
Q9VD51	nucleolus
Q9VD52	catalytic step 2 spliceosome
Q9VD52	precatalytic spliceosome
Q9VD52	spliceosomal complex
A4IJ59	cytoplasm
A4IJ59	nucleus
Q8IRM5	nucleus
Q9W389	Golgi apparatus
Q9VNR2	endomembrane system
Q9VNR2	endoplasmic reticulum
Q9VNR2	Golgi apparatus
Q9VNR2	Golgi membrane
Q9VNR2	integral component of membrane
Q9VNR2	peroxisome
Q9VNR2	plasma membrane
Q8IMM6	condensed chromosome kinetochore
Q8IMM6	cytoplasm
Q8IMM6	microtubule organizing center
P32392	Arp2/3 protein complex
P32392	cytoplasm
P32392	lamellipodium
Q4V4S9	plasma membrane
P91943	beta-catenin-TCF complex
P91943	nucleoplasm
P91943	transcription regulator complex
M9PBS1	None
M9NGB9	cytoplasm
M9NGB9	nucleus
Q0KI96	cytosol
Q0KI96	nucleus
Q9VN10	nucleus
A0A140SQB4	cytoplasm
A0A140SQB4	histone acetyltransferase complex
A0A140SQB4	NuA4 histone acetyltransferase complex
A0A140SQB4	nucleus
A0A140SQB4	polytene chromosome
A0A140SQB4	polytene chromosome puff
A0A140SQB4	SAGA complex
Q9V3W7	catalytic step 2 spliceosome
Q9V3W7	nuclear speck
Q9V3W7	nucleus
Q9V3W7	precatalytic spliceosome
E1JHJ4	myofibril
E1JHJ4	myosin complex
E1JHJ4	myosin filament
E1JHJ5	myofibril
E1JHJ5	myosin complex
E1JHJ5	myosin filament
Q9BIS2	cytoplasm
Q9BIS2	cytosol
Q9BIS2	nucleus
Q9BIS2	plasma membrane
E1JHJ9	cytoplasm
E1JHJ9	microtubule
M9NF46	myofibril
M9NF46	myosin complex
M9NF46	myosin filament
B5RJQ0	cytoplasm
P46223	cytosolic large ribosomal subunit
P46223	cytosolic ribosome
M9PD13	nucleus
Q0E8A7	cytoplasm
Q0E8A7	nucleus
F6J1D0	None
Q9V3I2	cell cortex
Q9V3I2	early endosome
Q9V3I2	endocytic vesicle
Q9V3I2	endomembrane system
Q9V3I2	endosome
Q9V3I2	neuronal cell body
Q9V3I2	plasma membrane
Q9V3I2	presynapse
Q9V3I2	synapse
Q9V3I2	vesicle
M9PCM8	cytoplasm
M9PCM8	cytosol
M9PCM8	integral component of membrane
M9PCM8	meiotic nuclear membrane microtubule tethering complex
M9PCM8	nuclear envelope
M9PCM8	nuclear outer membrane
M9PCM8	perinuclear region of cytoplasm
M9PCM8	Z disc
Q8IPS6	endomembrane system
Q8IPS6	endoplasmic reticulum
Q8IPS6	Golgi apparatus
Q8IPS6	Golgi membrane
Q8IPS6	integral component of membrane
Q8IPS6	peroxisome
Q8IPS6	plasma membrane
M9NH07	troponin complex
A0A0B4JD16	integral component of membrane
A0A0B4JD16	plasma membrane
A0A0B4JD16	trans-Golgi network
M9PEC1	endosome
M9NFP1	None
Q8MLQ3	nucleus
A0A0B4KFQ2	nucleus
Q9VJ87	catalytic step 2 spliceosome
Q9VJ87	nuclear speck
Q9VJ87	spliceosomal complex
A0A0B4KFC7	cytoplasm
Q494M1	chromosome
Q7YU80	basolateral plasma membrane
Q7YU80	cell cortex
Q7YU80	cytoplasm
Q7YU80	fusome
Q7YU80	germline ring canal
Q7YU80	neuromuscular junction
Q7YU80	type I terminal bouton
Q9VCC6	peroxisome
A0A0B4LGT2	cation channel complex
P26686	catalytic step 2 spliceosome
P26686	nuclear speck
P26686	nucleus
P26686	polytene chromosome
P26686	precatalytic spliceosome
P26686	transcriptionally active chromatin
M9PFM9	heterochromatin
M9PFM9	nucleus
M9PC88	nucleus
Q9VGE4	cytosol
Q9VGE4	Golgi apparatus
Q9VGE4	Golgi trans cisterna
M9PFM5	SWI/SNF complex
P17336	cytoplasm
P17336	mitochondrion
P17336	peroxisome
M9PC84	cytoplasm
M9PC84	cytosol
M9PC84	integral component of membrane
M9PC84	meiotic nuclear membrane microtubule tethering complex
M9PC84	nuclear envelope
M9PC84	nuclear outer membrane
M9PC84	perinuclear region of cytoplasm
M9PC84	Z disc
Q7KUQ6	cytoplasm
Q7KUQ6	I band
Q9VNE4	centriole
Q9VNE4	centrosome
Q9VNE4	ciliary basal body
Q9VNE4	pericentriolar material
Q9VHY7	cation channel complex
Q9VR89	nucleolus
Q9VQV3	nucleus
Q8WS79	nucleus
Q8T8W6	None
Q8INP0	cytosol
Q8INP0	nucleus
Q9VGW0	nucleus
Q9VI93	nucleus
Q9VI96	endoplasmic reticulum
Q8IH49	myosin complex
Q8IH49	sarcomere
Q9GU68	cytoplasm
M9PGS2	nucleus
X2J9X1	nucleus
Q8IQF8	cytosol
Q8IQF8	nucleoplasm
Q9W1B9	cytosolic large ribosomal subunit
Q9W1B9	cytosolic ribosome
Q9W1B9	large ribosomal subunit
Q8MSQ4	cytoplasm
Q9VQ94	COPII vesicle coat
Q9VQ94	endoplasmic reticulum exit site
Q9VQ94	endoplasmic reticulum membrane
Q9VTQ9	cytosolic proteasome complex
Q9VTQ9	nucleus
Q9VTQ9	proteasome regulatory particle, base subcomplex
Q9VAW1	catalytic step 2 spliceosome
Q9VAW1	cytoplasm
Q9VAW1	intracellular membrane-bounded organelle
Q9VAW1	nucleoplasm
Q9VAW1	nucleus
Q9VAW1	precatalytic spliceosome
X2JF40	None
M9PGA1	nucleus
M9PGA3	nucleus
M9PGA7	None
Q9VU15	catalytic step 2 spliceosome
Q9VU15	precatalytic spliceosome
Q9VU15	U2 snRNP
Q9VU15	U2-type prespliceosome
Q7PLK6	cytosol
Q9VP48	endosome
Q9VP48	Golgi apparatus
Q9VP48	intrinsic component of plasma membrane
Q9VP48	recycling endosome
Q9VP48	synapse
Q9VP48	vesicle
Q8SZN9	heterochromatin
Q9VKQ7	nucleus
Q9VTS8	cytoplasm
Q9VTS8	Z disc
Q9VY92	cytosol
Q9VY92	peroxisome
Q4AB27	actin cytoskeleton
Q4AB27	cytoplasm
Q4AB27	microvillus
Q4AB27	myosin complex
Q4AB27	plasma membrane
Q4AB27	vesicle
C4NYP8	cytoplasm
C4NYP8	cytosol
C4NYP8	protein-containing complex
A0A0B4LHU7	NSL complex
A0A0B4LHU7	nucleus
X2JIN0	filamentous actin
X2JIN0	microtubule organizing center
R9PY16	cytoplasm
R9PY16	cytosolic small ribosomal subunit
R9PY16	nucleus
Q9VF02	nucleus
Q9VF03	brahma complex
Q9VF03	nBAF complex
Q9VF03	npBAF complex
Q9VF03	nucleus
Q9VF03	SWI/SNF complex
Q9W223	endoplasmic reticulum membrane
P10734	nucleus
A1Z6N4	cytoplasm
A1Z6N2	cytoplasm
Q9VZ63	nucleus
X2JCS6	cytosolic large ribosomal subunit
Q9VZ69	axon
Q9VZ69	catalytic step 2 spliceosome
Q9VZ69	cytoplasm
Q9VZ69	cytosol
Q9VZ69	neuronal cell body
Q9VZ69	nucleus
Q9VZ69	precatalytic spliceosome
Q9VDY1	chromatin
Q9VDY1	Ino80 complex
Q9VDY1	nucleus
Q9VDY1	polytene chromosome
E1JJE5	cytoplasm
E1JJE5	nucleoplasm
E1JJE5	nucleus
Q9VIS3	cytoplasm
Q9VIS3	cytosol
H9XVM3	cleavage furrow
H9XVM3	plasma membrane
H9XVM0	nucleus
Q9VIS9	nucleus
Q960D3	cytoplasm
Q960D3	nucleus
Q960D3	polytene chromosome
Q960D3	polytene chromosome chromocenter
Q960D3	polytene chromosome puff
A1Z8P9	chromosome, centromeric region
A1Z8P9	cytoplasm
A1Z8P9	euchromatin
A1Z8P9	metaphase plate
A1Z8P9	midbody
A1Z8P9	mitotic spindle
A1Z8P9	nuclear envelope
A1Z8P9	nuclear inclusion body
A1Z8P9	nuclear lamina
A1Z8P9	nuclear matrix
A1Z8P9	nuclear membrane
A1Z8P9	nuclear periphery
A1Z8P9	nuclear pore
A1Z8P9	nucleolus
A1Z8P9	nucleoplasm
A1Z8P9	nucleus
A1Z8P9	spindle
A1Z8P9	spindle matrix
A1Z8P9	spindle midzone
Q9W0B0	catalytic step 2 spliceosome
Q9W0B0	precatalytic spliceosome
M9NCU7	myofibril
M9NCU7	myosin complex
M9NCU7	myosin filament
P92177	centrosome
P92177	chromosome
P92177	cytoplasm
P92177	cytosol
P92177	germline ring canal
P92177	nucleoplasm
P92177	nucleus
P92177	plasma membrane
Q7KTV5	nucleolus
Q7KTV5	nucleoplasm
Q7KKI0	chaperonin-containing T-complex
A0A023GQ97	integral component of membrane
A0A023GQ97	plasma membrane
A0A023GQ97	postsynaptic membrane
Q9VD64	cytoplasm
Q9VD65	Golgi apparatus
P05205	chromocenter
P05205	chromosome
P05205	chromosome, centromeric region
P05205	chromosome, telomeric region
P05205	condensed chromosome
P05205	condensed chromosome, centromeric region
P05205	euchromatin
P05205	heterochromatin
P05205	nucleoplasm
P05205	nucleus
P05205	pericentric heterochromatin
P05205	polytene chromosome
P05205	polytene chromosome band
P05205	polytene chromosome chromocenter
P05205	polytene chromosome puff
C8VV14	None
Q960V1	nucleus
Q960V1	NuRD complex
D5SHR0	None
Q9VSS1	cytoplasm
Q9VSS1	cytosol
M9PDR5	None
X2J6D4	cytosol
X2J6D4	mitochondrial inner membrane
X2J6D4	mitochondrial intermembrane space
X2J6D4	mitochondrion
X2J6D4	respirasome
M9PBB5	cytoplasm
M9PBB5	cytoplasmic ribonucleoprotein granule
M9PBB5	P granule
M9PBB5	perinuclear region of cytoplasm
M9PBB5	pole plasm
M9PBB5	spectrosome
P28167	nucleus
P09077	nucleus
X2JB48	integral component of membrane
X2JB48	mitochondrial inner membrane
A4V1F9	None
Q9VSE9	nucleus
Q9W499	cytosolic large ribosomal subunit
Q9W499	cytosolic ribosome
Q8SX76	chromosome
Q8SX76	nucleus
M9NGE4	apical cortex
M9NGE4	basal cortex
M9NGE4	cell cortex
M9NGE4	centrosome
M9NGE4	extrinsic component of Golgi membrane
M9NGE4	spindle
M9NGE4	spindle midzone
M9NGE4	tricellular tight junction
Q9V3V6	cytoplasm
Q9V3V6	cytosol
Q9V3V6	nucleoplasm
Q9V3V6	proteasome regulatory particle
Q9V3V6	proteasome regulatory particle, base subcomplex
A8DYV6	cation channel complex
A8DYV6	cilium
A8DYV6	dendrite
A8DYV6	neuronal cell body
A8DYV6	spanning component of plasma membrane
A0A0B4K8B2	None
Q9BIR7	cytoplasm
Q9BIR7	cytosol
Q9BIR7	nucleus
Q9BIR7	plasma membrane
E1JHK0	cytoplasm
E1JHK0	microtubule
O46339	cytoplasm
O46339	cytosol
O46339	nucleoplasm
O46339	nucleus
O46339	protein-DNA complex
O46339	RNA polymerase II transcription regulator complex
O46339	transcription regulator complex
Q05733	cytoplasm
A0A0B4KEL0	integral component of membrane
A0A0B4KFJ2	cytoplasm
A0A0B4KFJ2	nucleus
A0A0B4KFJ2	transcription regulator complex
Q9VPQ5	nucleus
Q8IPT2	nucleus
Q8IPT2	Smc5-Smc6 complex
P28166	nucleus
O96395	cytoplasm
O96395	nucleus
O96395	spindle microtubule
Q59E59	myofibril
Q59E59	myosin complex
Q59E59	myosin filament
Q59E58	myofibril
Q59E58	myosin complex
Q59E58	myosin filament
M9PCZ7	nucleus
Q59E55	nucleus
M9PHN8	None
A4V391	None
M9PFN1	Ino80 complex
M9PFN1	NuA4 histone acetyltransferase complex
M9PFN1	R2TP complex
A0A0B4K653	None
Q6AWG9	nucleus
M9NEG1	cytoplasm
M9NEG1	nuclear chromosome
M9NEG1	nucleus
M9NEG4	apical cortex
M9NEG4	basal cortex
M9NEG4	cell cortex
M9NEG4	centrosome
M9NEG4	extrinsic component of Golgi membrane
M9NEG4	spindle
M9NEG4	spindle midzone
M9NEG4	tricellular tight junction
M9PD79	nucleus
Q9VFE0	cytosolic large ribosomal subunit
Q9VEF0	heterochromatin
Q9VEF0	nucleus
Q9VEF3	nucleus
Q9VR99	catalytic step 2 spliceosome
Q9VR99	cytoplasm
Q9VR99	spliceosomal complex
Q9VZK2	nucleus
Q9VQU9	nucleus
Q9VZK8	cytosol
Q95028	cytoplasm
Q0IGR3	nucleus
L0MLK7	nucleus
M9PB84	small ribosomal subunit
H1UUJ8	myosin complex
B7YZZ9	None
A0A0B4LFC7	nucleus
Q9VH26	plasma membrane
Q9VQ89	autolysosome
Q9VQ89	cytoplasm
Q9VQ89	female germ cell nucleus
Q9VQ89	GATOR2 complex
Q9VQ89	lysosome
Q9VQ89	nucleus
Q9VQ89	protein-containing complex
Q9VQ89	Seh1-associated complex
Q7K0L7	integral component of mitochondrial inner membrane
X2JF59	None
Q9VD46	cytoplasm
Q9VD46	nuclear pore
Q9VMN3	cytoplasm
Q9VMN3	nucleus
Q9VH79	cytosolic proteasome complex
Q9VH79	nucleus
Q9VH79	proteasome regulatory particle, base subcomplex
Q9VH79	synapse
Q7KLW9	catalytic step 2 spliceosome
Q7KLW9	precatalytic spliceosome
Q7KLW9	Prp19 complex
Q7KLW9	spliceosomal complex
Q7KLW9	U2-type catalytic step 1 spliceosome
M9PI17	cytosol
M9PI17	nucleoplasm
Q9VJ74	catalytic step 2 spliceosome
Q9VJ74	precatalytic spliceosome
Q9VJ73	Ada2/Gcn5/Ada3 transcription activator complex
M9PET3	nucleus
M9PET3	NuRD complex
B7Z0U8	None
A1Z7Y7	None
Q9VCX4	mitochondrion
A0A0B4LHJ5	centrosome
A0A0B4LHJ5	chromosome
A0A0B4LHJ5	cytoplasm
A0A0B4LHJ5	integral component of membrane
A0A0B4LHJ5	lipid droplet
A0A0B4LHJ5	microtubule
A0A0B4LHJ5	spindle
Q9VXE9	cohesin complex
Q9VXE9	nucleus
Q9VXE8	cytosol
Q9VXE8	endoplasmic reticulum
Q9VXE3	actin cytoskeleton
Q9VXE3	apicomedial cortex
Q9VXE3	cell cortex
Q9VXE3	cell-cell contact zone
Q9VXE3	cytoplasm
Q9VXE3	cytoskeleton
Q9VXE3	plasma membrane
P25007	cytoplasm
P25007	cytosol
P25007	intracellular membrane-bounded organelle
P25007	nucleus
A0A0B4LHX8	None
Q7K4B3	cytoplasm
Q7K4B3	elongator holoenzyme complex
Q7K4B3	transcription elongation factor complex
A0A0B4LHX0	plasma membrane
Q8MSB3	nucleus
Q9W5Q1	nucleus
Q9VDH5	integral component of membrane
Q9VDH5	plasma membrane
Q9VDH5	postsynaptic membrane
Q9VDH5	presynaptic active zone
Q9VDH5	presynaptic membrane
Q9VG58	cytoplasm
Q9VG58	cytosol
Q9VG58	nucleus
Q9VG58	plasma membrane
P18432	myofibril
P18432	myosin complex
Q94517	chromatin
Q94517	cytoplasm
Q94517	ESC/E(Z) complex
Q94517	histone deacetylase complex
Q94517	Myb complex
Q94517	nucleoplasm
Q94517	nucleus
Q94517	NuRD complex
Q94517	polytene chromosome
Q94517	polytene chromosome interband
Q94517	Sin3 complex
Q94517	Sin3-type complex
Q94517	transcription repressor complex
P34021	activator ecdysone receptor complex
P34021	cytoplasm
P34021	dendrite
P34021	ecdysone receptor holocomplex
P34021	nucleus
P34021	polytene chromosome
P34021	repressor ecdysone receptor complex
A0A0B4KEQ1	None
Q9VB96	None
P30052	nucleoplasm
P30052	nucleus
P30052	RNA polymerase II transcription regulator complex
P30052	transcription regulator complex
H9XVL7	nucleus
Q9VDZ3	nucleus
Q9VFR8	None
P29310	cytoplasm
P29310	cytosol
P29310	early endosome
P29310	germline ring canal
P29310	nuclear membrane
P29310	nucleus
P29310	plasma membrane
I0B8M2	None
Q962I2	membrane
Q962I0	cytosol
Q962I0	nucleus
P02255	chromatin
P02255	nucleosome
P02255	nucleus
P91632	cytoplasm
P91632	nucleus
Q9VAA9	nucleus
A0A0B4K6I6	mitochondrion
P25867	cytosol
P25867	nucleus
A8JUY9	nucleus
Q8IRK8	endosome
Q8IRK8	Golgi apparatus
Q8IRK8	insulin-responsive compartment
Q8IRK8	plasma membrane
Q8IRK8	recycling endosome
Q8IRK8	synaptic vesicle
Q8IRK8	vesicle
X2JKD2	chromosome
M9PDS8	None
A8JUY5	nucleus
A0A0B4K6M7	nucleus
H8F4V5	integral component of membrane
A0A0B4LEH9	nuclear speck
Q9VLG2	cytoplasm
Q9VLG2	nucleus
M9NEP1	myofibril
M9NEP1	myosin complex
M9NEP1	myosin filament
A1ZBL5	basolateral plasma membrane
A1ZBL5	cell cortex
A1ZBL5	cytoplasm
A1ZBL5	fusome
A1ZBL5	germline ring canal
A1ZBL5	neuromuscular junction
A1ZBL5	type I terminal bouton
A1ZBL0	cytoplasm
A1ZBL0	microtubule
Q8SY97	integral component of membrane
Q8SY97	mitochondrion
Q9VLG9	cytosol
A4V3G8	None
P18091	focal adhesion
P18091	Z disc
A4V3G1	None
P05303	eukaryotic translation elongation factor 1 complex
M9MRS7	actin cytoskeleton
M9MRS7	adherens junction
M9MRS7	cell cortex
M9MRS7	cytoplasm
M9MRS7	microvillus
M9MRS7	myosin complex
M9MRS7	plasma membrane
M9MRS7	vesicle
Q7KTU2	endomembrane system
Q7KTU2	endoplasmic reticulum
Q7KTU2	Golgi apparatus
Q7KTU2	Golgi membrane
Q7KTU2	integral component of membrane
Q7KTU2	peroxisome
Q7KTU2	plasma membrane
M9NCS3	extracellular space
P08645	cell leading edge
P08645	cytosol
P08645	nucleus
P08645	plasma membrane
P08646	membrane
P08646	plasma membrane
Q9V3Y5	nucleus
Q9V3Y5	precatalytic spliceosome
A0A0B4KGA3	heterochromatin
A0A0B4JD33	nuclear speck
X2JC83	actin cytoskeleton
X2JC83	cell cortex
X2JC83	cell-cell contact zone
X2JC83	cytoplasm
X2JC83	cytoskeleton
X2JC83	plasma membrane
Q9V3K3	histone acetyltransferase complex
Q9V3K3	Ino80 complex
Q9V3K3	NuA4 histone acetyltransferase complex
Q9V3K3	nucleus
Q9V3K3	R2TP complex
Q9V3K3	Swr1 complex
Q9VPR5	catalytic step 2 spliceosome
Q9VPR5	precatalytic spliceosome
Q9VPR5	U12-type spliceosomal complex
Q9VPR5	U2 snRNP
Q9VPR5	U2-type prespliceosome
Q9I7U7	nucleus
E2QCP0	nucleosome
E2QCP0	nucleus
E2QCP0	polytene chromosome
M9PG67	None
M9PEE1	nucleus
Q9W0Q9	nucleus
Q05344	cytosol
Q05344	FACT complex
Q05344	nucleolus
Q05344	nucleus
Q9VZT7	centrosome
Q9VZT7	cytoplasm
Q9VZT7	sensory dendrite
Q9VZT7	spot adherens junction
Q9VZT7	zonula adherens
Q7KS66	cytoplasm
Q7KS66	nuclear pore
Q7JW60	nucleus
M9PCY3	heterochromatin
M9PCY3	nucleus
A0A0B4LGZ2	None
Q9VJE5	axon
Q9VJE5	axonal growth cone
Q9VJE5	cytoplasm
Q9VJE5	fusome
Q9VJE5	Golgi apparatus
Q9VJE5	kinetochore
Q9VJE5	microtubule associated complex
Q9VJE5	microtubule plus-end
Q9VJE5	nucleus
Q9VJE5	spindle microtubule
Q9VL64	cilium
Q9VL64	cytoplasm
Q9VL64	nucleus
M9NEF2	cytoplasm
M9NEF2	histone deacetylase complex
M9NEF2	nucleus
Q9VGG0	nucleus
Q0E8C8	extracellular space
Q9VNF6	histone deacetylase complex
Q9VNF6	nucleoplasm
Q9VNF6	NuRD complex
Q9VNF7	histone deacetylase complex
Q9VNF7	nucleoplasm
Q9VNF7	NuRD complex
Q9VNF4	None
A0A0B4K630	nucleus
Q9VR64	centrosome
Q9VR64	cilium
Q9VR64	intraciliary transport particle B
Q9VXT1	nucleus
Q9VGQ0	cytoplasm
Q9VGQ6	nucleus
Q9VGQ5	nucleus
Q9VJS5	nucleus
Q9VJS5	ubiquitin ligase complex
X2JG22	catalytic step 2 spliceosome
X2JG22	nucleus
X2JG22	precatalytic spliceosome
M9PGQ8	nucleus
A0A0B4LGH1	microtubule
Q8T0I4	integral component of membrane
Q8T0I4	plasma membrane
Q8T0I4	trans-Golgi network
O62526	integral component of membrane
O62526	mitochondrial inner membrane
A0A0B4LFD2	None
Q9VT00	cytoplasm
Q9VT00	ESC/E(Z) complex
Q9VT00	euchromatin
Q9VT00	histone methyltransferase complex
Q9VT00	nucleus
Q9VT00	polytene chromosome
Q961H1	centrosome
Q961H1	cytoplasm
Q961H1	microtubule
Q961H1	microtubule cytoskeleton
Q961H1	nucleus
Q961H1	spindle pole
Q4V3G2	extracellular space
M9PGG2	None
B5RJ70	None
Q9VTS6	cytoplasm
Q9VTS6	Z disc
Q9VKA7	extracellular matrix
M9PGG8	centriole
M9PGG8	centrosome
X2JF29	integral component of membrane
X2JF29	mitochondrion
M9NDP1	cytoplasm
M9NDP1	dynein complex
M9NDP1	microtubule
E1JGY2	nucleus
Q9VH87	nucleus
B7YZE6	nucleus
Q9VH81	cytoplasm
Q9VH81	cytosol
Q9VH81	nucleus
A0A0B4KFE1	nucleus
Q9VJ42	nucleus
A0A0B4KFZ9	nucleosome
A0A0B4KFZ9	nucleus
Q9VJ44	peroxisome
Q7KNF5	nuclear speck
Q7KNF5	nucleoplasm
A0A0B4KFE9	nucleus
A1Z7V1	cytoskeleton of presynaptic active zone
A1Z7V1	presynaptic active zone
B7Z0T5	histone deacetylase complex
B7Z0T5	nucleoplasm
B7Z0T5	NuRD complex
Q9VVB6	None
M9NDB7	nucleoplasm
M9NDB7	nucleus
Q01989	actin cytoskeleton
Q01989	basal part of cell
Q01989	cell cortex
Q01989	cytoplasm
Q01989	cytosol
Q01989	endocytic vesicle
Q01989	germline ring canal
Q01989	growth cone
Q01989	investment cone
Q01989	microtubule associated complex
Q01989	microvillus
Q01989	myosin VI complex
Q01989	plasma membrane
Q01989	protein-containing complex
Q01989	sperm individualization complex
Q01989	unconventional myosin complex
Q01989	vesicle
M9PH36	integral component of membrane
M9PH39	histone acetyltransferase complex
M9PH39	histone methyltransferase complex
M9PH39	nucleoplasm
M9PH39	nucleus
M9PH39	polytene chromosome
M9PH39	presynapse
M9PH39	protein-containing complex
M9PH39	transcription regulator complex
Q8T4C4	mitochondrial proton-transporting ATP synthase complex
Q8T4C4	mitochondrial proton-transporting ATP synthase, catalytic core
Q8T4C4	proton-transporting ATP synthase complex, catalytic core F(1)
Q8MSS1	autophagosome
Q8MSS1	cytoplasmic vesicle
Q8MSS1	Golgi apparatus
Q8MSS1	Golgi cis cisterna
Q8MSS1	microtubule organizing center
A0A0B4K7Y0	integral component of membrane
A0A0B4K7Y0	plasma membrane
A0A0B4K7Y0	trans-Golgi network
Q9VES0	nucleoplasm
Q9VES0	spliceosomal complex
Q7KUE4	None
A1Z6L9	extracellular exosome
A1Z6L9	mitochondrial inner membrane
A1Z6L9	mitochondrial matrix
A1Z6L9	mitochondrion
A1Z6L9	nucleus
A0A0B4LHY1	cytoplasm
A0A0B4LHY1	cytosol
A0A0B4LHY1	nucleus
A0A0B4LHY1	ribonucleoprotein complex
Q9W3N9	mitochondrion
Q9W3N9	peroxisome
Q9U405	nucleus
Q9VDI3	None
Q9W1N1	nucleus
Q9W1N1	polytene chromosome
Q9VIC9	cytoplasm
X2J7P4	None
M9PIA6	nucleus
Q9VWE8	axon cytoplasm
Q9VWE8	dynactin complex
Q9W3P7	None
E1JJC3	integral component of membrane
E1JJC6	integral component of membrane
E1JJC6	ionotropic glutamate receptor complex
E1JJC6	plasma membrane
E1JJC6	postsynaptic membrane
M9PF91	None
A4V4A5	nucleus
P49866	nucleus
P08928	cytoplasm
P08928	lamin filament
P08928	nuclear envelope
P08928	nuclear envelope lumen
P08928	nuclear inner membrane
P08928	nuclear lamina
P08928	nucleus
P08928	spindle pole
Q8IPD2	mitochondrion
Q8IPD2	tricarboxylic acid cycle enzyme complex
Q86BG2	None
Q9VRM7	endoplasmic reticulum
Q9VRM7	endoplasmic reticulum membrane
A4V0N4	proton-transporting V-type ATPase, V1 domain
P31409	brush border
P31409	cytosol
P31409	early endosome
P31409	perinuclear region of cytoplasm
P31409	plasma membrane
P31409	plasma membrane proton-transporting V-type ATPase complex
P31409	vacuolar proton-transporting V-type ATPase, V1 domain
A0A126GUS5	nucleus
A1Z6Z3	integral component of membrane
P07764	cytosol
P07764	M band
P07764	Z disc
P13060	cytosol
P13060	ribonucleoprotein complex
A1Z6Z4	integral component of membrane
A1Z6Z8	actin cytoskeleton
A1Z6Z8	cytoplasm
A1Z6Z8	myosin complex
A1Z6Z8	myosin V complex
A1Z6Z8	neuronal cell body
A1Z6Z8	rhabdomere
A1Z6Z8	vesicle
A1Z6Z9	actin cytoskeleton
A1Z6Z9	cytoplasm
A1Z6Z9	myosin complex
A1Z6Z9	myosin V complex
A1Z6Z9	neuronal cell body
A1Z6Z9	rhabdomere
A1Z6Z9	vesicle
M9PBL3	cytoplasm
M9NEW1	None
Q8MKJ6	catalytic step 2 spliceosome
Q9VSG8	cytosol
Q9VSG8	trans-Golgi network
M9NGG5	microtubule
X2JKQ8	actin cytoskeleton
X2JKQ8	cell cortex
X2JKQ8	cell-cell contact zone
X2JKQ8	cytoplasm
X2JKQ8	cytoskeleton
X2JKQ8	plasma membrane
Q9VBI2	cytoplasm
Q9VBI2	nucleus
E1JHM7	nucleus
Q9W3Z5	None
M9NGY4	nucleus
B5RJR1	actin cytoskeleton
B5RJR1	cytoplasm
B5RJR1	cytosol
B5RJR1	myosin complex
B5RJR1	vesicle
Q9V3J4	chromatin
Q9V3J4	COPII vesicle coat
Q9V3J4	endoplasmic reticulum membrane
Q9V3J4	GATOR2 complex
Q9V3J4	lysosomal membrane
Q9V3J4	microtubule organizing center
Q9V3J4	nuclear pore outer ring
Q9V3J4	nucleoplasm
Q9V3J4	polytene chromosome puff
Q9V3J4	Seh1-associated complex
A0A0B4KEJ3	nucleus
Q05192	nucleus
Q05192	RNA polymerase II transcription regulator complex
Q9V3J8	Ada2/Gcn5/Ada3 transcription activator complex
Q9V3J8	MLL1/2 complex
Q9V3J8	MLL3/4 complex
Q9V3J8	NSL complex
Q9V3J8	nucleus
Q9V3J8	Set1C/COMPASS complex
Q9W581	integral component of membrane
Q9W581	ionotropic glutamate receptor complex
Q9W581	plasma membrane
Q9W581	postsynaptic membrane
L7EEU0	None
A0A0B4LIH0	None
M9PCJ7	MLL3/4 complex
M9PCJ7	nucleus
M9PCJ7	polytene chromosome interband
A0A0B4JD03	nuclear speck
Q7KVJ6	endoplasmic reticulum
Q7KVJ6	integral component of membrane
Q8IPV7	nucleus
Q9W0P9	nuclear chromosome
Q9VL70	mitochondrial matrix
Q9VL70	mitochondrion
M9PCX3	kinetochore
M9PCX3	microtubule
O15971	basal part of cell
O15971	cell trailing edge
O15971	cytoplasm
O15971	endosome
O15971	Golgi apparatus
O15971	insulin-responsive compartment
O15971	lateral plasma membrane
O15971	neuronal cell body
O15971	plasma membrane
O15971	recycling endosome
O15971	synapse
O15971	synaptic vesicle
O15971	vesicle
X2J8Y6	None
A1ZBC5	nucleus
A0A0B4LGY5	cytosol
A0A0B4LGY5	nucleus
P35416	cytoplasm
P35416	cytoskeleton
P35416	myosin complex
P35416	striated muscle myosin thick filament
Q7K012	brahma complex
Q7K012	NuA4 histone acetyltransferase complex
Q7K012	SWI/SNF complex
M9NEE8	endosome
M9NEE8	neuronal cell body
M9NEE8	plasma membrane
M9NEE8	recycling endosome
M9NEE8	synapse
M9NEE8	synaptic vesicle
M9NEE8	trans-Golgi network transport vesicle
M9NEE8	vesicle
Q7JVH6	cytosol
Q9VNG6	autophagosome
Q9VNG6	cytoplasm
Q9VNG6	endomembrane system
Q9VNG6	endosome membrane
Q9VNG6	neuronal cell body
Q9VNG6	recycling endosome
Q9VNG6	synapse
Q9VNG6	vesicle
A0A0B4K623	None
Q9VQK5	precatalytic spliceosome
Q9VQK5	U1 snRNP
Q9VQK5	U2-type prespliceosome
A0A0B4K624	None
Q9VJP2	nucleus
Q9VED6	cytoplasm
Q9VED6	microtubule
Q9VST4	None
Q9W137	nucleus
O46067	endomembrane system
O46067	endoplasmic reticulum chaperone complex
O46067	endoplasmic reticulum lumen
O46067	extracellular space
Q9VGM2	cytosol
Q9VGM2	nucleoplasm
Q7KU78	cytoplasm
Q7KU78	nucleus
Q7KU78	ribonucleoprotein complex
M9PGP7	nucleus
Q9VV77	nucleus
Q9VV77	PRC1 complex
M9MRD4	cytoplasm
M9MRD4	cytosol
M9MRD4	meiotic nuclear membrane microtubule tethering complex
M9MRD4	nuclear envelope
M9MRD4	nuclear outer membrane
M9MRD4	perinuclear region of cytoplasm
M9MRD4	Z disc
Q7JQT9	90S preribosome
Q7JQT9	nucleolus
Q7JQT9	small-subunit processome
Q7KSP5	heterochromatin
Q7KSP9	nucleus
B7YZT0	dendrite
B7YZT0	integral component of membrane
B7YZT0	integral component of plasma membrane
Q8INE2	None
Q9W1A9	MOZ/MORF histone acetyltransferase complex
Q9W1A9	nucleosome
Q9W1A8	nucleus
M9MRD3	None
Q0KHU2	axon
Q0KHU2	catalytic step 2 spliceosome
Q0KHU2	cytoplasm
Q0KHU2	cytosol
Q0KHU2	neuronal cell body
Q0KHU2	nucleus
Q0KHU2	precatalytic spliceosome
P19351	striated muscle thin filament
P19351	troponin complex
M9PI37	integral component of membrane
M9PI37	plasma membrane
M9PB42	None
B7YZF8	integral component of membrane
B7YZF8	plasma membrane
B7YZF8	trans-Golgi network
B7YZF9	integral component of membrane
B7YZF9	plasma membrane
B7YZF9	trans-Golgi network
Q9W227	cytoplasm
Q9W227	endomembrane system
Q9W227	extracellular region
Q9W227	extracellular space
Q9W227	intracellular membrane-bounded organelle
B7YZF5	integral component of membrane
B7YZF5	plasma membrane
B7YZF5	trans-Golgi network
B7YZF6	integral component of membrane
B7YZF6	plasma membrane
B7YZF6	trans-Golgi network
B7YZF7	integral component of membrane
B7YZF7	plasma membrane
B7YZF7	trans-Golgi network
Q9W0B8	COPI vesicle coat
Q9W0B8	endoplasmic reticulum-Golgi intermediate compartment
Q9W0B8	Golgi membrane
P10987	brahma complex
P10987	cytoplasm
P10987	cytoskeleton
P10987	Ino80 complex
Q9VJ55	nucleus
Q95SZ9	cytoplasm
Q95SZ9	nucleus
P10981	cytoplasm
P10981	cytoskeleton
P10981	NuA4 histone acetyltransferase complex
Q9VS00	None
M9NEV0	nucleus
X2JDP6	None
P22464	cell cortex
P22464	cytoplasm
P22464	endomembrane system
P22465	cytoplasm
P22465	membrane
A0A0B4K843	cytoskeleton of presynaptic active zone
A0A0B4K843	presynaptic active zone
Q9GQF1	cytoplasm
Q9GQF1	Golgi membrane
Q9GQF1	membrane
Q9GQF1	neuron projection
Q9GQF1	trans-Golgi network transport vesicle
Q7K3J0	chaperonin-containing T-complex
Q7K3J0	plasma membrane
M9MRX0	None
Q7KT48	cytoplasm
Q7KT48	microtubule
Q9VXG4	cytoplasm
A0A0B4K7Z5	proteasome complex
A0A0B4K7Z1	integral component of membrane
A0A0B4LFW0	axoneme
A0A0B4LFW0	cilium
M9NDC7	cytoplasm
M9NDC7	dynein complex
M9NDC7	microtubule
Q9VYY9	cytoplasm
Q9VYY9	endosome
Q9VYY9	Golgi apparatus
Q9VYY9	vesicle
Q9VFB9	nucleus
Q6WSQ9	nucleus
O16102	nucleus
O16102	transcriptionally active chromatin
Q9VWD9	cytosol
P07487	cytosol
P07486	cytosol
P07486	M band
P07486	Z disc
Q9W5E8	filamentous actin
Q9W5E8	microtubule organizing center
Q9VB76	plasma membrane
Q9VB72	cytoskeleton
A1Z8S6	chromatin
A1Z8S6	nucleus
A1Z8S6	polytene chromosome
P13678	plasma membrane
Q7JVL3	catalytic step 2 spliceosome
Q7JVL3	precatalytic spliceosome
Q7JVL3	protein-containing complex
O44434	nuclear speck
O44434	nucleus
Q9VRJ4	peroxisome
P55841	cytosolic large ribosomal subunit
P55841	cytosolic ribosome
A0A0B4LEY0	autophagosome
A0A0B4LEY0	endomembrane system
A0A0B4LEY0	lysosome
A0A0B4LEY0	membrane
A0A0B4LEY0	mitochondrion
A0A0B4LEY0	recycling endosome
A0A0B4LEY0	synapse
A0A0B4LEY0	trans-Golgi network
A0A0B4LEY0	vesicle
Q7KRS7	cytoplasm
Q7KRS7	cytosol
Q7KRS7	nucleus
Q7KRS7	ribonucleoprotein complex
M9PDQ0	cytoplasm
M9PDQ0	cytoskeleton
Q7KRS9	nucleus
M9PC91	cytoplasm
M9PC91	Z disc
M9PJN8	None
M9MRD6	cytoplasm
M9MRD6	cytosol
M9MRD6	integral component of membrane
M9MRD6	meiotic nuclear membrane microtubule tethering complex
M9MRD6	nuclear envelope
M9MRD6	nuclear outer membrane
M9MRD6	perinuclear region of cytoplasm
M9MRD6	Z disc
M9MRD1	cytoplasm
M9MRD1	cytosol
M9MRD1	integral component of membrane
M9MRD1	meiotic nuclear membrane microtubule tethering complex
M9MRD1	nuclear envelope
M9MRD1	nuclear outer membrane
M9MRD1	perinuclear region of cytoplasm
M9MRD1	Z disc
Q9VBX2	Ada2/Gcn5/Ada3 transcription activator complex
Q9VBX2	cytosol
Q9VBX2	molybdopterin synthase complex
Q9VBX2	polytene chromosome
Q9VBX3	cytoplasm
Q9VBX3	nucleus
Q9VBX3	polytene chromosome
Q9VBX3	polytene chromosome chromocenter
Q9VBX3	polytene chromosome puff
A1Z9M3	nucleus
A1Z9M4	nucleus
M9MRD8	cytoplasm
M9MRD8	nucleus
Q9VSF3	nucleus
X2JGP4	endoplasmic reticulum lumen
P09089	nucleus
Q8IRW8	MLL3/4 complex
Q8IRW8	nucleus
Q8IRW8	polytene chromosome
Q8IRW8	polytene chromosome puff
Q9VU28	cytoplasm
Q9VU28	mitochondrion
P25932	nucleus
Q9VN57	axoneme
Q9VN57	extracellular region
Q9VN56	nucleus
Q9VC09	cytosol
P61209	apical part of cell
P61209	cleavage furrow
P61209	cytoplasm
P61209	cytosol
P61209	endosome
P61209	Golgi apparatus
P61209	Golgi stack
P61209	lysosome
P61209	plasma membrane
P61209	presynapse
Q9VBF5	cytosol
A0A0B4KF15	dendrite
A0A0B4KF15	integral component of membrane
A0A0B4KF15	integral component of plasma membrane
E1JJN1	None
Q9VDH2	integral component of membrane
Q9VDH2	plasma membrane
Q9VDH2	postsynaptic membrane
Q8SX83	nucleus
Q7K2I4	cytoplasm
Q7K2I4	intracellular membrane-bounded organelle
Q7KY04	endosome
Q7KY04	neuronal cell body
Q7KY04	plasma membrane
Q7KY04	recycling endosome
Q7KY04	synapse
Q7KY04	vesicle
Q9VRX0	nucleus
R4GRV8	None
A0A0B4JD57	myofibril
A0A0B4JD57	myosin complex
A0A0B4JD57	myosin filament
A8JNP1	None
M9NE19	nucleus
A8JNP2	None
A0A0B4KFU8	None
M9PG42	None
X2JFA0	cytosol
A1Z7F5	dendrite
A1Z7F5	integral component of membrane
A1Z7F5	integral component of plasma membrane
M9PG44	nucleus
Q9VL02	None
Q9VL07	MLL3/4 complex
Q9VL07	nucleus
Q9VL07	polytene chromosome
Q9VL07	polytene chromosome interband
A0A0B4LH50	None
Q9V9Q2	nucleus
A0A0U1RVK6	cytoplasm
A0A0U1RVK6	cytosol
P26802	nucleolus
P26802	nucleus
M9NED3	nucleus
A0A126GUN5	None
O96299	None
Q9VEC3	cytoplasm
Q9VEC3	Ino80 complex
Q9VEC3	nucleus
P15619	nucleus
Q0E931	None
Q7KU82	nucleus
A0A0B4KHV9	nucleus
Q9VPT3	cytoplasm
Q9VPT3	mitochondrion
P49258	cytoplasm
P49258	investment cone
P49258	myosin VI complex
P49258	nucleus
M9PGW9	nucleus
M9PEG0	centrosome
M9PEG0	cytoplasm
M9PEG0	sensory dendrite
M9PEG0	spot adherens junction
M9PEG0	zonula adherens
A8DY91	nucleus
M9PEG9	cytoplasm
A4UZ69	integral component of membrane
Q7JQY8	nucleus
P23573	cyclin-dependent protein kinase holoenzyme complex
P23573	cytoplasm
P23573	nucleus
B7YZG0	integral component of membrane
B7YZG0	plasma membrane
B7YZG0	trans-Golgi network
A0A0B4KHS3	apical cortex
A0A0B4KHS3	apical plasma membrane
A0A0B4KHS3	basal cortex
A0A0B4KHS3	basal part of cell
A0A0B4KHS3	basal plasma membrane
A0A0B4KHS3	cell cortex
A0A0B4KHS3	centrosome
A0A0B4KHS3	cytoplasm
Q9VKC4	nucleus
Q76NQ3	MLL3/4 complex
Q76NQ3	nucleus
Q76NQ3	polytene chromosome interband
Q9VMK1	integral component of membrane
Q9VMK1	mitochondrial inner membrane
Q76NQ9	cytosol
Q9VAY2	endomembrane system
Q9VAY2	endoplasmic reticulum
Q9VAY2	extracellular space
Q9VAY2	perinuclear region of cytoplasm
P13055	nucleus
P52486	nucleus
Q7JR58	mitochondrion
Q7K4Q9	None
Q7JR52	None
M9PH10	cytoplasm
Q4ABD8	chromatin
Q4ABD8	nucleosome
Q4ABD8	nucleus
Q6NPA6	basolateral plasma membrane
Q6NPA6	cell cortex
Q6NPA6	cytoplasm
Q6NPA6	fusome
Q6NPA6	germline ring canal
Q6NPA6	neuromuscular junction
Q6NPA6	type I terminal bouton
A0A0B4LFX0	cell projection
A0A0B4LFX0	cytoplasm
A0A0B4LFX0	cytoskeleton
Q9VYX2	nucleus
Q0KHX7	filamentous actin
Q0KHX7	microtubule organizing center
Q9W1L8	cytoplasm
Q9W1L8	cytosol
Q9VZ23	cell cortex
Q9VZ23	cytoplasm
Q9VZ23	mitotic spindle microtubule
Q9VZ23	nuclear envelope
Q9VZ23	nucleus
Q8IQH2	cytosol
Q9VDK5	nucleus
Q8I0P1	centrosome
Q8I0P1	chromosome
Q8I0P1	cytoplasm
Q8I0P1	integral component of membrane
Q8I0P1	lipid droplet
Q8I0P1	microtubule
Q8I0P1	microtubule cytoskeleton
Q8I0P1	neuromuscular junction
Q8I0P1	nucleus
Q8I0P1	spindle
Q8I0P1	terminal bouton
A8JV18	None
A1Z792	None
O97479	None
B7Z0V4	nucleus
P40945	Golgi apparatus
P40945	plasma membrane
P40945	presynapse
Q9VBU7	annulate lamellae
Q9VBU7	cytoplasm
Q9VBU7	nuclear pore
Q9VDE3	SCF ubiquitin ligase complex
Q8T9L5	cell cortex
Q8T9L5	cytoplasm
Q8T9L5	endosome
Q8T9L5	nucleus
Q9VWG2	Sin3-type complex
P29747	nucleus
P29747	polytene chromosome
Q9VYN3	nucleus
Q9VIW6	cytosol
Q9VIW6	early endosome
Q9VIW6	late endosome
Q9VIW6	lysosome
Q9VIW6	phagocytic vesicle
Q9VIW6	phagocytic vesicle membrane
Q9VIW6	recycling endosome
Q9VIW6	synapse
Q9VIW6	synaptic vesicle
Q9VIW6	trans-Golgi network
Q9VIW6	vesicle
P39413	nucleus
A0A0B4K6N1	ribosome
Q9VD23	cytoplasm
Q9VD23	plasma membrane
P91623	nucleus
Q9VD29	COPII vesicle coat
Q9VD29	endoplasmic reticulum exit site
Q9VD29	Golgi apparatus
A1Z9L3	catalytic step 2 spliceosome
A1Z9L3	nucleus
A1Z9L3	precatalytic spliceosome
A1Z9L3	spliceosomal complex
Q9VUW9	cell projection
Q9VUW9	Golgi apparatus
Q9VUW9	Golgi membrane
Q9VUW9	integral component of membrane
Q9VUW9	presynaptic membrane
Q9VUW9	synapse
Q9VUW9	synaptic vesicle
M9PBN9	nucleus
M9MRG2	None
M9MRG4	MLL3/4 complex
M9MRG4	nucleus
M9MRG4	polytene chromosome interband
A8DYD1	nucleus
A8DYD2	nucleus
A8DYD3	nucleus
A8DYD9	nucleus
M9NEU8	nucleus
Q9VSI6	cytosol
Q9VSI6	mitochondrion
Q9VSI6	peroxisome
P46415	cytosol
Q9VSI1	cytoplasm
Q9VSI1	cytosol
Q9VSI1	nucleus
Q9VSI1	plasma membrane
A0A0B4JCX5	cytosol
A0A0B4JCX5	nucleus
Q9VC31	endosome
Q9VC31	Golgi apparatus
Q9VC31	insulin-responsive compartment
Q9VC31	neuronal cell body
Q9VC31	plasma membrane
Q9VC31	recycling endosome
Q9VC31	synapse
Q9VC31	synaptic vesicle
Q9VC31	vesicle
Q9VC36	brahma complex
Q9VC36	RSC-type complex
Q9VWC6	nucleoplasm
Q9VWC6	nucleus
Q9V3Z6	actin cytoskeleton
Q9V3Z6	apical cortex
Q9V3Z6	basal cortex
Q9V3Z6	cell cortex
Q9V3Z6	cytoplasm
Q9V3Z6	female germline ring canal outer rim
Q9V3Z6	micropyle
Q9V3Z6	microvillus
Q9V3Z6	myosin VII complex
Q9V3Z6	vesicle
E1JHQ1	None
M9NF14	axon
M9NF14	catalytic step 2 spliceosome
M9NF14	cytoplasm
M9NF14	cytosol
M9NF14	neuronal cell body
M9NF14	nucleus
M9NF14	precatalytic spliceosome
A4V2A4	cytoplasm
A4V2A4	nucleus
O96553	cytoplasm
O96553	cytosol
Q9VDW7	mitochondrion
Q9VDW7	succinate-CoA ligase complex (ADP-forming)
Q9VDW6	cell cortex
Q9VDW6	cytoplasm
Q9VDW6	cytoskeleton
Q9VDW6	dystrophin-associated glycoprotein complex
Q9VDW6	neuromuscular junction
Q9VDW6	sarcolemma
Q9VDW6	synapse
Q8IPT6	None
A0A0S0X2W5	cytoplasm
A0A0S0X2W5	nucleus
A0A0B4KEH0	None
Q04688	nucleus
M9PGB3	None
P08120	basement membrane
P08120	collagen type IV trimer
P08120	extracellular matrix
P08120	extracellular space
Q8IPH7	actin cytoskeleton
Q8IPH7	cytoplasm
Q8IPH7	microvillus
Q8IPH7	myosin complex
Q8IPH7	vesicle
Q3YMU0	endomembrane system
Q3YMU0	endoplasmic reticulum
Q3YMU0	endoplasmic reticulum lumen
Q95WY3	box C/D RNP complex
Q95WY3	nucleolus
Q95WY3	small-subunit processome
Q9VRY6	endosome
Q2MGN0	nucleus
Q8IPH8	actin cytoskeleton
Q8IPH8	cytoplasm
Q8IPH8	microvillus
Q8IPH8	myosin complex
Q8IPH8	vesicle
P11146	cytoplasm
P11146	cytosol
P11146	nucleus
P11146	plasma membrane
A0A0S0WIH4	myofibril
A0A0S0WIH4	myosin complex
A0A0S0WIH4	myosin filament
Q9VHL2	chaperonin-containing T-complex
Q9VHL2	cytosol
Q7JX87	cytosol
Q7JX87	mitochondrion
M9PHR2	troponin complex
M9PHR0	cytoplasm
A0A0B4JD82	None
M9PCF9	cytoplasm
M9PCF9	nucleus
Q7JUF2	cytoplasm
Q7JUF2	cytosol
Q9W074	cytoplasm
Q9W555	COPI vesicle coat
Q9W555	cytosol
Q9W555	Golgi membrane
Q9VLL1	Ada2/Gcn5/Ada3 transcription activator complex
Q9VLL1	polytene chromosome
Q24266	nucleus
Q8IMV6	nuclear matrix
Q8IMV6	nucleoplasm
Q8IMV6	nucleus
Q59DQ0	integral component of plasma membrane
Q59DQ0	intracellular membrane-bounded organelle
Q59DQ0	plasma membrane
M9PFB5	COP9 signalosome
M9PFB5	cytoplasm
M9PDJ1	nucleus
A0A0B4KGD3	None
M9PDJ5	nucleus
Q9VQI7	cytosol
Q9VQI7	mitochondrion
Q9VEB1	cytoplasm
Q9VEB1	mitochondrion
Q8IN63	apical cortex
Q8IN63	apical plasma membrane
Q8IN63	basal cortex
Q8IN63	basal part of cell
Q8IN63	basal plasma membrane
Q8IN63	cell cortex
Q8IN63	centrosome
Q8IN63	cytoplasm
M9PC18	None
A0A0B4K7J2	annulate lamellae
A0A0B4K7J2	cytoplasm
A0A0B4K7J2	nuclear pore
Q9VGR8	nucleus
H1UUF3	cAMP-dependent protein kinase complex
M9PGV6	cytoplasm
M9PGV6	cytoskeleton
Q9XYM5	nuclear speck
Q9N658	nucleus
Q9N658	polytene chromosome
P84040	chromosome
P84040	nuclear chromosome
P84040	nucleosome
P84040	RCAF complex
Q5U0W8	nucleus
A0A0B4KHR6	nucleus
Q8WR53	cytoplasm
Q8WR53	cytosol
Q8WR53	nucleus
Q8WR53	ribonucleoprotein complex
A0A0B4KHR4	cytoskeleton
A0A0B4KHR4	sarcolemma
A0A0S0WN65	cation channel complex
A0A0S0WN65	cilium
A0A0S0WN65	dendrite
A0A0S0WN65	neuronal cell body
A0A0S0WN65	spanning component of plasma membrane
M9PG92	None
P25439	brahma complex
P25439	nucleus
P25439	polytene chromosome
P25439	SWI/SNF complex
M9PEX9	cytoplasm
Q76NR6	extracellular region
Q76NR6	extracellular space
X2JGB3	nucleus
Q8MMD7	None
Q9VMJ7	histone methyltransferase complex
Q9VMJ7	nucleus
Q9VMJ7	Sin3-type complex
Q9VXW2	nucleus
Q9VXW2	spliceosomal complex
Q9VR53	nucleus
Q9VJ33	cytoplasm
Q9VJ33	nucleus
E1JIR3	None
Q9VVL5	cytoplasm
A0A0B4KHL7	integral component of membrane
A0A0B4KHL7	mitochondrial inner membrane
Q9VAX8	catalytic step 2 spliceosome
Q9VAX8	cytoplasm
Q9VAX8	cytosol
Q9VAX8	precatalytic spliceosome
Q9VAX8	ribonucleoprotein complex
Q9VAX8	small nuclear ribonucleoprotein complex
Q9VAX8	U2-type catalytic step 2 spliceosome
Q9VAX8	U4/U6 x U5 tri-snRNP complex
Q9VAX8	U5 snRNP
Q9VAX7	cytoplasm
Q9VAX7	microtubule
Q8SXC0	cytoplasm
Q7JR61	integral component of membrane
Q9VHP0	cytoplasm
Q9VHP0	cytosol
Q9VHP0	neuronal cell body
Q9VHP0	nucleus
Q9VHP0	P granule
Q9VHP0	RISC complex
P15007	cytoplasm
P15007	phosphopyruvate hydratase complex
P15007	plasma membrane
Q9VEP9	catalytic step 2 spliceosome
Q9VEP9	nucleus
Q9VEP9	precatalytic spliceosome
Q9VEP9	U2 snRNP
Q9VEP9	U2-type prespliceosome
Q5BI50	Cul4-RING E3 ubiquitin ligase complex
Q5BI50	cullin-RING ubiquitin ligase complex
Q5BI50	nucleus
Q5BI50	SCF ubiquitin ligase complex
Q9VXI3	endomembrane system
Q9VI24	nucleus
Q9NDJ2	histone acetyltransferase complex
Q9NDJ2	NuA4 histone acetyltransferase complex
Q9NDJ2	nucleus
Q9NDJ2	Swr1 complex
Q8T4D1	cytosol
Q8T4D1	nucleus
M9MRT6	membrane
E1JI64	cytoplasm
E1JI66	cytoplasm
Q4ABE3	chromatin
Q4ABE3	nucleosome
Q4ABE3	nucleus
Q95RJ9	histone deacetylase complex
Q95RJ9	nucleus
Q95RJ9	polytene chromosome
Q95RJ9	transcription repressor complex
E1JJP0	troponin complex
Q4QQA3	None
B7Z0Y0	None
Q9VB52	cytoplasm
Q9VB52	Myb complex
Q9VB52	nucleus
Q9VB52	polytene chromosome
Q8T092	nucleus
Q9VG88	None
H0RNK7	None
A0A0B4JDF1	nucleus
Q8IR99	axon
Q8IR99	catalytic step 2 spliceosome
Q8IR99	cytoplasm
Q8IR99	cytosol
Q8IR99	neuronal cell body
Q8IR99	nucleus
Q8IR99	precatalytic spliceosome
P08970	chromatin
P08970	nucleus
P08970	polytene chromosome
Q9VF56	nucleus
Q9VF56	small nuclear ribonucleoprotein complex
Q9VF56	U5 snRNP
Q9VAN7	M band
Q9VAN7	Z disc
M9PJG1	nucleus
E2QCF1	cytosol
M9PGI7	catalytic step 2 spliceosome
M9PGI7	nucleus
M9PGI7	precatalytic spliceosome
Q9VSV5	ionotropic glutamate receptor complex
Q9VSV5	plasma membrane
Q9VSV5	postsynaptic membrane
Q8IRG6	cytosol
Q8IRG6	FACT complex
Q8IRG6	nucleolus
Q8IRG6	nucleus
Q8IRG6	polytene chromosome puff
A0A126GUP1	nucleus
Q541C3	None
O61305	cytoplasmic stress granule
O61305	nuclear pore cytoplasmic filaments
O61305	nucleoplasm
O61305	nucleus
M9MRF5	cytoplasm
M9MRF5	cytosol
M9MRF5	integral component of membrane
M9MRF5	meiotic nuclear membrane microtubule tethering complex
M9MRF5	nuclear envelope
M9MRF5	nuclear outer membrane
M9MRF5	perinuclear region of cytoplasm
M9MRF5	Z disc
D4G7A6	nucleus
Q9W5X0	anterior cell cortex
Q9W5X0	cytoplasm
Q9W5X0	cytoplasmic side of apical plasma membrane
Q9W5X0	endosome membrane
Q9W5X0	endosome to plasma membrane transport vesicle
Q9W5X0	filopodium
Q9W5X0	lamellipodium
Q9W5X0	neuromuscular junction
Q9W5X0	neuronal cell body
Q9W5X0	plasma membrane
Q9W5X0	posterior cell cortex
Q9W5X0	synapse
Q9W5X0	vesicle
Q9W1X5	integral component of membrane
P91928	cytoplasm
P91928	MICOS complex
P91928	mitochondrial inner membrane
P91928	mitochondrion
Q9VLC5	cytoplasm
Q9VLC5	mitochondrion
X2JAJ8	extracellular space
Q4V6Y6	nucleus
Q4V6Y7	nucleus
Q9VUD1	nucleus
P91638	nucleus
A0A0B4KH12	nucleus
P28668	aminoacyl-tRNA synthetase multienzyme complex
P28668	cytoplasm
A0A0B4KEI6	nucleus
O62609	cytoplasm
O62609	cytosol
O62609	heteromeric SMAD protein complex
O62609	nucleus
O62609	RNA polymerase II transcription repressor complex
O62609	transcription regulator complex
P20385	cytosol
P20385	nucleus
C9QPC2	None
O76742	cell cortex
O76742	late endosome
O76742	late endosome membrane
O76742	lysosome
O76742	neuronal cell body
O76742	phagocytic vesicle
O76742	plasma membrane
O76742	synapse
O76742	vesicle
A0A0B4JD76	None
A0A0B4K6S1	heterochromatin
Q9VRV4	nucleus
Q9VRV5	nucleus
A1Z893	cytoplasm
A1Z893	cytosol
A1Z893	extracellular exosome
A1Z893	mitochondrion
A1Z892	cytosol
A1Z892	mitochondrion
X2JIB5	None
Q8SY59	nucleus
Q8IMG6	cytoplasm
Q8IMG6	heteromeric SMAD protein complex
Q9VHM3	nucleus
M9PCE3	None
Q9VHM5	nucleus
Q9VHM4	exon-exon junction complex
Q9VHM7	nucleus
Q9VHM6	nucleus
Q95SK9	None
A0A0B4JD95	myofibril
A0A0B4JD95	myosin complex
A0A0B4JD95	myosin filament
Q0KI94	cytosol
Q0KI94	nucleus
M9PFC6	cytoplasm
M9PFC6	Z disc
Q59DP9	integral component of plasma membrane
Q59DP9	intracellular membrane-bounded organelle
Q59DP9	plasma membrane
Q59DP8	integral component of plasma membrane
Q59DP8	intracellular membrane-bounded organelle
Q59DP8	plasma membrane
Q59DP0	nucleus
Q24216	carboxy-terminal domain protein kinase complex
Q24216	cytoplasm
Q24216	nucleolus
Q24216	nucleoplasm
Q24216	nucleus
Q24216	transcription factor TFIIH holo complex
Q24216	transcription factor TFIIK complex
A1Z9W4	cytoplasm
A1Z9W4	mRNA cleavage factor complex
A1Z7S1	autophagosome
A1Z7S1	endomembrane system
A1Z7S1	lysosome
A1Z7S1	membrane
A1Z7S1	mitochondrion
A1Z7S1	recycling endosome
A1Z7S1	synapse
A1Z7S1	trans-Golgi network
A1Z7S1	vesicle
A0A0B4KGE5	nucleoplasm
A0A0B4KGE5	nucleus
A4V3Q6	cytoplasm
Q9XZJ4	cytoplasm
Q9XZJ4	cytosol
Q9XZJ4	nucleoplasm
Q9XZJ4	nucleus
Q9XZJ4	proteasome complex
Q9XZJ4	proteasome core complex
Q9XZJ4	proteasome core complex, alpha-subunit complex
Q9VAM5	NuA4 histone acetyltransferase complex
A0A0B4K7K9	cytoskeleton of presynaptic active zone
A0A0B4K7K9	neuromuscular junction
A0A0B4K7K9	presynaptic active zone
A0A0B4K7K9	presynaptic membrane
Q9VQH0	cytoplasm
Q9VQH0	plasma membrane
M9PD91	nucleus
M9NEH9	cytoplasm
M9NEH9	nucleus
M9PD94	heterochromatin
M9PD94	nucleus
Q9VK33	nucleus
Q9VK33	PcG protein complex
Q4V5A5	nucleus
Q9V3A7	chromatin
Q9V3A7	chromosome
Q9V3A7	condensin complex
Q9V3A7	cytoplasm
Q9V3A7	nucleus
P19109	catalytic step 2 spliceosome
P19109	cytoplasm
P19109	cytosol
P19109	nucleolus
P19109	nucleus
P19109	polytene chromosome
P19109	polytene chromosome puff
P19109	precatalytic spliceosome
P19109	ribonucleoprotein complex
Q7K738	nucleus
Q7K738	ubiquitin ligase complex
Q8T079	polytene chromosome interband
P05990	cytoplasm
P05990	cytosol
X2JDA5	None
Q8SXR7	endoplasmic reticulum
Q8SXR7	integral component of membrane
M9PI28	cytoplasm
M9PI28	Z disc
A0A0B4KFY9	intermediate filament
A0A0B4KFY4	integral component of membrane
A0A0B4KFY4	mitochondrion
A0A0B4KFY5	cytosol
A0A0B4KFY5	nucleus
X2JFM3	None
Q24062	None
M9PCS5	extracellular space
Q9VS55	nucleus
Q7JR71	extracellular space
Q7JR71	plasma membrane
A0A0B4K812	cytoplasm
A0A0B4K812	microtubule
A0A0B4K812	microtubule associated complex
A0A0B4K812	microtubule organizing center
Q8T4G5	integral component of membrane
Q8T4G5	mitochondrial inner membrane
Q8T4G5	mitochondrion
Q9VI14	catalytic step 2 spliceosome
Q9VI14	precatalytic spliceosome
C7LAE4	None
Q9V4A0	integral component of membrane
Q9V4A0	plasma membrane
Q9V4A0	postsynaptic membrane
A0A0B4LFH8	cytosol
Q24192	plasma membrane
Q4QPP5	centrosome
Q4QPP5	cytoplasm
Q4QPP5	microtubule
Q4QPP5	microtubule cytoskeleton
Q4QPP5	nucleus
Q4QPP5	spindle pole
M9MRW0	RSF complex
Q9W213	axon
Q9W213	axonal growth cone
Q9W213	dendrite
Q9W213	integral component of plasma membrane
Q9W213	neuronal cell body
Q9W213	plasma membrane
Q9W213	protein-containing complex
Q9W213	Slit-Robo signaling complex
Q9W213	vesicle
X2J935	None
Q06849	cytoplasm
Q06849	microtubule cytoskeleton
Q06849	presynapse
P48601	cytosol
P48601	nucleoplasm
P48601	proteasome regulatory particle
P48601	proteasome regulatory particle, base subcomplex
A0A0B4LFZ4	None
P22817	cytoplasm
P22817	mitochondrion
P22817	peroxisome
P22817	plasma membrane
P16376	cytoplasm
P16376	nucleus
P16376	synapse
P16375	cytoplasm
P16375	nucleus
P16375	synapse
P16371	nucleoplasm
P16371	nucleus
P16371	protein-containing complex
P16371	transcription regulator complex
M9PIR5	nucleus
Q9VTI5	mitochondrion
Q9VTI5	tricarboxylic acid cycle enzyme complex
Q9VKW4	kinesin complex
Q9VKW4	microtubule
Q9W1X4	nuclear envelope
Q9W1X4	nuclear membrane
Q9W1X4	nuclear pore
Q9VB23	cytosol
Q9VB23	nucleoplasm
Q9VB23	nucleus
Q9VB23	protein phosphatase type 2A complex
Q9VU29	cytoplasm
Q9VU29	mitochondrion
Q94546	Cdc73/Paf1 complex
Q94546	nucleus
P06742	cytosol
P06742	muscle myosin complex
Q0KI38	integral component of membrane
Q0KI38	plasma membrane
Q0KI38	postsynaptic membrane
P20478	cytoplasm
Q8IR69	cytoplasm
Q8IR69	histone deacetylase complex
Q8IR69	nucleus
P20477	cytoplasm
P20477	mitochondrion
Q8IRD1	None
A1ZA47	actin cytoskeleton
A1ZA47	adherens junction
A1ZA47	apical part of cell
A1ZA47	basal part of cell
A1ZA47	basolateral plasma membrane
A1ZA47	cell leading edge
A1ZA47	filamentous actin
A1ZA47	focal adhesion
A1ZA47	muscle tendon junction
A1ZA47	stress fiber
A1ZA47	Z disc
A1ZA47	zonula adherens
Q26365	integral component of membrane
Q26365	mitochondrial inner membrane
Q26365	mitochondrion
Q26365	synapse
Q9W3T3	nucleus
Q9Y145	catalytic step 2 spliceosome
Q9Y145	nucleus
Q9Y145	precatalytic spliceosome
Q94899	COP9 signalosome
Q94899	cytoplasm
Q94899	repressor ecdysone receptor complex
Q4V6X9	nucleus
Q9VN89	cell cortex
Q9VN89	cell leading edge
Q9VN89	centrosome
Q9VN89	chromosome
Q9VN89	cytoplasmic microtubule
Q9VN89	spindle pole
P09180	cytosolic large ribosomal subunit
P09180	cytosolic ribosome
X2JEY5	cytosol
Q8MLW2	nucleus
Q9VUC1	cytoplasm
Q9VUC1	cytosol
Q9VUC1	nucleus
Q9VUC7	cytosol
Q9VUC7	peroxisomal membrane
Q9VUC7	peroxisome
Q9VC54	None
Q7KTX7	cytoplasm
Q7KTX7	cytosol
Q7KTX7	endoplasmic reticulum
Q7KTX7	Golgi apparatus
Q7KTX7	mitochondrion
Q7KTX7	nucleus
Q7KTX7	ubiquitin ligase complex
A0A0B4K6L6	nucleus
Q9VDQ3	nucleus
Q9VDQ5	nucleus
Q9VDQ4	nucleus
E1JJM0	axon
E1JJM0	catalytic step 2 spliceosome
E1JJM0	cytoplasm
E1JJM0	cytosol
E1JJM0	neuronal cell body
E1JJM0	nucleus
E1JJM0	precatalytic spliceosome
A0A0B4KH07	cytosol
A0A0B4KH09	nucleus
Q7KTN8	cation channel complex
Q7KTN8	cilium
Q7KTN8	dendrite
Q7KTN8	neuronal cell body
Q7KTN8	spanning component of plasma membrane
Q9V3N7	cytoplasm
A8JQX0	None
E6EK15	integral component of plasma membrane
E6EK15	intracellular membrane-bounded organelle
E6EK15	plasma membrane
E6EK17	integral component of plasma membrane
E6EK17	intracellular membrane-bounded organelle
E6EK17	plasma membrane
E6EK18	integral component of plasma membrane
E6EK18	intracellular membrane-bounded organelle
E6EK18	plasma membrane
Q9VNU3	None
Q9W4Z9	nucleolus
Q9W4Z9	t-UTP complex
Q7KG36	nucleus
M9PCD6	None
Q59E34	nucleus
Q9VJN5	cytoplasmic side of plasma membrane
Q9VJN5	cytosol
Q9VJN5	nucleus
A4V1N8	myosin complex
A4V1N9	myosin complex
Q9V9V8	nucleus
P0CG69	cytoplasm
P0CG69	cytosol
P0CG69	nucleoplasm
P0CG69	nucleus
Q9VGB6	None
Q9V9V7	microprocessor complex
Q9V9V7	nucleus
A1Z9V2	nucleus
Q8MLY8	cytosolic ribosome
Q8MLY8	cytosolic small ribosomal subunit
X2JAG8	catalytic step 2 spliceosome
X2JAG8	nucleus
X2JAG8	precatalytic spliceosome
Q9VGL1	nucleus
A0A0B4K7L0	Mre11 complex
Q9VGL2	nucleus
M9PF60	cytoplasm
M9PF60	nucleus
M9PF60	spindle microtubule
M9PF61	cytosol
M9PF61	nucleoplasm
Q7K0X3	Cdc73/Paf1 complex
Q7K0X3	transcriptionally active chromatin
A0A0B4KGH0	cytoskeleton
A0A0B4KGH0	sarcolemma
Q9V438	cell surface
Q9V438	endomembrane system
Q9V438	endoplasmic reticulum
Q9V438	endoplasmic reticulum lumen
Q8SYM9	RNA polymerase III complex
O97394	apical part of cell
O97394	integral component of plasma membrane
O97394	perivitelline space
M9PEH2	cytoplasm
P16163	peroxisome
Q9W289	cis-Golgi network
Q9W289	endoplasmic reticulum
Q9W289	Golgi apparatus
Q9W289	Golgi cis cisterna
Q9W289	Golgi cisterna membrane
Q9W289	Golgi stack
Q9W261	Cdc73/Paf1 complex
Q9W261	chromatin
Q9W261	nucleus
Q9W261	transcriptionally active chromatin
M9PB02	None
M9MSL3	cytoplasm
M9MSL3	cytosol
M9MSL3	nucleus
Q7KNM2	condensed chromosome outer kinetochore
Q7KNM2	condensed chromosome, centromeric region
Q7KNM2	nucleus
Q9VJ19	cytosolic large ribosomal subunit
Q9VJ19	cytosolic ribosome
Q9W2K8	nucleus
A0A0B4K660	apical cortex
A0A0B4K660	basal cortex
A0A0B4K660	cell cortex
A0A0B4K660	nucleus
A0A0B4K660	plasma membrane
X2JFX0	None
B5RIE4	nucleus
Q1LZ24	nucleus
E1JGV6	None
Q4AB57	nucleosome
Q4AB57	nucleus
Q4AB54	chromatin
Q4AB54	nucleosome
Q4AB54	nucleus
M9PF84	nucleus
Q8T4F7	axon
Q8T4F7	cell leading edge
Q8T4F7	cytoskeleton
Q8T4F7	cytosol
Q8T4F7	dendrite
Q8T4F7	filopodium tip
Q8T4F7	lamellipodium
Q8T4F7	subsynaptic reticulum
Q9V4B2	cleavage furrow
Q9V4B2	plasma membrane
Q9W316	None
Q9W475	extracellular space
A4UZ51	nucleus
Q8INI8	cytoplasm
Q8INI8	cytosol
Q8INI8	nucleus
Q8INI8	plasma membrane
P84051	chromosome
P84051	nucleosome
P84051	nucleus
P84051	polytene chromosome
P84051	polytene chromosome band
E1JI46	nucleus
Q9W3C8	plasma membrane
P48610	cytoplasm
P48610	cytosol
P48610	extracellular region
P48610	plasma membrane
Q9VFF3	nuclear exosome (RNase complex)
Q9VFF3	nuclear lamina
Q9VFF3	nucleolus
Q9VFF3	nucleus
M9PIL6	None
Q9VIF6	nucleus
P23803	nucleus
Q9VKV4	nucleus
Q9VKV4	Smc5-Smc6 complex
Q9W1Y0	integral component of membrane
Q9W1Y0	mitochondrial inner membrane
Q9W1Y0	mitochondrion
Q9XZ19	None
Q9VTD3	nucleus
Q9VKX2	cytosol
Q9VKX2	peroxisome
Q2PDT3	nucleus
M9MS06	None
Q9GQN4	cytosol
Q9GQN4	nucleus
Q9GQN3	cytosol
Q9GQN3	nucleus
Q960M4	cytoplasm
Q960M4	cytosol
Q960M4	mitochondrion
Q960M4	nucleus
Q960M4	peroxisomal matrix
Q960M4	peroxisome
Q8I8U7	cytoplasm
Q8I8U7	histone acetyltransferase complex
Q8I8U7	NuA4 histone acetyltransferase complex
Q8I8U7	nucleus
Q8I8U7	polytene chromosome
Q8I8U7	polytene chromosome puff
Q8I8U7	SAGA complex
E0A9E1	cation channel complex
E0A9E1	cilium
E0A9E1	dendrite
E0A9E1	neuronal cell body
E0A9E1	spanning component of plasma membrane
O96860	cytoplasm
O96860	cytoplasmic dynein complex
O96860	dynein complex
O96860	microtubule
Q9VIA5	dendrite terminus
Q9VIA5	integral component of membrane
Q9VIA5	integral component of plasma membrane
Q9VIA5	neuronal cell body
Q9VIA5	plasma membrane
Q9VIA5	receptor complex
Q9VIA5	sensory dendrite
X2JAZ3	None
M9PBI5	cytoplasm
M9PBI5	cytoskeleton
Q9VYX0	nucleus
Q9VDQ6	nucleus
A1Z9G6	catalytic step 2 spliceosome
A1Z9G6	precatalytic spliceosome
A0A0B4KGU4	None
X2JEX7	None
Q9VUB5	chromatin
Q9VUB5	nucleus
Q9VUB5	polytene chromosome
Q9VUB5	transcriptionally active chromatin
Q9VDR7	apical cortex
Q9VDR7	apical part of cell
Q9VDR7	apical plasma membrane
Q9VDR7	basal cortex
Q9VDR7	basal part of cell
Q9VDR7	basal plasma membrane
Q9VDR7	cell cortex
Q9VDR7	centrosome
Q9VDR7	cytoplasm
Q9VDR7	membrane
Q5LJN5	axonemal dynein complex
Q5LJN5	microtubule
Q9VPH6	None
Q9V3Q4	cytosol
Q9V3Q4	endomembrane system
Q9V3Q4	endoplasmic reticulum
Q9V3Q4	extracellular region
Q9V3Q4	extracellular space
Q9V3Q1	None
A1Z791	None
Q5BIC3	nucleus
M9PFS6	SWI/SNF complex
A0A0B4K6Q6	nucleus
Q8IPK8	None
E1JIV6	None
A8JNL9	nucleus
Q86B93	None
A0A0S0WIE7	ionotropic glutamate receptor complex
A0A0S0WIE7	plasma membrane
A0A0S0WIE7	postsynaptic membrane
Q9VNZ4	nucleus
Q86B99	nuclear speck
Q86B99	presynaptic active zone
Q9W4U2	None
Q9U1L2	None
M9PFE3	cilium
M9PFE3	cytoplasm
M9PFE3	nucleus
A1Z851	nucleus
M9PFE4	integral component of membrane
A1Z859	None
A1Z858	nucleus
P61857	cytoplasm
P61857	microtubule
P61851	cytoplasm
P61851	peroxisome
Q9VNH7	None
X2JAF1	None
Q9V3N5	nucleus
A0A0B4KH34	None
Q9VQN8	centrosome
Q9VQN8	chromosome
Q9VQN8	nucleus
M9PF79	nucleus
M9PF79	NuRD complex
P42124	chromatin
P42124	ESC/E(Z) complex
P42124	histone methyltransferase complex
P42124	nucleus
M9PF75	cytoplasm
M9PF75	Z disc
Q8SYL1	nucleus
Q8T0G8	autophagosome
Q8T0G8	endomembrane system
Q8T0G8	lysosome
Q8T0G8	membrane
Q8T0G8	mitochondrion
Q8T0G8	recycling endosome
Q8T0G8	synapse
Q8T0G8	trans-Golgi network
Q8T0G8	vesicle
Q8SX64	centrosome
Q8SX64	cytoplasm
Q8SX64	sensory dendrite
Q8SX64	spot adherens junction
Q8SX64	zonula adherens
P06603	astral microtubule
P06603	centrosome
P06603	cytoplasm
P06603	microtubule
P06603	nucleus
P06603	perinuclear region of cytoplasm
P06603	spindle
Q9V3C0	catalytic step 2 spliceosome
Q9V3C0	precatalytic spliceosome
Q9V3C0	spliceosomal complex
Q7JY07	cytosol
Q9VTY2	cytosol
M9PGY4	None
Q9VTY7	nucleus
Q9VTY8	actin cytoskeleton
Q9VTY8	actomyosin contractile ring
Q9VTY8	cytoplasm
Q9VTY8	cytoskeleton
A1Z700	actin cytoskeleton
A1Z700	cytoplasm
A1Z700	myosin complex
A1Z700	myosin V complex
A1Z700	neuronal cell body
A1Z700	rhabdomere
A1Z700	vesicle
Q9W254	nucleus
Q9W252	chromosome, telomeric region
Q9W252	condensed chromosome
Q9W252	condensed nuclear chromosome
Q9W252	Mre11 complex
Q9W252	nucleus
M9MSM4	nucleolus
M9MSM4	nucleoplasm
Q9VHA4	nucleus
E1JIW0	cytosol
Q9VHA0	nucleus
Q9VHA0	polytene chromosome
Q9VHA0	PRC1 complex
Q8MRK4	heterochromatin
Q8MRK4	nucleus
Q9VHA9	nucleus
E1JHJ3	myofibril
E1JHJ3	myosin complex
E1JHJ3	myosin filament
Q0KIF2	integral component of membrane
Q0KIF2	plasma membrane
Q0KIF2	postsynaptic membrane
A0A0B4LGR1	catalytic step 2 spliceosome
A0A0B4LGR1	precatalytic spliceosome
Q9VR05	nucleus
Q7YZ99	catalytic step 2 spliceosome
Q7YZ99	precatalytic spliceosome
Q9VVC9	90S preribosome
Q9VVC9	nucleolus
Q9V4C7	integral component of plasma membrane
Q9V4C7	intracellular membrane-bounded organelle
Q9V4C7	plasma membrane
X2J5P0	microtubule
Q9W321	histone acetyltransferase complex
Q9W321	histone methyltransferase complex
Q9W321	nucleoplasm
Q9W321	nucleus
Q9W321	polytene chromosome
Q9W321	presynapse
Q9W321	protein-containing complex
Q9W321	transcription regulator complex
Q9V4C9	nucleus
Q9V4C8	Ada2/Gcn5/Ada3 transcription activator complex
Q9V4C8	histone methyltransferase complex
Q9V4C8	MLL1/2 complex
Q9V4C8	MLL3/4 complex
Q9V4C8	nucleus
Q9V4C8	Set1C/COMPASS complex
A0A0B4LHS1	None
A0A0B4JDA0	brahma complex
A0A0B4JDA0	nBAF complex
A0A0B4JDA0	npBAF complex
A0A0B4JDA0	nucleus
A0A0B4JDA0	SWI/SNF complex
A0A0S0WGT1	integral component of membrane
Q9W1H8	mitochondrion
Q9VTS9	apical plasma membrane
Q9VTS9	cytoplasm
Q9VTS9	Z disc
X2JE40	actin cytoskeleton
X2JE40	cell cortex
X2JE40	cell-cell contact zone
X2JE40	cytoplasm
X2JE40	cytoskeleton
X2JE40	plasma membrane
M9NDX3	chromosome
M9NDX0	None
Q9VH07	brahma complex
Q9VH07	Ino80 complex
Q9VH07	NuA4 histone acetyltransferase complex
Q9VH07	nucleus
Q9VH07	R2TP complex
Q9VH07	Swr1 complex
Q9VTK9	cytosol
Q9VTK9	nucleoplasm
Q9VTK6	nucleus
Q9VYR1	extracellular region
Q9VYR1	extracellular space
Q95RQ8	nucleus
Q95RQ8	polytene chromosome
Q9XZ21	nucleus
G7H829	cytoplasm
G7H829	myosin complex
P25160	Golgi apparatus
P25160	presynapse
P25160	trans-Golgi network
D3DMW7	None
Q9VY72	cytoplasm
Q9VY72	nuclear chromosome
Q9VY72	nucleus
Q9VY76	cytosol
Q8IRB5	nucleus
P35128	cytosol
P35128	nucleus
P35128	perinuclear region of cytoplasm
P35128	UBC13-UEV1A complex
Q9VX06	None
P40417	cytoplasm
P40417	cytosol
P40417	neuromuscular junction
P40417	nucleus
M9PBJ8	None
Q9VUS0	nucleus
A0A0B4K6N2	nucleus
M9PBJ0	None
Q9VJ43	mitochondrion
Q9VJ43	peroxisome
Q9Y162	chromosome
Q9Y162	endosome
Q9Y162	ESCRT IV complex
Q9Y162	late endosome membrane
Q9Y162	lipid droplet
Q9Y162	nucleus
Q9Y164	None
P84249	nucleosome
P84249	nucleus
P84249	polytene chromosome
Q7PL82	nucleoplasm
Q7PL82	precatalytic spliceosome
Q9V5R2	peroxisome
M9PBD2	None
Q9W414	cytosolic proteasome complex
Q9W414	nucleus
Q9W414	proteasome regulatory particle
Q9W414	proteasome regulatory particle, base subcomplex
Q9VLN1	histone methyltransferase complex
Q9VLN1	Set1C/COMPASS complex
Q9W418	cytoplasm
Q9W418	nucleus
Q9W418	polytene chromosome band
Q8MM14	integral component of membrane
Q8MM14	ionotropic glutamate receptor complex
Q8MM14	plasma membrane
Q8MM14	postsynaptic membrane
A1Z9F8	None
Q9W3X6	mitochondrion
Q9W3X6	tricarboxylic acid cycle enzyme complex
Q9W3X5	mitochondrion
Q9W3X5	tricarboxylic acid cycle enzyme complex
M9NCM6	None
P39769	nucleolus
P39769	nucleus
P39769	polytene chromosome
P39769	PRC1 complex
P39768	nucleus
A0A0B4KG53	extracellular matrix
A0A0B4KG53	extracellular region
Q9V3P0	cytosol
Q9V3P3	catalytic step 2 spliceosome
Q9V3P3	nucleoplasm
Q9V3P3	nucleus
Q9V3P3	polytene chromosome interband
Q9V3P3	polytene chromosome puff
Q9V3P3	precatalytic spliceosome
Q9V3P3	proteasome activator complex
A0A0B4LIF3	None
A8WHL4	nucleus
H9XVQ2	nucleus
A0A0B4K6P1	None
Q9W523	nucleolus
Q9W523	nucleus
Q9W523	polytene chromosome
Q9W523	PRC1 complex
A0A0B4JD11	None
X2JBP9	troponin complex
B9EQV5	troponin complex
A0A0B4KG35	None
A0A0B4LGC9	M band
M9PHV5	ionotropic glutamate receptor complex
M9PHV5	plasma membrane
M9PHV5	postsynaptic membrane
Q9VNI0	centrosome
Q9VNI0	cytoplasm
Q9VNI0	microtubule
Q9VNI0	microtubule cytoskeleton
Q9VNI0	nucleus
Q9VNI0	spindle pole
Q9W4F9	None
Q9VJL7	nucleus
Q9VLH8	nucleus
Q7KQP6	I band
Q7KQP6	sarcomere
Q7KQP6	Z disc
A0A0B4KGX3	None
A0A0B4KGX1	myosin complex
M9PBV5	cytoplasm
Q7KSD3	cytoplasm
A0A0B4KH25	nucleosome
A0A0B4KH25	nucleus
Q9VLZ3	actin cytoskeleton
Q9VLZ3	cytoplasm
Q9VLZ3	microvillus
Q9VLZ3	myosin complex
Q9VLZ3	vesicle
Q9VK40	peroxisome
Q9VK47	plasma membrane
Q9VK47	proton-transporting V-type ATPase complex
Q9VK47	proton-transporting V-type ATPase, V1 domain
Q9VK47	vacuolar membrane
Q8IGK3	nuclear speck
M9PD45	None
M9PEJ2	endosome
Q24312	nucleus
A0A0S0WH03	cytoplasm
A0A0S0WH03	nucleus
Q8SXQ1	None
P04657	cytosol
P04657	mitochondrial inner membrane
P04657	mitochondrial intermembrane space
P04657	mitochondrion
P04657	respirasome
Q5LK13	None
M9NDY6	cytoplasm
M9NDY6	nucleus
Q9VAB8	chromosome
Q9VAB8	polytene chromosome
Q9VCN9	nucleus
Q9VCN9	SAGA complex
Q9VCN9	transcription factor TFIID complex
Q9VKH3	nucleus
M9PHD3	None
Q9W0H6	mitochondrion
Q9W0H6	peroxisome
P45888	actin filament
P45888	Arp2/3 protein complex
P45888	cytoplasm
Q9VQM4	cytoplasm
Q9VQM4	nucleus
Q9VJZ1	endomembrane system
Q9VEN3	Golgi apparatus
A0A0B4KFL4	None
A0A0B4KFL3	cell cortex
A0A0B4KFL3	cell leading edge
A0A0B4KFL3	centrosome
A0A0B4KFL3	chromosome
A0A0B4KFL3	cytoplasmic microtubule
A0A0B4KFL3	microtubule cytoskeleton
A0A0B4KFL3	nucleus
A0A0B4KFL3	spindle pole
A1Z7Q1	nuclear speck
Q7KK96	chromatin
Q7KK96	condensin complex
Q7KK96	cytoplasm
Q7KK96	nucleus
Q8I7Z8	nucleus
A0A126GV25	None
Q9VQS7	nucleus
Q24142	nucleus
Q24143	nucleus
Q8T4H3	None
A0A0B4KGH5	None
L0MNA8	None
Q7K0D8	chromatin
Q7K0D8	nuclear membrane
Q7K0D8	nuclear pore
Q7K0D8	nucleoplasm
Q7K0D8	polytene chromosome band
Q9W3E1	integrator complex
Q9W3E1	nucleus
A0A0B4LHP1	nucleus
Q9VWP7	nucleus
M9MRP5	None
Q9VID9	nucleus
Q9VID9	polytene chromosome
Q9VID9	polytene chromosome interband
Q9VID9	RSF complex
P15357	cytoplasm
P15357	cytosol
P15357	cytosolic small ribosomal subunit
P15357	nucleoplasm
P15357	nucleus
P62152	cell cortex
P62152	centriole
P62152	centrosome
P62152	cytoplasm
P62152	cytosol
P62152	midbody
P62152	mitotic spindle
P62152	mitotic spindle pole
P62152	myosin V complex
P62152	myosin VI complex
P62152	nucleoplasm
P62152	rhabdomere
P62152	spindle
Q7JQN4	nucleolus
Q9VFD5	ubiquitin ligase complex
P51521	cytoplasm
P51521	nucleoplasm
P51521	nucleus
Q9VS62	nucleus
O97102	condensed chromosome outer kinetochore
O97102	condensed chromosome, centromeric region
O97102	condensed nuclear chromosome
O97102	midbody
O97102	nucleolus
O97102	nucleus
Q9VH10	None
A0A0B4KHH6	NSL complex
A0A0B4KHH6	nucleus
Q9VH18	nucleus
